tree
version=v4
num_class=1
num_tree_per_iteration=1
label_index=0
max_feature_idx=6
objective=huber
feature_names=Column_0 Column_1 Column_2 Column_3 Column_4 Column_5 Column_6
feature_infos=[-1:1] [-0.99867039918899536:0.99831914901733398] [-13.060325622558594:11.379661560058594] [-8.4580316543579102:8.1539373397827148] [-5.630584716796875:5.7772893905639648] [-1:1] [-17.32050895690918:17.32050895690918]
tree_sizes=3129 3256 3242 3217 3232 3260 3238 3248 3244 3255 3233 3248 3245 3248 3234 3254 3266 3243 3210 3253 3258 3240 3206 3252 3250 3267 3249 3254 3251 3248 3227 3244 3223 3225 3254 3230 3226 3235 3250 3248 3256 3254 3240 3234 3239 3227 3249 3229 3237 3241 3219 3231 3238 3210 3259 3240 3245 3242 3218 3225 3228 3228 3234 3244 3243 3231 3238 3235 3244 3230 3230 3247 3247 3234 3249 3206 3239 3242 3249 3246 3234 3236 3231 3220 3237 3238 3233 3249 3223 3241 3253 3238 3215 3237 3239 3241 3219 3264 3234 3237 3253 3243 3229 3191 3218 3231 3229 3226 3217 3245 3193 3228 3226 3223 3202 3243 3222 3254 3194 3188 3246 3217 3224 3229 3226 3228 3212 3268 3235 3205

Tree=0
num_leaves=31
num_cat=0
split_feature=0 0 0 6 2 6 2 6 2 1 1 4 1 2 6 0 0 1 0 4 1 4 6 1 1 4 1 6 3 2
split_gain=899.121 246.877 215.844 127.365 97.1093 104.584 90.6155 86.7837 70.249 68.735 51.3277 50.7576 46.5582 46.1395 38.7062 36.2061 30.643 29.6348 26.0993 25.4448 25.2763 21.9442 21.3984 29.3384 20.9766 20.9669 20.3968 19.435 21.8778 18.7688
threshold=-0.043848648667335503 0.8545159399509431 -0.65596273541450489 -1.4551919698715208 0.0098310387693345564 2.1546887159347539 -1.0000000180025095e-35 -1.6132263541221616 -0.006997479358687996 -0.84513339400291432 0.60257175564765941 -1.4354330301284788 -0.83402714133262623 0.0070250683929771194 -1.7459506392478941 -0.97483697533607472 0.95028352737426769 0.80255556106567394 -0.95113149285316456 -1.8359346389770506 -0.84513339400291432 1.5109032988548281 -0.89216989278793324 -0.88273614645004261 0.7597898840904237 0.1260294392704964 0.49823884665966039 0.28733664751052862 0.38028183579444891 -0.010075215715914963
decision_type=2 2 2 2 2 2 2 2 2 2 2 2 2 2 2 2 2 2 2 2 2 2 2 2 2 2 2 2 2 2
left_child=2 4 6 12 11 14 7 9 -5 -1 13 -2 -4 -3 -6 -9 -12 29 -11 -14 -17 -18 23 -8 -7 -25 -24 28 -16 -13
right_child=1 10 3 8 5 24 22 15 -10 18 16 17 19 -15 27 20 21 -19 -20 -21 -22 -23 26 25 -26 -27 -28 -29 -30 -31
leaf_value=0.017283803887191519 0.022759816482527648 0.022003223183936625 0.018295993542870769 0.019648351582972991 0.024670239326918385 0.019633743533588707 0.01862013191145373 0.016589645490163736 0.020950747247690641 0.019157097039340543 0.023322663253640047 0.020420429443990869 0.023934606330944116 0.023599614674918289 0.022394889545321754 0.015579322845040388 0.024385671021735011 0.022708857291452264 0.021409531677829934 0.022156357167715152 0.018682411661772178 0.026498461786622574 0.019549065191470871 0.021115356573561353 0.022781540830264655 0.017307962904582724 0.021401236038726672 0.022116557560631626 0.023621943989731341 0.021198185208878773
leaf_weight=16484 52448 84791 6691 161711 22241 38218 15296 26782 287819 16909 55008 100812 26594 97096 85294 6825 47819 27566 53622 82541 170623 16576 134879 95795 6136 3748 16707 154375 63295 336420
leaf_count=16484 52448 84791 6691 161711 22241 38218 15296 26782 287819 16909 55008 100812 26594 97096 85294 6825 47819 27566 53622 82541 170623 16576 134879 95795 6136 3748 16707 154375 63295 336420
internal_value=0.021189 0.0221479 0.0201747 0.0208631 0.0217277 0.0223467 0.0194767 0.0188671 0.0204822 0.0201896 0.0233844 0.0212855 0.0223416 0.0228555 0.0226574 0.0183038 0.0241898 0.0211191 0.0208693 0.0225899 0.0185627 0.0249302 0.0201432 0.0206582 0.0200694 0.0209716 0.0197532 0.0225095 0.0229177 0.0210188
internal_weight=2.31112e+06 1.1881e+06 1.12303e+06 565356 886805 369559 557670 291245 449530 87015 301290 517246 115826 181887 325205 204230 119403 464798 70531 109135 177448 64395 266425 114839 44354 99543 151586 302964 148589 437232
internal_count=2311121 1188095 1123026 565356 886805 369559 557670 291245 449530 87015 301290 517246 115826 181887 325205 204230 119403 464798 70531 109135 177448 64395 266425 114839 44354 99543 151586 302964 148589 437232
is_linear=0
shrinkage=1


Tree=1
num_leaves=31
num_cat=0
split_feature=0 0 0 6 2 2 2 6 5 2 0 6 2 6 5 5 6 2 2 6 6 6 3 3 5 4 2 4 3 5
split_gain=991.809 303.76 189.078 178.3 112.857 102.072 89.6008 78.4199 73.4935 62.7646 52.184 49.1353 42.1499 43.256 42.0308 39.0644 34.3873 33.9238 33.1756 28.7033 26.7271 25.1458 27.284 25.1416 21.0203 20.9922 20.6058 20.5288 19.3201 24.2768
threshold=0.29568283259868627 -0.71215388178825367 0.88967278599739086 -1.4551919698715208 -1.0000000180025095e-35 -0.006997479358687996 1.0000000180025095e-35 1.8432514071464541 0.31041908264160162 0.0098310387693345564 -0.96763408184051503 -1.5696938037872312 0.0070250683929771194 1.4029348492622378 0.99949368834495556 0.99949368834495556 -0.86190342903137196 1.0000000180025095e-35 -0.010075215715914963 -2.0200845003128047 -1.0358511209487913 -1.5696938037872312 -1.0000000180025095e-35 -2.5984275341033931 0.90860098600387584 -1.2905288338661192 -1.0231920480728147 0.21376537531614306 -1.0000000180025095e-35 0.52755621075630199
decision_type=2 2 2 2 2 2 2 2 2 2 2 2 2 2 2 2 2 2 2 2 2 2 2 2 2 2 2 2 2 2
left_child=1 4 6 17 8 20 18 19 10 15 -1 -12 28 -14 -11 -4 27 25 -2 -8 -5 -20 -23 -19 -24 -3 -13 -6 29 -7
right_child=2 3 9 5 16 12 7 -9 -10 14 11 26 13 -15 -16 -17 -18 23 21 -21 -22 22 24 -25 -26 -27 -28 -29 -30 -31
leaf_value=-0.0040996575333732532 -0.0012503913183284773 0.0011044250891441673 0.00098628943463162822 -0.00052089941205347859 -0.00060992763911594237 -0.0012874901113822288 0.0044214560958112199 -0.00051378785736496649 -0.0057883000790390042 0.0027031176837179734 -0.0011421691605052542 -0.0021795336901296535 0.00057950846577919848 -0.0013325087822918975 0.00907934837234722 0.0047415492881225235 -0.0019473875070212421 0.0071722677902708162 0.0018505197760116069 0.0013868201601048027 -0.0020655628470824254 -0.00086228948119052712 0.0001640895736613313 0.0018711203643076446 0.0023175095207918061 -0.00011125049319992054 -0.0034557305748252904 -0.0048613948756562678 -0.0006399774067971871 -0.0052112444375442893
leaf_weight=50329 51735 66877 105921 32456 102007 112996 8045 61104 20484 132436 62658 60018 115357 39770 2628 7401 128987 2421 19659 241067 204530 68496 186428 28258 12056 75698 67072 2911 238049 4076
leaf_count=50329 51735 66877 105921 32456 102007 112996 8045 61104 20484 132436 62658 60018 115357 39770 2628 7401 128987 2421 19659 241067 204530 68496 186428 28258 12056 75698 67072 2911 238049 4076
internal_value=-0.00037391 -0.00119846 0.000926784 -0.000661506 -0.002198 -0.000996585 0.000477529 0.00109129 -0.0029137 0.00209982 -0.0026682 -0.00228832 -0.000598307 8.92692e-05 0.00282785 0.00123194 -0.00140064 0.000783647 -8.51696e-05 0.001485 -0.00185405 0.000125176 -1.93416e-06 0.00229166 0.000294999 0.000459018 -0.00285327 -0.000728339 -0.000898653 -0.00142453
internal_weight=2.31193e+06 1.41495e+06 896976 920488 494466 747234 648590 310216 260561 248386 240077 189748 510248 155127 135064 113322 233905 173254 338374 249112 236986 286639 266980 30679 198484 142575 127090 104918 355121 117072
internal_count=2311930 1414954 896976 920488 494466 747234 648590 310216 260561 248386 240077 189748 510248 155127 135064 113322 233905 173254 338374 249112 236986 286639 266980 30679 198484 142575 127090 104918 355121 117072
is_linear=0
shrinkage=0.05


Tree=2
num_leaves=31
num_cat=0
split_feature=0 0 0 6 2 4 2 2 6 1 1 2 2 1 0 2 0 1 6 2 6 4 6 1 1 4 6 6 1 2
split_gain=1043.35 246.367 211.321 174.844 108.43 100.568 97.8365 73.7362 58.6885 43.4597 41.7975 41.6665 41.4341 38.0453 28.3455 27.9486 26.7936 26.2155 46.6898 53.5026 25.1209 24.4051 23.6177 35.5688 23.7065 22.6476 22.248 21.1611 21.9886 20.3342
threshold=-0.043848648667335503 0.84808483719825756 -0.77744808793067921 -1.590422451496124 -0.006997479358687996 -0.47309811413288111 -1.0000000180025095e-35 -1.0000000180025095e-35 -1.5696938037872312 -0.84513339400291432 -0.80098986625671376 0.0070250683929771194 0.0098310387693345564 0.57970392704010021 0.95028352737426769 0.073000561445951476 -0.97483697533607472 0.80255556106567394 2.1546887159347539 1.0000000180025095e-35 1.3682507872581484 0.88969087600708019 -1.5696938037872312 0.1540784761309624 -0.58283644914627064 -1.6110786795616148 -1.7945935726165769 -2.5572357177734371 -0.59753295779228199 0.0098310387693345564
decision_type=2 2 2 2 2 2 2 2 2 2 2 2 2 2 2 2 2 2 2 2 2 2 2 2 2 2 2 2 2 2
left_child=2 5 6 10 -5 12 8 -7 9 -1 -4 13 22 -3 -13 25 -10 18 19 -9 -21 -19 24 -24 -2 27 -14 28 -12 -6
right_child=1 11 3 4 29 7 -8 17 16 -11 15 14 26 -15 -16 -17 -18 21 -20 20 -22 -23 23 -25 -26 -27 -28 -29 -30 -31
leaf_value=-0.0041691395679816596 -0.00058752354954554184 0.00059808028354549022 -0.0019974453116773211 -0.0021531737180431189 -0.00094802880303111031 -0.001524236320671104 -0.0015170872275766605 -0.00032796883681706409 -0.005073646987537035 -0.0012179361470455782 0.00056143654171906122 0.0018529678999379879 0.0034042847748886381 0.0022687170827077473 0.003156861983521963 0.0032306896076024433 -0.0033133621551067402 -3.3725960718573908e-05 -0.0013617874759429894 0.0011394514011173235 -5.6868481660488117e-05 0.0027702353844285075 -0.00058825962004427183 0.0011559194295359648 0.0021862151847907786 0.00025336374962801536 0.0014853927281883953 0.0011347310798181141 0.006003835370730716 -4.4580819937532919e-05
leaf_weight=16091 10023 85616 12390 221404 279453 79179 193539 231899 26325 55458 2886 95273 18024 56613 74192 13105 122001 14060 54149 144766 62965 17309 66481 52150 33222 68205 93337 25851 5201 80144
leaf_count=16091 10023 85616 12390 221404 279453 79179 193539 231899 26325 55458 2886 95273 18024 56613 74192 13105 122001 14060 54149 144766 62965 17309 66481 52150 33222 68205 93337 25851 5201 80144
internal_value=-0.00034503 0.000686837 -0.0014387 -0.000914575 -0.00128269 0.000257937 -0.00233706 -0.000101976 -0.00305871 -0.00188214 0.000761019 0.00189434 0.00105394 0.00126318 0.00242397 0.00105772 -0.0036261 0.00011249 2.3435e-05 0.000194079 0.000776852 0.00151385 0.0005432 0.000178512 0.00154335 0.00077864 0.00179625 0.0018339 0.0040647 -0.000746683
internal_weight=2.31131e+06 1.18926e+06 1.12205e+06 708639 581001 877564 413414 604327 219875 71549 127638 311694 273237 142229 169465 115248 148326 525148 493779 439630 207731 31369 161876 118631 43245 102143 111361 33938 8087 359597
internal_count=2311311 1189258 1122053 708639 581001 877564 413414 604327 219875 71549 127638 311694 273237 142229 169465 115248 148326 525148 493779 439630 207731 31369 161876 118631 43245 102143 111361 33938 8087 359597
is_linear=0
shrinkage=0.05


Tree=3
num_leaves=31
num_cat=0
split_feature=0 0 6 0 2 6 2 2 6 1 5 2 5 5 5 1 4 1 6 5 1 1 5 0 5 5 4 1 6 1
split_gain=893.866 279.61 160.089 151.23 87.1556 107.337 84.8295 80.9858 62.9072 52.9019 48.6735 48.3684 42.0234 41.247 33.0524 32.443 32.8536 32.1218 30.8688 29.7481 36.8221 28.7821 28.5319 28.1206 27.7051 25.4507 23.9088 36.7936 22.7168 22.3542
threshold=0.25372506678104406 -0.68087446689605702 -1.418711185455322 0.91684702038764965 0.0098310387693345564 2.0826662778854375 -0.006997479358687996 -1.0000000180025095e-35 -1.590422451496124 -0.90971848368644703 0.99949368834495556 0.0098310387693345564 -0.23879428952932355 0.31041908264160162 -0.26085010170936579 -0.79026204347610463 -1.6110786795616148 0.77017816901206981 -2.6435024738311763 0.90860098600387584 0.45511680841445928 -0.38110658526420588 0.25228615105152136 -0.9423038363456725 0.6999318301677705 0.99949368834495556 0.9564720392227174 0.77017816901206981 -0.666490077972412 0.46981067955493933
decision_type=2 2 2 2 2 2 2 2 2 2 2 2 2 2 2 2 2 2 2 2 2 2 2 2 2 2 2 2 2 2
left_child=1 7 15 4 14 12 24 8 9 -1 11 17 -6 23 -2 -3 18 -5 -17 -16 -21 -20 -8 -10 -4 -24 -7 -28 -9 -12
right_child=3 2 6 10 5 26 22 28 13 -11 29 -13 -14 -15 19 16 -18 -19 21 20 -22 -23 25 -25 -26 -27 27 -29 -30 -31
leaf_value=-0.0053451943747557379 0.0010172229998360765 -0.0015015354270052821 -0.0016351196848581496 0.00051988458697740686 0.0027299134285285378 0.00067196481753711292 -0.00026692000677891529 -0.00089393519142315814 -0.0038510716178586217 -0.0010750940138231208 0.0014435484234749962 0.0026473856514300244 0.0012108433516916067 -0.005105714478316958 -0.00028193631387880147 0.0050755803112558949 0.00054084715768256872 0.0027871317486967357 0.00015627362666251264 -0.00076193790465284067 0.0043723808847971673 0.0027774087953450731 -0.0013486687289415635 -0.0024261442388126366 -0.0062861747961705031 0.0013558187385057496 -0.0024549413436951691 0.0017334337393709852 -0.0018445717596775617 0.0071919949960427242
leaf_weight=7990 70997 13594 213267 65973 56265 15142 337942 127923 48525 77836 2280 106989 238651 22650 301202 7425 103979 20462 19275 6334 7766 22929 116962 121276 3242 9390 29099 6388 123586 6605
leaf_count=7990 70997 13594 213267 65973 56265 15142 337942 127923 48525 77836 2280 106989 238651 22650 301202 7425 103979 20462 19275 6334 7766 22929 116962 121276 3242 9390 29099 6388 123586 6605
internal_value=-0.000300775 -0.00111031 -0.000547298 0.000893208 0.000558706 0.00113562 -0.000887753 -0.00201146 -0.00259918 -0.0014732 0.00210316 0.00193673 0.00150074 -0.00310122 4.26427e-05 0.000838917 0.00104613 0.00105688 0.00210443 -0.00017683 0.00206704 0.00158063 -0.000506603 -0.00283356 -0.00170505 -0.00114759 -0.000991109 -0.00170072 -0.00136111 0.00572015
internal_weight=2.31194e+06 1.37779e+06 848005 934153 731844 345545 680803 529786 278277 85826 202309 193424 294916 192451 386299 167202 153608 86435 49629 315302 14100 42204 464294 169801 216509 126352 50629 35487 251509 8885
internal_count=2311944 1377791 848005 934153 731844 345545 680803 529786 278277 85826 202309 193424 294916 192451 386299 167202 153608 86435 49629 315302 14100 42204 464294 169801 216509 126352 50629 35487 251509 8885
is_linear=0
shrinkage=0.05


Tree=4
num_leaves=31
num_cat=0
split_feature=0 0 0 6 5 5 1 6 0 6 1 3 5 1 0 4 0 5 4 1 4 5 4 1 0 1 3 1 6 3
split_gain=894.751 249.835 179.864 134.904 108.818 64.4583 50.2534 49.3961 48.2873 31.3138 30.3068 32.4194 28.7021 27.6312 27.2142 25.6013 24.3194 22.3145 26.8173 22.6763 20.6462 19.1653 18.4973 32.367 16.917 17.197 16.5445 15.4301 23.5406 15.6546
threshold=-0.055175907909870141 0.84808483719825756 -0.75692451000213612 -1.418711185455322 -0.29827889800071711 0.90860098600387584 -0.89558774232864369 -0.89216989278793324 0.55738458037376415 2.0826662778854375 -0.79026204347610463 -3.3704706430435176 -0.09552684053778647 0.43397301435470587 -0.5964512526988982 -1.5312801003456114 0.97787255048751842 0.99949368834495556 0.65490955114364635 0.46981067955493933 -0.013334773015230892 -1.0000000180025095e-35 1.4371486306190493 0.72110730409622203 -0.91790670156478871 -0.84513339400291432 0.28498940169811254 -0.62028396129608143 -2.1245191097259517 0.69182124733924877
decision_type=2 2 2 2 2 2 2 2 2 2 2 2 2 2 2 2 2 2 2 2 2 2 2 2 2 2 2 2 2 2
left_child=2 4 6 10 27 15 -1 20 9 26 -4 -12 -9 -7 -5 -3 21 18 -10 -19 24 -17 -11 -24 -8 -26 -6 -2 -29 -30
right_child=1 5 3 14 8 13 7 12 17 22 11 -13 -14 -15 -16 16 -18 19 -20 -21 -22 -23 23 -25 25 -27 -28 28 29 -31
leaf_value=-0.0040536673587611817 1.593913807043751e-05 0.0037397658341555315 -0.0017244368024339233 -0.0018479156162123569 -0.00053122023962774104 0.001288903532594072 -0.0017898713741211734 -0.0035240583753989273 0.00076447958090574059 -0.00072844954777885607 0.0043509811904527346 0.00053192665650350374 -0.0021922605222565771 0.0064001569222929449 -0.0010242960999442652 0.0019875977583147251 0.0023797511973580733 -0.00028401301539494422 -0.00021138637066983078 0.0057051248894125885 -0.0032836466177440823 0.0009734839538112467 -0.0037661847077838533 0.0019013814830831398 -0.003478844530732929 -0.00062861926302697278 0.00011739176968040605 0.0033908691555175753 0.0011192739820486922 0.0028487911253320072
leaf_weight=32428 16911 14075 14293 135256 242584 3535 81906 53662 168650 21701 5796 129695 164869 10552 388274 68208 67982 2638 120834 3929 13681 147094 15890 2987 5627 86718 165306 16399 94246 15191
leaf_count=32428 16911 14075 14293 135256 242584 3535 81906 53662 168650 21701 5796 129695 164869 10552 388274 68208 67982 2638 120834 3929 13681 147094 15890 2987 5627 86718 165306 16399 94246 15191
internal_value=-0.000350545 0.000597138 -0.00137193 -0.000858557 0.000169465 0.00181547 -0.00215948 -0.00200827 -7.3e-05 -0.000400161 0.000464576 0.000695606 -0.00251944 0.00511936 -0.00123711 0.00165879 0.00155527 0.000422591 0.000357149 0.00330248 -0.00141376 0.00129483 -0.00172463 -0.00286885 -0.00126677 -0.000802654 -0.00026836 0.001434 0.00162455 0.00135959
internal_weight=2.31092e+06 1.19871e+06 1.1122e+06 673314 887266 311446 438891 406463 744519 448468 149784 135491 218531 14087 523530 297359 283284 296051 289484 6567 187932 215302 40578 18877 174251 92345 407890 142747 125836 109437
internal_count=2310917 1198712 1112205 673314 887266 311446 438891 406463 744519 448468 149784 135491 218531 14087 523530 297359 283284 296051 289484 6567 187932 215302 40578 18877 174251 92345 407890 142747 125836 109437
is_linear=0
shrinkage=0.05


Tree=5
num_leaves=31
num_cat=0
split_feature=0 0 0 6 2 6 2 4 2 6 1 2 2 1 6 1 0 2 4 6 1 6 1 2 3 1 3 6 1 4
split_gain=848.707 258.459 183.115 131.51 125.157 85.0478 81.6715 70.3373 69.3929 55.1672 65.8267 52.5731 43.8974 32.4929 31.9499 30.6945 29.9781 29.4819 29.1787 28.0958 24.2004 22.0044 21.2297 20.4793 19.4888 20.023 23.5431 18.5028 18.2967 18.2877
threshold=-0.17347423732280728 0.83528757095336925 -0.75692451000213612 -1.4018359184265134 0.0098310387693345564 1.3682507872581484 -1.0000000180025095e-35 -1.5550752878189085 0.0070250683929771194 -1.5491251945495603 -0.84513339400291432 -0.006997479358687996 -0.010075215715914963 -0.80098986625671376 -3.2605099678039546 0.44786845147609716 0.97436577081680309 -0.6788380742073058 1.091268837451935 -2.0849897861480708 0.29163451492786413 -1.2316629886627195 0.50558954477310192 0.0070250683929771194 -2.4137772321701045 -0.53845176100730885 -1.0830898284912107 -0.98847517371177662 -0.56851094961166371 -0.40865598618984217
decision_type=2 2 2 2 2 2 2 2 2 2 2 2 2 2 2 2 2 2 2 2 2 2 2 2 2 2 2 2 2 2
left_child=2 4 6 13 7 19 9 -2 15 10 -1 24 18 -4 -15 -3 21 28 -9 -6 27 -10 23 -13 -5 26 -26 -14 -11 -22
right_child=1 8 3 11 5 -7 -8 12 16 17 -12 22 20 14 -16 -17 -18 -19 -20 -21 29 -23 -24 -25 25 -27 -28 -29 -30 -31
leaf_value=-0.0044915763976662547 0.0014399656416925503 0.00027614652813459081 -0.0018639257674645288 0.0015271844469354312 0.0037314194624834987 -0.0003058120526862843 -0.0014092191683930475 -0.00085759104396458674 0.0043465001063582795 -0.0038415283119607535 -0.00092017032178092059 -0.0011736654243027034 0.0002597037225212515 0.0046155766628322133 0.00066618552246163398 0.0017045713520834464 0.0035784758917481369 -0.0042384132379621325 -0.002616164548511601 0.001230284772893107 0.0013112818885690509 0.0018924515057927777 0.0004182303197394933 -3.913566037688858e-05 -0.0015267446087928187 -0.0017797178473482702 -0.0053903432990306177 -0.00077625570991224726 -0.002365889163141701 -1.1058017491202193e-05
leaf_weight=16376 52619 76224 12217 4109 11733 110896 206465 101924 9847 29897 60724 180856 56228 5347 116435 74235 43572 55606 30688 257577 32728 125941 33733 50991 7215 153665 8713 184558 70984 129859
leaf_count=16376 52619 76224 12217 4109 11733 110896 206465 101924 9847 29897 60724 180856 56228 5347 116435 74235 43572 55606 30688 257577 32728 125941 33733 50991 7215 153665 8713 184558 70984 129859
internal_value=-0.00028222 0.000564016 -0.0013667 -0.000777805 0.000152441 0.00085953 -0.00213386 -0.000304306 0.00177293 -0.00277427 -0.00167922 -0.00119606 -0.000475569 0.000593314 0.000839954 0.000980984 0.00243718 -0.00331365 -0.00126471 0.00133939 -0.000216108 0.00207072 -0.000753642 -0.000924156 -0.0018724 -0.00195485 -0.00364228 -0.000534339 -0.00280355 0.000255187
internal_weight=2.31196e+06 1.29863e+06 1.01333e+06 573281 968810 380206 440052 588604 329819 233587 77100 439282 535985 133999 121782 150459 179360 156487 132612 269310 403373 135788 265580 231847 173702 169593 15928 240786 100881 162587
internal_count=2311962 1298629 1013333 573281 968810 380206 440052 588604 329819 233587 77100 439282 535985 133999 121782 150459 179360 156487 132612 269310 403373 135788 265580 231847 173702 169593 15928 240786 100881 162587
is_linear=0
shrinkage=0.05


Tree=6
num_leaves=31
num_cat=0
split_feature=0 0 6 0 2 2 2 6 5 6 2 5 2 6 2 3 2 5 5 5 6 4 3 0 2 2 0 6 2 5
split_gain=841.218 238.301 217.044 149.037 97.8565 89.3253 87.5575 71.2023 61.3741 51.98 47.2684 41.5644 39.266 30.5674 29.2856 29.4809 28.3125 28.3012 26.3537 25.3759 22.2715 24.6756 20.5353 19.8617 19.7023 18.6707 18.1307 17.9677 18.8585 17.5927
threshold=0.22191489487886432 -0.74989807605743397 -1.4372394680976865 0.88967278599739086 -0.006997479358687996 -1.0000000180025095e-35 1.0000000180025095e-35 0.84141877293586742 0.99949368834495556 -1.5696938037872312 0.0070250683929771194 0.34926532208919531 1.0000000180025095e-35 -1.4733486771583555 -0.010075215715914963 -1.0000000180025095e-35 -0.19738089293241498 -0.34132121503353113 0.90860098600387584 0.56190520524978649 2.2368354797363286 1.4371486306190493 -2.263400554656982 -0.9940187633037566 1.038627088069916 0.11278202757239343 -0.92305767536163319 -0.89216989278793324 1.0000000180025095e-35 0.40655282139778143
decision_type=2 2 2 2 2 2 2 2 2 2 2 2 2 2 2 2 2 2 2 2 2 2 2 2 2 2 2 2 2 2
left_child=1 5 12 6 11 9 13 17 10 23 -5 -4 -3 -2 -15 -16 19 -8 20 26 -9 -22 -14 -1 -12 -24 -11 -7 -29 -6
right_child=3 2 4 8 29 27 7 18 -10 16 24 -13 22 14 15 -17 -18 -19 -20 -21 21 -23 25 -25 -26 -27 -28 28 -30 -31
leaf_value=-0.0046819740302323151 0.0013096909488253207 0.0005856543960102294 -0.0015609737455717443 0.00093254889974025014 -0.00048962507626188585 -0.0007872801396144268 0.0030300784872169199 0.00050433829717438656 0.0057037847876908361 -0.0035686037951805256 0.0030083705734065182 -0.0033398741436418151 0.0061648570479185599 -0.001286568986284104 -0.00087270101884447159 0.00028596787236728744 -0.0051205740394747465 0.0014145751996557908 0.0052192069121119612 -0.0074481573617443207 0.00027881433431326989 -0.002306957832065902 0.0054676604706329684 -0.0014314200072231159 0.0017833964985483502 0.0015530142134503192 -0.0024132409701778717 -0.0018587904968019799 0.0011131124885431461 -0.0013421586883786191
leaf_weight=5022 36732 151879 202149 105706 408855 94040 32951 108413 10074 58259 61228 39210 3525 53143 73683 215249 17595 153063 2592 3122 19987 17124 3529 71677 70908 21999 81731 111128 5601 71022
leaf_count=5022 36732 151879 202149 105706 408855 94040 32951 108413 10074 58259 61228 39210 3525 53143 73683 215249 17595 153063 2592 3122 19987 17124 3529 71677 70908 21999 81731 111128 5601 71022
internal_value=-0.000303967 -0.00110862 -0.000640454 0.000826864 -0.00102889 -0.002051 0.00045964 0.00104961 0.00188284 -0.00271611 0.00172076 -0.00185009 0.000907902 -6.07658e-05 -0.000207959 -9.53409e-06 -0.00322726 0.0017009 0.000231629 -0.00299414 0.00014244 -0.00091463 0.00259172 -0.00164484 0.0023512 0.00209611 -0.00289428 -0.00130174 -0.00171611 -0.000615826
internal_weight=2.3112e+06 1.35034e+06 902168 960853 721236 448175 712937 334130 247916 237406 237842 241359 180932 378807 342075 288932 160707 186014 148116 143112 145524 37111 29053 76699 132136 25528 139990 210769 116729 479877
internal_count=2311196 1350343 902168 960853 721236 448175 712937 334130 247916 237406 237842 241359 180932 378807 342075 288932 160707 186014 148116 143112 145524 37111 29053 76699 132136 25528 139990 210769 116729 479877
is_linear=0
shrinkage=0.05


Tree=7
num_leaves=31
num_cat=0
split_feature=0 2 2 0 6 6 1 0 6 6 0 1 2 5 5 5 1 0 5 3 5 2 1 5 1 3 2 1 2 6
split_gain=835.591 235.949 182.022 113.544 112.303 95.3942 90.1978 73.2281 72.1212 71.1268 47.456 44.9922 37.9529 37.6037 37.4333 36.3878 34.5403 31.9243 31.8952 29.2601 28.1278 27.9669 27.1559 25.3246 34.1988 24.5216 23.1907 22.7491 20.4439 18.102
threshold=-0.13065486401319501 0.0098310387693345564 -1.0000000180025095e-35 0.88416418433189403 -1.590422451496124 1.5933619141578677 -0.83402714133262623 0.7820098102092744 -1.4551919698715208 -1.418711185455322 -0.64779317378997792 -0.80098986625671376 -1.0000000180025095e-35 0.99949368834495556 0.42061603069305425 -0.34132121503353113 0.51947009563446056 -0.83237543702125538 0.32643555104732519 -3.3704706430435176 0.99949368834495556 1.0000000180025095e-35 0.36226737499237066 0.45087140798568731 0.7597898840904237 -1.0000000180025095e-35 0.0070250683929771194 -0.90971848368644703 -1.3468517065048216 -1.7459506392478941
decision_type=2 2 2 2 2 2 2 2 2 2 2 2 2 2 2 2 2 2 2 2 2 2 2 2 2 2 2 2 2 2
left_child=2 7 4 5 6 15 -1 8 -2 11 18 29 14 -9 -10 -3 21 -8 28 -19 -5 27 -15 -7 -25 -14 -13 -11 -6 -4
right_child=1 3 9 20 10 23 17 13 12 16 -12 26 25 22 -16 -17 -18 19 -20 -21 -22 -23 -24 24 -26 -27 -28 -29 -30 -31
leaf_value=-0.0039689107849617319 0.0011893847094993375 0.0026669713845384685 -0.0023923235505243692 0.0024681823968986921 -0.0020755610048507241 0.00020070714911851135 -0.0013628638821745996 0.00063675903824007808 -0.0010042183943427235 -0.0037751661497913767 -0.0018496697836955377 0.0004791712333714563 -0.00098227187579055667 -0.00036115063455073837 -0.0036654620754317429 0.0011232864093933153 0.00023764668550539441 0.0040199051841566689 -0.0047928126739515504 7.7692888923032921e-05 0.0076659386108991409 -0.00024388809539239799 0.0053489978786609056 -0.002038166296960465 0.0022603135181658309 -4.8135562459388952e-05 0.0025342593935532755 -0.0013044653920981201 -0.0031869570726644546 0.00051590375589399015
leaf_weight=19518 66814 44579 17899 136365 63536 60601 43330 174707 97937 9591 149987 77772 97564 2894 15268 265740 47583 5057 22590 66238 2646 65327 7401 33156 5369 250913 16662 318245 119124 7626
leaf_count=19518 66814 44579 17899 136365 63536 60601 43330 174707 97937 9591 149987 77772 97564 2894 15268 265740 47583 5057 22590 66238 2646 65327 7401 33156 5369 250913 16662 318245 119124 7626
internal_value=-0.000313849 0.00055323 -0.00135587 0.00133302 -0.0020605 0.000913791 -0.000827828 -4.61928e-05 -0.000345889 -0.000740849 -0.00252594 0.000338566 -0.000568092 0.000809922 -0.00136343 0.00134512 -0.00103464 -0.000292674 -0.00302 0.000357841 0.00256766 -0.00118862 0.00374504 -0.000436517 -0.00143868 -0.000309689 0.000842002 -0.00137686 -0.00280051 -0.00152358
internal_weight=2.31204e+06 1.26195e+06 1.05008e+06 548456 489380 409445 134143 713498 528496 560705 355237 119959 461682 185002 113205 310319 440746 114625 205250 71295 139011 393163 10295 99126 38525 348477 94434 327836 182660 25525
internal_count=2312039 1261954 1050085 548456 489380 409445 134143 713498 528496 560705 355237 119959 461682 185002 113205 310319 440746 114625 205250 71295 139011 393163 10295 99126 38525 348477 94434 327836 182660 25525
is_linear=0
shrinkage=0.05


Tree=8
num_leaves=31
num_cat=0
split_feature=0 0 2 6 1 4 6 2 0 1 2 6 2 0 1 1 3 4 0 2 1 2 3 6 6 1 6 1 6 1
split_gain=729.257 179.872 174.721 149.285 99.6902 75.9999 65.4812 64.2994 55.2881 47.4366 47.3449 38.4189 40.8139 38.3783 33.7231 33.6572 32.3229 30.2406 28.0174 27.8697 26.6887 24.8194 30.545 19.99 19.4121 17.6552 18.7149 15.961 15.31 15.3041
threshold=-0.043848648667335503 0.80235829949378978 -1.0000000180025095e-35 -1.590422451496124 -0.82284089922904957 -0.93548238277435292 -1.4018359184265134 0.0098310387693345564 -0.78457430005073536 -0.80098986625671376 -1.0000000180025095e-35 2.2368354797363286 0.0098310387693345564 -0.95113149285316456 -0.049145959317684167 0.80255556106567394 -2.7096844911575313 1.3951472043991091 0.97436577081680309 0.13873183727264407 0.49134862422943121 0.013767087832093241 -2.263400554656982 -1.9255799651145933 -1.590422451496124 -0.62815052270889271 -2.2092655897140498 0.66773575544357311 1.9853636026382449 -0.85749730467796315
decision_type=2 2 2 2 2 2 2 2 2 2 2 2 2 2 2 2 2 2 2 2 2 2 2 2 2 2 2 2 2 2
left_child=2 5 3 4 -1 25 9 20 29 23 24 12 27 -6 19 17 -15 -13 -9 -8 -3 -11 -23 -4 -7 -2 -27 -12 -26 -5
right_child=1 7 6 8 13 10 14 18 -10 21 11 15 -14 16 -16 -17 -18 -19 -20 -21 -22 22 -24 -25 28 26 -28 -29 -30 -31
leaf_value=-0.0036647142589159168 -0.00056100684520184391 0.00016532018358034179 -0.002796398596849404 -0.0051303810480021264 -0.0021942098600125008 0.0015815015949084304 -0.0015069008490503312 0.0017349525109497704 -0.0019539920941559234 0.00043619455387394898 -0.00038301409587896117 -0.00049035704021290849 0.00066567519661735978 0.0026291902089305192 -0.00046086371524075957 0.0020171758322345408 5.7085213916026399e-05 -0.0031723334709224658 0.0031651227838089637 -4.193794082728331e-05 0.0014161655884178052 0.0079026190186877662 0.0017010233830524559 -3.7964810961516342e-05 -0.0011307672490668962 0.0031560100694082121 0.0010920828633221203 0.0006937212567449324 -0.0032597083251697887 -0.003064254528329952
leaf_weight=21274 14601 94639 14655 9607 16283 5964 236082 159531 226785 84072 240647 21295 233407 14225 208023 6627 86054 20752 43627 37642 77614 2238 17107 11896 76287 11968 132820 40152 9491 137085
leaf_count=21274 14601 94639 14655 9607 16283 5964 236082 159531 226785 84072 240647 21295 233407 14225 208023 6627 86054 20752 43627 37642 77614 2238 17107 11896 76287 11968 132820 40152 9491 137085
internal_value=-0.000328491 0.00053429 -0.00124228 -0.00192442 -0.000518046 0.000116721 -0.000672074 0.00143969 -0.00244343 0.000323873 -0.000121677 4.99975e-05 0.000177097 5.65251e-05 -0.000940767 -0.00129248 0.000422175 -0.00181447 0.00204221 -0.00130545 0.000728977 0.00080789 0.00242219 -0.00156098 -0.00117487 0.00109579 0.00126289 -0.00022903 -0.00136668 -0.00319991
internal_weight=2.31245e+06 1.18942e+06 1.12303e+06 511313 137836 814011 611715 375411 373477 129968 654622 562880 514206 116562 481747 48674 100279 42047 203158 273724 172253 103417 19345 26551 91742 159389 144788 280799 85778 146692
internal_count=2312450 1189422 1123028 511313 137836 814011 611715 375411 373477 129968 654622 562880 514206 116562 481747 48674 100279 42047 203158 273724 172253 103417 19345 26551 91742 159389 144788 280799 85778 146692
is_linear=0
shrinkage=0.05


Tree=9
num_leaves=31
num_cat=0
split_feature=0 0 2 2 0 4 5 2 2 5 4 3 5 5 5 5 1 0 1 1 2 4 5 5 2 1 2 0 4 1
split_gain=781.627 209.332 146.114 91.0238 85.8519 78.9971 68.3991 64.3846 54.341 49.0616 47.557 37.936 35.1217 33.5424 32.9919 32.5922 30.251 29.3734 28.5632 27.6575 27.094 26.8151 26.6317 24.7415 23.7007 21.1912 20.4948 20.1499 19.9625 19.9002
threshold=-0.10950375348329543 0.79558083415031444 -0.006997479358687996 0.0098310387693345564 -0.83237543702125538 -1.5550752878189085 -0.17015884071588513 0.0070250683929771194 1.0000000180025095e-35 0.99949368834495556 -1.2694863080978391 -0.71413010358810414 0.34926532208919531 -0.99973702430725087 -0.3583796620368957 0.90860098600387584 -0.88273614645004261 0.97065550088882457 0.45511680841445928 -0.81215393543243397 -0.006997479358687996 0.90538552403450023 0.23012010008096698 0.41383391618728643 -0.73857641220092762 -0.48258753120899195 0.37988880276679998 -0.67216679453849781 0.40721711516380316 0.30421455204486852
decision_type=2 2 2 2 2 2 2 2 2 2 2 2 2 2 2 2 2 2 2 2 2 2 2 2 2 2 2 2 2 2
left_child=2 3 4 10 12 19 -5 15 16 17 -2 21 13 -1 -10 -3 -4 26 -17 -6 23 -7 -8 -12 -15 -24 -9 -13 -18 -30
right_child=1 7 8 6 5 11 22 9 14 -11 20 27 -14 24 -16 18 28 -19 -20 -21 -22 -23 25 -25 -26 -27 -28 -29 29 -31
leaf_value=-0.0088364150549649547 0.00090242198879158034 0.00062036041252618978 -0.0025750956578513805 0.0019743217487115097 -0.004945836409583417 -0.00067846119391767044 0.00076130837998327015 0.0029301475659777951 0.0026259093099860564 0.0082851438394702329 -0.00087605280383860331 -0.0030968103241494306 -0.0056893220408800764 -0.0021345592226774137 -4.508164196798805e-05 -0.00017204111587595076 -0.00066787344420487843 0.0030968078167610781 0.0051006588583721573 0.00087297521650256437 -0.00027492401654362873 -0.0029052248134130328 0.0044909026901519232 -0.0030409560003622073 -0.0033880914562533955 -0.00038383603541170626 0.0014186917528943551 -0.0018729259472034015 -0.0017741704993243996 -0.00040264862431469361
leaf_weight=2146 70098 163148 27911 84607 2142 89852 149694 27104 13561 3153 96778 47500 9973 111887 78064 3832 323629 47634 7776 40028 339971 15907 2269 15275 56958 102542 130179 115497 96030 36509
leaf_count=2146 70098 163148 27911 84607 2142 89852 149694 27104 13561 3153 96778 47500 9973 111887 78064 3832 323629 47634 7776 40028 339971 15907 2269 15275 56958 102542 130179 115497 96030 36509
internal_value=-0.000314281 0.000537426 -0.00130676 0.000104999 -0.00193958 -0.00143556 0.000742811 0.00151022 -0.000766054 0.00210446 -0.00030926 -0.00175125 -0.00280544 -0.00263691 0.000350483 0.000802613 -0.000977392 0.00200896 0.0033614 0.00057631 -0.000497178 -0.00101363 0.00033335 -0.00117142 -0.0025576 -0.000277887 0.00167933 -0.00222975 -0.000879581 -0.00139643
internal_weight=2.31165e+06 1.24406e+06 1.06759e+06 861234 491890 310926 339112 382826 575704 208070 522122 268756 180964 170991 91625 174756 484079 204917 11608 42170 452024 105759 254505 112053 168845 104811 157283 162997 456168 132539
internal_count=2311654 1244060 1067594 861234 491890 310926 339112 382826 575704 208070 522122 268756 180964 170991 91625 174756 484079 204917 11608 42170 452024 105759 254505 112053 168845 104811 157283 162997 456168 132539
is_linear=0
shrinkage=0.05


Tree=10
num_leaves=31
num_cat=0
split_feature=2 2 6 5 1 1 5 5 6 1 6 1 5 1 4 3 5 4 4 4 3 1 4 6 1 3 1 5 4 2
split_gain=740.246 297.209 141.49 111.362 101.166 91.387 71.4921 70.9193 56.5751 48.3511 55.2958 44.2841 42.0324 44.2729 38.5984 32.9623 36.3983 26.8124 25.4423 22.1705 21.5042 19.7431 18.3506 17.1942 25.556 16.4393 17.5958 16.0729 15.1048 14.2398
threshold=0.0070250683929771194 -1.0000000180025095e-35 -1.590422451496124 -0.33028003573417658 -0.84513339400291432 0.49134862422943121 0.99949368834495556 0.99949368834495556 -1.4018359184265134 0.82561737298965465 2.1546887159347539 -0.80098986625671376 0.5894879698753358 -0.70304909348487843 -1.3108165264129636 -1.0000000180025095e-35 0.5894879698753358 -1.100718021392822 1.4371486306190493 -1.3316814899444578 -0.23616164922714231 0.71194866299629223 2.2851089239120488 -2.8608354330062862 -0.40662343800067896 -2.0242893695831294 -0.88273614645004261 0.29020445048809057 1.2452188134193423 2.6740293502807622
decision_type=2 2 2 2 2 2 2 2 2 2 2 2 2 2 2 2 2 2 2 2 2 2 2 2 2 2 2 2 2 2
left_child=1 2 4 17 -1 8 14 9 11 10 -5 25 13 -4 -7 16 20 -2 -12 23 -10 29 -17 -6 -25 26 -3 -15 -29 -20
right_child=3 5 12 7 19 6 -8 -9 15 -11 18 -13 -14 27 -16 22 -18 -19 21 -21 -22 -23 -24 24 -26 -27 -28 28 -30 -31
leaf_value=-0.0039521598805926676 0.0027100363953144243 -0.0048334652310094619 -0.0037153117737196784 0.00092403684803318343 0.0025321081440770185 0.0028626496133461301 0.0039729497833730781 0.0070657902934623765 -0.00091280534112554766 0.0027037026979146658 0.00023864236084600394 0.0006898585032064869 -0.0047835158211462399 -0.0017814849178423475 0.00013408918012119993 -0.00045243657835305286 -0.0050076763259288542 0.0061776676039637518 -0.0030361577593646253 -0.00052692678143086787 -0.0020808419171971407 0.0011047000556454649 -0.0021796854250287069 -0.00069457420156354525 0.0015466912285202127 -0.00061689015665171236 -0.00060403900835162951 -0.0038884766681548766 -0.0021895841262768129 -3.9324287591056097e-05
leaf_weight=17863 64044 5936 37289 467448 11066 13863 14237 4618 192470 33134 35940 123628 14645 355502 197204 394502 6271 6105 18099 76034 49554 4922 15992 27056 23985 20235 4199 17363 53368 5075
leaf_count=17863 64044 5936 37289 467448 11066 13863 14237 4618 192470 33134 35940 123628 14645 355502 197204 394502 6271 6105 18099 76034 49554 4922 15992 27056 23985 20235 4199 17363 53368 5075
internal_value=-0.00031393 -0.000867186 -0.00172001 0.00113306 -0.000412447 -0.000346184 0.000544841 0.000901379 -0.000593179 0.000850836 0.000735275 0.000269607 -0.00214659 -0.00206317 0.00031343 -0.000794864 -0.00124961 0.00301266 -0.000642572 4.55264e-05 -0.00115203 -0.00176949 -0.000519778 0.00074632 0.00035873 -0.00144079 -0.00308351 -0.00191855 -0.00260712 -0.00238016
internal_weight=2.31165e+06 1.67226e+06 634171 639385 156004 1.03809e+06 225304 569236 812787 564618 531484 153998 478167 463522 211067 658789 248295 70149 64036 138141 242024 28096 410494 62107 51041 30370 10135 426233 70731 23174
internal_count=2311647 1672262 634171 639385 156004 1038091 225304 569236 812787 564618 531484 153998 478167 463522 211067 658789 248295 70149 64036 138141 242024 28096 410494 62107 51041 30370 10135 426233 70731 23174
is_linear=0
shrinkage=0.05


Tree=11
num_leaves=31
num_cat=0
split_feature=0 0 0 6 5 6 1 1 1 5 5 1 1 6 6 3 5 5 6 4 3 5 5 1 3 5 3 6 5 0
split_gain=792.039 186.028 164.025 139.417 107.799 60.8734 50.3617 35.5749 34.0933 34.0083 39.6258 44.0167 31.5145 29.2868 27.3066 26.8518 26.0755 24.4674 24.1687 22.8443 22.5732 25.8755 22.8103 22.0885 21.8394 35.8677 21.3283 19.9696 20.6398 18.8481
threshold=-0.055175907909870141 0.79558083415031444 -0.68087446689605702 -1.4018359184265134 -0.1738360524177551 -1.5287523269653318 -0.83402714133262623 0.83672112226486217 -0.79026204347610463 0.99949368834495556 0.31041908264160162 0.7597898840904237 0.48417353630065924 2.1946814060211186 -1.7696512341499326 0.015280820429325105 0.90860098600387584 -0.25647448003292078 -2.5572357177734371 1.4173703193664553 -1.0000000180025095e-35 0.1565646901726723 0.028146868571639064 -0.69389611482620228 -1.0000000180025095e-35 0.31549416482448583 -0.47073110938072199 0.37972272932529455 0.99949368834495556 0.62759569287300121
decision_type=2 2 2 2 2 2 2 2 2 2 2 2 2 2 2 2 2 2 2 2 2 2 2 2 2 2 2 2 2 2
left_child=2 4 5 8 14 6 -1 17 -4 10 29 13 -11 -12 -2 -16 -9 -3 23 -15 21 22 -5 -10 25 26 -7 -22 -29 -6
right_child=1 7 3 20 9 24 -8 16 18 12 11 -13 -14 19 15 -17 -18 -19 -20 -21 27 -23 -24 -25 -26 -27 -28 28 -30 -31
leaf_value=-0.0027636891721014955 0.0021318766748301002 0.002396066797945887 -0.0018763931382297983 -0.0015399099874113624 -0.000176665242321283 -0.0020275320339667997 -0.00052783080999946037 0.0023089882651661526 -0.0019501557827692152 -1.363017652516399e-05 -0.00078214787680827872 0.0015074410086218812 0.0049932079490530691 -0.00077388915339414812 0.00026806973099974816 0.0015553469109691391 0.005908845694643566 0.0011269150702952679 0.00070442954724895125 -0.0034176335100109347 -0.00033395001620138351 -0.0024199331009243413 -8.6880491601225448e-05 0.0033738506408783845 -0.001831643152138408 -0.0046902218730823838 -0.0031783191322298622 -0.0013354755761616672 0.0017220680350883166 0.00060957962818897844
leaf_weight=32533 49866 43759 11226 99609 310145 131240 111431 46671 2221 6589 121895 17326 5999 13088 98282 68914 5635 287466 99990 21772 121046 56281 37059 15520 178184 18460 58159 134711 5747 101051
leaf_count=32533 49866 43759 11226 99609 310145 131240 111431 46671 2221 6589 121895 17326 5999 13088 98282 68914 5635 287466 99990 21772 121046 56281 37059 15520 178184 18460 58159 134711 5747 101051
internal_value=-0.000313966 0.00057806 -0.00127412 -0.000695673 0.0001507 -0.00191083 -0.00103325 0.00148609 0.00075527 -0.000195808 -0.00025113 -0.000883412 0.00237452 -0.00114775 0.00110507 0.000798714 0.00269786 0.00129465 0.00100634 -0.00242556 -0.00110741 -0.00151766 -0.00114594 0.00270661 -0.00223806 -0.00258635 -0.00238105 -0.000804658 -0.00121026 1.65638e-05
internal_weight=2.31188e+06 1.19846e+06 1.11342e+06 583410 814927 530007 143964 383531 128957 597865 585277 174081 12588 156755 217062 167196 52306 331225 117731 34860 454453 192949 136668 17741 386043 207859 189399 261504 140458 411196
internal_count=2311875 1198458 1113417 583410 814927 530007 143964 383531 128957 597865 585277 174081 12588 156755 217062 167196 52306 331225 117731 34860 454453 192949 136668 17741 386043 207859 189399 261504 140458 411196
is_linear=0
shrinkage=0.05


Tree=12
num_leaves=31
num_cat=0
split_feature=0 0 2 6 2 0 2 6 6 1 1 5 5 5 5 6 1 5 5 5 2 5 0 2 1 1 0 2 2 1
split_gain=753.998 217.387 164.721 142.087 88.4147 79.0812 78.7899 61.6614 57.7295 48.1821 45.5868 35.315 35.0246 32.4561 28.6333 28.2859 27.5949 26.7699 25.8264 30.133 27.2378 23.2149 22.9748 21.8233 20.4399 20.3735 20.2212 20.0008 17.7519 16.97
threshold=0.24309432506561282 -0.64779317378997792 0.0070250683929771194 -1.5491251945495603 -0.01383773237466812 0.91684702038764965 -0.010075215715914963 -1.5696938037872312 2.1546887159347539 0.69340446591377269 -0.84513339400291432 0.90860098600387584 0.65743646025657665 0.34926532208919531 -0.042463131248950951 -1.4372394680976865 -0.74046763777732838 0.99949368834495556 0.32090754806995397 0.99949368834495556 1.0000000180025095e-35 -0.34132121503353113 0.99418807029724132 -0.3955670297145843 -0.88273614645004261 0.17247149348258975 0.98138207197189342 -0.046624336391687386 -0.060178695246577256 0.46981067955493933
decision_type=2 2 2 2 2 2 2 2 2 2 2 2 2 2 2 2 2 2 2 2 2 2 2 2 2 2 2 2 2 2
left_child=1 4 9 16 7 8 12 10 21 14 -1 22 28 24 29 -6 -3 26 20 -20 -8 -4 -11 -16 -9 -17 -7 -26 -5 -2
right_child=2 3 5 6 15 17 18 13 -10 11 -12 -13 -14 -15 23 25 -18 -19 19 -21 -22 -23 -24 -25 27 -27 -28 -29 -30 -31
leaf_value=-0.0036275481671902664 0.000256051862151091 -0.00095173228286610516 0.0026209310329824119 -0.0013780820573033343 -0.00020972097744323395 0.0020988096859991803 -0.00051023624620332721 -0.0053090192173009315 -0.00050639746224621603 0.00066842078944569856 -0.0007612846151003722 0.0042480153522257719 -0.0060007797318355864 -0.0048020030676598595 -0.002044988231850248 -0.0016681067881488113 0.0012837223191543819 0.0079044900778519386 -0.0014393003122900787 0.0016113396533958013 0.00042382433807582092 0.0012295578752192994 0.0040033255702280821 -0.00026456889291314654 -0.0024566933833780041 -0.00049103644561595855 0.0035884939509469929 -0.0058092312046556585 -0.0034638926850571843 0.0017551449849121895
leaf_weight=17035 135708 15662 33720 194519 65153 74898 253992 6957 46570 73249 74575 8764 4382 19450 18675 162701 116019 2381 85483 8933 112659 270381 5547 218303 169166 47506 32786 4565 10761 21920
leaf_count=17035 135708 15662 33720 194519 65153 74898 253992 6957 46570 73249 74575 8764 4382 19450 18675 162701 116019 2381 85483 8933 112659 270381 5547 218303 169166 47506 32786 4565 10761 21920
internal_value=-0.000264229 -0.00101338 0.000823874 -0.000483783 -0.00176269 0.00149992 -0.00077859 -0.00236922 0.00113287 0.000177857 -0.00129461 0.00123885 -0.00158219 -0.00286101 -5.75959e-05 -0.00112001 0.00101779 0.00266914 -0.000413139 -0.00115053 -0.000223228 0.00138392 0.000903666 -0.000404955 -0.00265182 -0.00140213 0.00255266 -0.00254511 -0.00148759 0.000464616
internal_weight=2.31242e+06 1.36952e+06 942902 802410 567108 460736 670729 291748 350671 482166 91610 87560 209662 200138 394606 275360 131681 110065 461067 94416 366651 304101 78796 236978 180688 210207 107684 173731 205280 157628
internal_count=2312420 1369518 942902 802410 567108 460736 670729 291748 350671 482166 91610 87560 209662 200138 394606 275360 131681 110065 461067 94416 366651 304101 78796 236978 180688 210207 107684 173731 205280 157628
is_linear=0
shrinkage=0.05


Tree=13
num_leaves=31
num_cat=0
split_feature=0 0 6 0 5 1 3 5 5 6 4 5 1 6 5 0 3 6 6 6 1 3 4 3 1 4 0 5 4 6
split_gain=661.577 202.876 155.291 147.679 72.0123 42.2301 40.8826 35.0858 29.6577 29.0511 27.0572 26.9836 51.2635 29.2746 23.8224 23.0823 37.0238 22.7589 21.7168 20.1588 27.2564 19.4447 16.3661 18.0117 14.875 14.831 14.6276 14.509 14.0734 13.6058
threshold=0.17992405593395236 -0.78457430005073536 -1.4018359184265134 0.80235829949378978 -0.16640489548444745 -0.89558774232864369 -1.0000000180025095e-35 0.99949368834495556 0.45087140798568731 -0.39544391632080073 -0.34389355778694147 0.26169227063655859 0.80255556106567394 2.1180415153503422 0.90860098600387584 0.91157153248786937 1.0000000180025095e-35 -0.077929638326168046 -1.7221149206161497 -2.6435024738311763 -0.84513339400291432 0.015280820429325105 -1.6739913225173948 -0.23616164922714231 0.24116121232509616 -1.5550752878189085 -0.91790670156478871 0.99949368834495556 1.4371486306190493 -0.89216989278793324
decision_type=2 2 2 2 2 2 2 2 2 2 2 2 2 2 2 2 2 2 2 2 2 2 2 2 2 2 2 2 2 2
left_child=1 5 19 4 18 -1 8 10 22 26 -5 -6 13 -13 28 -12 -17 -8 -2 20 -3 -20 -4 -24 -9 -22 -7 -19 -15 -23
right_child=3 2 6 7 11 9 17 24 -10 -11 15 12 -14 14 -16 16 -18 27 21 -21 25 29 23 -25 -26 -27 -28 -29 -30 -31
leaf_value=-0.0037338284241194273 0.0021624032263933856 -0.0030095236799224552 0.00036684213373780553 0.0020697083437382813 0.00017206749721270767 -0.0018687794330657691 -0.00015319450476044917 0.0003856068322652317 -0.0035641618729536904 -0.0023721690474766246 0.00054965600507596811 -0.00047972706843855251 0.0022290965248582587 -0.0012911653918122391 0.0026745128167205961 0.00027600493810925238 0.0019933278916233177 -0.00099837979772469227 0.00022837207117439715 0.00041892028804053541 0.0039313147270964056 0.00064953288371535694 -0.0011949042732739765 -0.0022436103174238347 0.0048016412127306453 0.0013787187613169178 -0.0010617081929529531 0.00093743224732166443 -0.003215508240163588 0.0022220871568543361
leaf_weight=31582 36846 2526 13900 96665 284519 113906 146634 2328 15322 148567 112648 121583 14540 17517 2520 44259 107913 260819 70054 169020 9799 25968 217387 50461 10579 13595 110818 10045 20809 29263
leaf_count=31582 36846 2526 13900 96665 284519 113906 146634 2328 15322 148567 112648 121583 14540 17517 2520 44259 107913 260819 70054 169020 9799 25968 217387 50461 10579 13595 110818 10045 20809 29263
internal_value=-0.000310276 -0.00104722 -0.000632749 0.000660281 0.000189009 -0.00197825 -0.000973994 0.00144525 -0.00142234 -0.00182962 0.0013537 -0.000129464 -0.000614228 -0.000868873 -0.00202681 0.00109228 0.0014939 -0.000654947 0.00109546 0.000618095 0.00191622 0.000781527 -0.00130574 -0.00139255 0.00400605 0.00244914 -0.00147085 -0.000926558 -0.00233655 0.00148297
internal_weight=2.31239e+06 1.31438e+06 909508 998011 623619 404873 714568 374392 297070 373291 361485 461488 176969 162429 40846 264820 152172 417498 162131 194940 25920 125285 281748 267848 12907 23394 224724 270864 38326 55231
internal_count=2312392 1314381 909508 998011 623619 404873 714568 374392 297070 373291 361485 461488 176969 162429 40846 264820 152172 417498 162131 194940 25920 125285 281748 267848 12907 23394 224724 270864 38326 55231
is_linear=0
shrinkage=0.05


Tree=14
num_leaves=31
num_cat=0
split_feature=2 2 6 1 5 5 1 5 6 4 6 1 1 1 5 1 5 4 1 6 6 5 3 4 1 6 1 6 6 3
split_gain=651.81 263.76 156.812 105.082 93.1462 76.2183 73.2776 70.757 59.9328 50.1174 44.1957 42.381 39.1885 36.3606 35.5098 33.5358 26.6404 24.173 25.869 19.242 18.0979 18.049 17.6013 16.7571 16.3429 17.3545 26.6703 22.3905 15.6488 15.5141
threshold=1.0000000180025095e-35 -1.0000000180025095e-35 -1.6132263541221616 0.50558954477310192 -0.35274802148342127 0.90860098600387584 -0.76014986634254444 0.99949368834495556 2.1546887159347539 -1.2293799519538877 -1.4018359184265134 0.89063483476638805 -0.53103423118591297 -0.042775083333253854 0.1880704462528229 -0.83402714133262623 0.29527062177658087 1.4371486306190493 0.78076505661010753 -1.7459506392478941 -2.4873330593109126 0.75274404883384716 -0.69895711541175831 0.30304954946041113 0.79163131117820751 0.80927005410194408 -0.01845807675272226 -1.2316629886627195 2.1180415153503422 -2.1971755027770992
decision_type=2 2 2 2 2 2 2 2 2 2 2 2 2 2 2 2 2 2 2 2 2 2 2 2 2 2 2 2 2 2
left_child=1 2 6 10 29 9 -1 8 24 -5 15 17 16 -12 22 19 23 -10 -19 -3 -8 28 -14 -4 25 26 27 -6 -16 -2
right_child=4 3 12 5 7 -7 20 -9 11 -11 13 -13 14 -15 21 -17 -18 18 -20 -21 -22 -23 -24 -25 -26 -27 -28 -29 -30 -31
leaf_value=-0.0023454726515611491 0.0054519821349868353 -0.0024182802115533301 -0.0032696389153825003 0.0031648011500332593 0.0017788581924538421 0.003905467144655503 0.0013532965454646387 0.0069819535551958441 -1.8667980451736447e-05 0.0001687452846431639 -0.0010739046542815656 0.0033280434077724817 -0.00092038141314247982 -0.00032699305625622481 -0.0022294799943059934 0.00051194326518102845 -0.0062982352614680843 -0.0024919200918500895 0.0015774061686867635 0.00064579669850422399 -2.3076419935337531e-05 -0.0061186597713034233 -0.0017925909926001576 -0.0016219190521171497 0.0021896922080972213 0.00057185124257979247 0.0016463775046073597 0.00030297116773128087 -0.0039432936450507303 0.0026512004708850439
leaf_weight=31851 5411 17188 53995 15092 34530 16759 32752 4686 39127 184311 374575 6655 82897 288410 106210 129546 5857 26341 4578 7293 88128 3433 191648 21649 28125 185315 152166 100407 15246 57631
leaf_count=31851 5411 17188 53995 15092 34530 16759 32752 4686 39127 184311 374575 6655 82897 288410 106210 129546 5857 26341 4578 7293 88128 3433 191648 21649 28125 185315 152166 100407 15246 57631
internal_value=-0.000282704 -0.000804952 -0.00160807 -0.000312373 0.00106697 0.000667935 -0.000212296 0.000869162 0.000819419 0.000395652 -0.000571745 -0.000482025 -0.00205131 -0.000748995 -0.00184735 0.000191201 -0.0030506 -0.00084444 -0.00188908 -0.00150559 0.000349928 -0.00254638 -0.00152928 -0.00279835 0.00101885 0.000949103 0.00119258 0.00068075 -0.00244492 0.00289242
internal_weight=2.31181e+06 1.66684e+06 633666 1.03317e+06 644972 216162 152731 581930 577244 199403 817012 76701 480935 662985 399434 154027 81501 70046 30919 24481 120880 124889 274545 75644 500543 472418 287103 134937 121456 63042
internal_count=2311812 1666840 633666 1033174 644972 216162 152731 581930 577244 199403 817012 76701 480935 662985 399434 154027 81501 70046 30919 24481 120880 124889 274545 75644 500543 472418 287103 134937 121456 63042
is_linear=0
shrinkage=0.05


Tree=15
num_leaves=31
num_cat=0
split_feature=2 0 0 6 2 6 6 1 2 6 1 4 5 5 0 1 0 6 5 0 0 1 6 5 5 5 6 2 0 4
split_gain=684.652 279.964 105.423 88.6728 106.557 86.3089 82.5766 63.5946 51.5507 51.5295 45.764 42.2665 35.1722 34.5198 30.3224 29.7996 29.681 29.6129 27.3861 25.0167 23.316 23.2929 22.3439 21.6831 20.863 20.2198 24.7252 20.2172 19.8006 18.8301
threshold=0.0070250683929771194 -0.49658134579658503 0.88967278599739086 -1.418711185455322 -1.0000000180025095e-35 -1.7001762390136717 -0.63289123773574818 0.68453288078308117 -0.006997479358687996 1.3855966329574587 -0.84513339400291432 -1.0000000180025095e-35 0.5894879698753358 0.90860098600387584 -0.93299558758735646 0.77017816901206981 0.77527794241905224 -2.4873330593109126 0.90860098600387584 0.34626331925392156 -0.92305767536163319 0.2219813019037247 -2.4873330593109126 -0.098877105861902223 -0.99973702430725087 0.27087393403053289 2.2368354797363286 -0.006997479358687996 0.98138207197189342 -1.58264684677124
decision_type=2 2 2 2 2 2 2 2 2 2 2 2 2 2 2 2 2 2 2 2 2 2 2 2 2 2 2 2 2 2
left_child=1 6 5 29 12 -2 10 16 20 19 22 14 -5 -9 27 25 -6 -16 28 -7 -8 23 -1 -10 -24 -11 -27 -12 -4 -3
right_child=2 3 18 4 7 9 8 13 21 15 11 -13 -14 -15 17 -17 -18 -19 -20 -21 -22 -23 24 -25 -26 26 -28 -29 -30 -31
leaf_value=-0.0043416002469167745 0.003043347945607333 0.0017587076694926902 0.0018802761960668478 -0.001311065875020381 -0.00057484118053089121 0.00043080733332100389 -0.0038685215892807108 0.00066924323882987984 -0.0031833767849296702 0.00045391777560589919 -0.0023117210036183089 -0.0026309346875769417 -0.004545509987537868 0.0036845366012724862 0.0012626832503336153 0.0021024135453872024 0.00031987438799429142 -0.00057212109379890536 0.0067382133949757178 0.0013123646036678832 -0.0024594601701540082 -0.00054786737519059458 -0.0062472961308746621 -0.0015408680448638691 -0.0015655285752578484 -0.00020561078573332116 -0.0019486795250832399 -0.00061319756566520273 0.003308443211717282 0.00050238302222820909
leaf_weight=12076 38615 43725 99600 199965 406164 143103 38209 96703 25626 41381 39134 29940 8766 10516 24901 12532 120095 187614 3448 183922 127355 43943 2540 93206 35954 51577 33590 31730 32120 93820
leaf_count=12076 38615 43725 99600 199965 406164 143103 38209 96703 25626 41381 39134 29940 8766 10516 24901 12532 120095 187614 3448 183922 127355 43943 2540 93206 35954 51577 33590 31730 32120 93820
internal_value=-0.000286686 -0.000818989 0.00110417 -0.000275143 -0.000467374 0.000772023 -0.00158871 -0.000144532 -0.00216362 0.000583792 -0.00106992 -0.000844602 -0.00144711 0.000965298 -0.000655784 -0.000222344 -0.00037066 -0.000357082 0.00234428 0.000926629 -0.00278486 -0.00153161 -0.00246552 -0.00189531 -0.00187599 -0.000452712 -0.000893228 -0.00155139 0.00222876 0.000901862
internal_weight=2.31187e+06 1.67198e+06 639888 979754 842209 504720 692228 633478 328339 466105 363889 313319 208731 107219 283379 139080 526259 212515 135168 327025 165564 162775 50570 118832 38494 126548 85167 70864 131720 137545
internal_count=2311870 1671982 639888 979754 842209 504720 692228 633478 328339 466105 363889 313319 208731 107219 283379 139080 526259 212515 135168 327025 165564 162775 50570 118832 38494 126548 85167 70864 131720 137545
is_linear=0
shrinkage=0.05


Tree=16
num_leaves=31
num_cat=0
split_feature=2 0 6 2 0 6 2 6 3 1 0 5 5 5 6 0 6 3 1 2 5 6 1 5 3 6 1 5 2 0
split_gain=632.6 300.117 108.311 136.292 108.048 108.126 72.9417 81.3337 69.1842 58.894 46.405 40.8019 40.4913 40.0198 39.3176 28.9641 27.1252 23.307 19.3365 22.6707 18.8084 19.6401 19.531 18.6332 18.0596 18.0447 18.2449 18.0117 17.7842 18.3038
threshold=0.0070250683929771194 -0.64779317378997792 -1.4372394680976865 -1.0000000180025095e-35 0.91684702038764965 1.3002317547798159 -1.0000000180025095e-35 -1.6132263541221616 -1.0000000180025095e-35 -0.84513339400291432 0.61885374784469616 0.99949368834495556 0.28518421947956091 0.65743646025657665 -2.1657867431640621 0.57519096136093151 2.3330913782119755 -0.18663020431995389 -0.69389611482620228 -1.5582600235939024 0.90860098600387584 0.36203445494174963 0.45511680841445928 0.54955196380615245 -0.66905206441879261 -0.69880682229995716 -0.89558774232864369 0.01762555725872517 0.41782152652740484 0.97436577081680309
decision_type=2 2 2 2 2 2 2 2 2 2 2 2 2 2 2 2 2 2 2 2 2 2 2 2 2 2 2 2 2 2
left_child=1 6 17 13 5 14 7 9 23 -1 20 16 18 -4 -2 -16 -7 -3 -9 -20 21 -10 -22 -5 -21 26 -8 -28 -6 -30
right_child=4 2 3 8 28 11 25 12 10 -11 -12 -13 -14 -15 15 -17 -18 -19 19 24 22 -23 -24 -25 -26 -27 27 -29 29 -31
leaf_value=-0.0037023317997173935 0.0037337275733295358 0.0005266080717985978 -0.0014025582415821884 -0.00087359252953708169 0.0038140843523769862 -1.0791173403136113e-05 -0.0023818657827634985 -0.0036628044308758762 9.1863766284971753e-05 -0.00038783620276751493 0.00075793730800978454 0.0063585073873571284 -0.0045675984476312775 -0.0055004696775059828 0.00076207420125599208 0.0016852683962499983 -0.0014749153467599446 0.0019159855648488312 -0.0012929795673492428 -0.0017359818884644194 -3.7001329049614711e-05 -0.00072681615515778368 0.0034835542148239544 -0.0035100480769699339 -0.0031304401514136385 -0.0015443353717350878 -0.00036657454570524943 -0.0036525717069049754 0.0016030161964507754 0.003067403218907163
leaf_weight=16469 15075 128292 254613 182944 20553 113255 14382 31566 145095 71797 193206 2242 28557 6092 214822 140570 43885 39467 40633 34291 9467 147951 6737 6948 72209 128068 109226 4326 54032 35313
leaf_count=16469 15075 128292 254613 182944 20553 113255 14382 31566 145095 71797 193206 2242 28557 6092 214822 140570 43885 39467 40633 34291 9467 147951 6737 6948 72209 128068 109226 4326 54032 35313
internal_value=-0.000276267 -0.000787801 -0.000317934 -0.000524152 0.0010609 0.000764943 -0.00174265 -0.00227783 -0.000157234 -0.00100662 0.000150036 -0.000324008 -0.00281915 -0.00149852 0.00123343 0.00112727 -0.00041975 0.000853568 -0.00253949 -0.00229827 -0.000229767 -0.000321476 0.00142796 -0.000970238 -0.00268166 -0.00112477 -0.000704687 -0.000492072 0.00248762 0.00218208
internal_weight=2.31208e+06 1.67234e+06 1.12081e+06 953053 639747 529849 551524 295522 692348 88266 502456 159382 207256 260705 370467 355392 157140 167759 178699 147133 309250 293046 16204 189892 106500 256002 127934 113552 109898 89345
internal_count=2312083 1672336 1120812 953053 639747 529849 551524 295522 692348 88266 502456 159382 207256 260705 370467 355392 157140 167759 178699 147133 309250 293046 16204 189892 106500 256002 127934 113552 109898 89345
is_linear=0
shrinkage=0.05


Tree=17
num_leaves=31
num_cat=0
split_feature=0 0 2 6 0 2 2 6 0 5 5 5 5 5 2 6 1 6 5 2 1 5 1 5 2 1 5 5 2 5
split_gain=653.738 173.57 163.386 136.11 87.8352 78.3113 56.073 51.4479 47.811 41.4373 31.7169 28.6197 26.4236 25.9753 24.7787 24.7754 23.7776 29.5434 23.4846 21.0949 20.8842 20.52 18.7997 25.0758 18.4584 18.216 17.9989 20.8068 17.6385 17.5969
threshold=-0.055175907909870141 -0.80566337704658497 0.0070250683929771194 -1.4372394680976865 0.87261012196540844 -0.010075215715914963 -0.006997479358687996 2.2368354797363286 0.94133356213569652 -0.24759741872549054 -0.36444522440433497 -0.99973702430725087 -0.48040875792503351 0.28518421947956091 -1.0000000180025095e-35 -1.8698875308036802 -0.74046763777732838 -2.8608354330062862 0.24785503745079043 -1.0410148501396177 0.71194866299629223 0.99949368834495556 0.56432080268859874 0.90860098600387584 1.1633979678153994 -0.35517680644989008 0.33792209625244146 0.99949368834495556 0.37988880276679998 0.13795702904462817
decision_type=2 2 2 2 2 2 2 2 2 2 2 2 2 2 2 2 2 2 2 2 2 2 2 2 2 2 2 2 2 2
left_child=1 5 8 16 7 11 18 10 9 25 -4 -1 -6 19 15 -11 -3 -18 -5 -13 -10 24 -16 -24 -14 -2 -8 -28 -12 -17
right_child=2 3 4 6 12 -7 26 -9 20 14 28 13 21 -15 22 29 17 -19 -20 -21 -22 -23 23 -25 -26 -27 27 -29 -30 -31
leaf_value=-0.0082674667096004767 -0.00022815708911294496 -0.00085756726302153603 0.0023797630822085117 -0.0013868195403968697 0.0065236034526309286 -0.0012502526363526974 -0.00049693169205106721 -0.00087232949957687491 0.00063648255864949153 0.0039895219670118432 0.0014797696976168746 -0.0019519638260747187 0.0025892991334380325 -0.0045318854631377749 -0.00037972387646465524 -0.00053835420906120314 0.0031865508213277174 0.00060650907380753168 -0.0025839016602062195 -0.0030369603550506274 0.0024484810264811621 0.0063974463922623365 0.00018349617146803083 0.0030328807786507155 0.0014551334318809754 0.0010931389928193875 -0.0017543376234532516 0.0010210296153677475 0.00060890128809696329 -0.0019009208287314536
leaf_weight=2270 37761 24470 36739 166864 3471 177443 288505 41476 48875 2361 77481 96471 73070 16461 268307 49913 12152 126654 54328 83798 23568 2736 90469 8432 70578 84330 56503 7663 233000 45120
leaf_count=2270 37761 24470 36739 166864 3471 177443 288505 41476 48875 2361 77481 96471 73070 16461 268307 49913 12152 126654 54328 83798 23568 2736 90469 8432 70578 84330 56503 7663 233000 45120
internal_value=-0.000268493 -0.00114057 0.000542347 -0.000694465 0.00118841 -0.00201408 -0.00105687 0.000791893 1.44679e-05 -0.000135176 0.000990706 -0.00269506 0.00221678 -0.00263034 -0.000350585 -0.00105956 0.000579256 0.000832596 -0.00168094 -0.00245646 0.00122624 0.00211421 -0.00016252 0.000426708 0.00203219 0.000684496 -0.000665419 -0.00142278 0.000826268 -0.00118541
internal_weight=2.31127e+06 1.11358e+06 1.19769e+06 737139 538551 376443 573863 388696 659136 586693 347220 199000 149855 196730 464602 97394 163276 138806 221192 180269 72443 146384 367208 98901 143648 122091 352671 64166 310481 95033
internal_count=2311269 1113582 1197687 737139 538551 376443 573863 388696 659136 586693 347220 199000 149855 196730 464602 97394 163276 138806 221192 180269 72443 146384 367208 98901 143648 122091 352671 64166 310481 95033
is_linear=0
shrinkage=0.05


Tree=18
num_leaves=31
num_cat=0
split_feature=2 2 6 1 5 1 5 5 6 5 4 6 1 1 1 1 4 1 4 6 1 4 1 2 1 6 4 1 4 5
split_gain=648.55 267.816 137.398 88.6644 69.5989 66.1252 63.8637 60.4179 49.5915 40.1485 39.2404 34.6567 35.9394 32.7558 26.0972 23.8323 23.5642 29.4701 23.4352 21.047 19.809 19.5628 18.4682 17.0547 15.5404 16.9506 15.0997 14.4319 14.1173 15.2098
threshold=1.0000000180025095e-35 -1.0000000180025095e-35 -1.590422451496124 -0.81215393543243397 -0.3583796620368957 0.48417353630065924 0.99949368834495556 0.90860098600387584 2.0826662778854375 0.41383391618728643 -1.2495277523994444 -1.4372394680976865 -0.80098986625671376 -0.52376568317413319 0.89063483476638805 -0.71225750446319569 1.4846793413162234 0.77017816901206981 2.4317414760589604 -2.4873330593109126 0.81419885158538829 -1.5550752878189085 -0.59753295779228199 -1.0605156421661375 0.53411987423896801 -2.3040986061096187 3.3771767616271977 0.091803032904863371 2.024349689483643 0.41383391618728643
decision_type=2 2 2 2 2 2 2 2 2 2 2 2 2 2 2 2 2 2 2 2 2 2 2 2 2 2 2 2 2 2
left_child=1 2 3 -1 24 11 8 10 20 13 -7 12 -3 23 16 -13 -10 27 28 21 -6 22 -5 -4 25 -2 -20 -18 29 -17
right_child=4 5 9 19 6 7 -8 -9 14 -11 -12 15 -14 -15 -16 18 17 -19 26 -21 -22 -23 -24 -25 -26 -27 -28 -29 -30 -31
leaf_value=-0.0031458340188967263 0.0045916768716125133 -0.0013568343938822969 -0.001905550068424227 0.00046220143905584179 0.00098838857389704662 0.0026416443071511633 0.0066357633617935233 0.0032995599950902 0.00021230833702449628 -0.0034276146886317348 3.6310226984328932e-05 -0.0015159833633277195 0.00059564381881392885 -0.0016598167305982598 0.0026519336909578382 -0.00045437358191486362 0.0013027791175977128 0.0019316608408321443 -0.0030730230303378982 -0.00019124629548430375 0.0025025783679747853 0.00027322270485789725 0.0041083218747571251 -0.003396708339225403 0.0058074333192127663 0.0021320949955210954 0.0014885917422210885 -0.0026000203781889127 0.00096373796988989419 -0.0013316220510662517
leaf_weight=23358 8172 29595 32596 5799 471790 15597 4827 17327 45509 45533 195399 71741 115589 352604 7075 501920 2619 5077 13517 96453 22631 21690 8659 46747 3743 49178 2089 24248 16033 54800
leaf_count=23358 8172 29595 32596 5799 471790 15597 4827 17327 45509 45533 195399 71741 115589 352604 7075 501920 2619 5077 13517 96453 22631 21690 8659 46747 3743 49178 2089 24248 16033 54800
internal_value=-0.000264153 -0.000785009 -0.00159454 -0.00030603 0.0010823 -0.00028888 0.000914227 0.000462167 0.00086641 -0.00201539 0.000229015 -0.000501829 0.000197575 -0.00186645 -0.000252749 -0.000655658 -0.000518388 -0.00155911 -0.000550731 0.000194409 0.00105775 0.00122321 0.00264722 -0.00278442 0.00268789 0.00248331 -0.00246185 -0.00221923 -0.000498616 -0.000540747
internal_weight=2.31192e+06 1.66705e+06 633439 155959 644869 1.03361e+06 583776 228323 578949 477480 210996 805284 145184 431947 84528 660100 77453 31944 588359 132601 494421 36148 14458 79343 61093 57350 15606 26867 572753 556720
internal_count=2311915 1667046 633439 155959 644869 1033607 583776 228323 578949 477480 210996 805284 145184 431947 84528 660100 77453 31944 588359 132601 494421 36148 14458 79343 61093 57350 15606 26867 572753 556720
is_linear=0
shrinkage=0.05


Tree=19
num_leaves=31
num_cat=0
split_feature=0 2 2 0 0 5 2 5 2 3 5 2 1 4 4 2 4 1 1 5 0 5 0 1 4 5 1 5 1 4
split_gain=649.45 159.526 133.813 95.5557 85.1745 78.0612 53.8049 52.4006 37.8249 34.7333 34.3872 31.108 29.3408 28.702 23.6411 23.4802 22.396 26.7532 21.8535 33.535 20.9402 20.0033 19.8395 18.6611 17.5133 17.2096 17.8958 16.6678 16.1903 15.4319
threshold=0.16941350698471072 -1.0000000180025095e-35 0.0098310387693345564 -0.81927356123924244 0.95028352737426769 -0.1470869183540344 0.0070250683929771194 -0.30355900526046747 -0.010075215715914963 -1.6791161298751829 0.65743646025657665 -0.73857641220092762 0.9378032684326173 -0.28007926046848292 -1.4354330301284788 0.89462247490882885 -1.6422768235206602 -0.65151584148406971 -0.70304909348487843 -0.26976084709167475 0.61025071144104015 0.29020445048809057 -0.98811522126197804 0.54903471469879161 -0.93548238277435292 0.90860098600387584 0.31711062788963323 0.32643555104732519 -0.055617047473788254 -0.85562056303024281
decision_type=2 2 2 2 2 2 2 2 2 2 2 2 2 2 2 2 2 2 2 2 2 2 2 2 2 2 2 2 2 2
left_child=1 3 8 11 7 16 18 24 13 -8 -7 22 14 -2 28 -9 17 -5 -3 29 -17 -11 -1 -21 -4 -16 -27 -24 -10 -20
right_child=2 6 4 5 -6 10 9 15 12 21 -12 -13 -14 -15 25 20 -18 -19 19 23 -22 -23 27 -25 -26 26 -28 -29 -30 -31
leaf_value=-0.0038198871751744193 0.00035149685338250038 -0.0014228112658340294 0.0023458788896271554 -0.0020470484843312735 0.0028395243401673552 -0.0016715153274584546 0.0031785339062842402 0.0012036237540781454 0.00039338919426365427 0.00039081706383998626 -0.0057951594157537069 -0.0034471203525953766 0.0030306155209294857 -0.0016785177198966824 5.4057953940321715e-05 -0.00034793225825625559 -0.00067524232910908433 0.0012729972234508697 -0.00010957375399095274 -0.0010113037964860499 0.00077867147057110279 -0.0010584478917609337 -0.0017083055456424184 2.4970402279900106e-05 0.0069069395938356985 -0.0004741626892754377 0.0026014292827673453 -0.0042001759858969496 0.0024972240320850522 0.0017173357355186126
leaf_weight=14802 27827 101452 45138 7335 74086 217237 9733 175128 18105 116903 5168 65322 9607 46500 386095 62609 100887 34898 117772 309226 120841 29888 103364 50544 2201 7256 13560 7173 18477 12807
leaf_count=14802 27827 101452 45138 7335 74086 217237 9733 175128 18105 116903 5168 65322 9607 46500 386095 62609 100887 34898 117772 309226 120841 29888 103364 50544 2201 7256 13560 7173 18477 12807
internal_value=-0.00027706 -0.0010135 0.000676546 -0.00165485 0.00128058 -0.00118146 -0.000536806 0.00099599 0.000126807 0.000287571 -0.00176759 -0.00256228 0.000298307 -0.000918563 0.000239053 0.000789531 -0.000270577 0.000696026 -0.000754844 -0.000616617 0.000394179 9.56814e-05 -0.00210089 -0.000865721 0.00255936 0.000129578 0.00152963 -0.00187037 0.0014564 6.97247e-05
internal_weight=2.31194e+06 1.30451e+06 1.00743e+06 556186 480003 365525 748325 405917 527427 156524 222405 190661 453100 74327 443493 358578 143120 42233 591801 490349 183450 146791 125339 359770 47339 406911 20816 110537 36582 130579
internal_count=2311941 1304511 1007430 556186 480003 365525 748325 405917 527427 156524 222405 190661 453100 74327 443493 358578 143120 42233 591801 490349 183450 146791 125339 359770 47339 406911 20816 110537 36582 130579
is_linear=0
shrinkage=0.05


Tree=20
num_leaves=31
num_cat=0
split_feature=2 0 6 2 0 1 6 2 0 5 0 5 0 6 6 6 5 5 1 1 0 1 5 6 1 5 5 5 2 6
split_gain=567.898 254.335 94.5298 90.3806 74.4133 73.4079 70.0936 59.089 43.96 43.7551 42.8581 31.3613 29.6736 28.7191 24.5411 24.4319 23.8435 22.5191 22.3716 22.0867 21.6042 20.2618 19.048 17.9266 19.0185 17.893 16.3243 18.3601 16.1429 13.8482
threshold=-1.0000000180025095e-35 0.68393090367317211 -1.590422451496124 1.0000000180025095e-35 -0.60482665896415699 -0.76997607946395863 2.016121625900269 0.0070250683929771194 0.97065550088882457 -0.33028003573417658 -0.65596273541450489 0.44315165281295782 -0.9468209147453307 -1.0199959874153135 -2.4182486534118648 -0.90807941555976857 -0.0069683426991105071 0.32643555104732519 0.23461063951253894 0.9378032684326173 -0.97483697533607472 -0.20339781045913694 0.99949368834495556 2.1546887159347539 0.89063483476638805 -0.82805144786834706 0.0036460028495639567 0.90860098600387584 -0.22350672632455823 -2.1657867431640621
decision_type=2 2 2 2 2 2 2 2 2 2 2 2 2 2 2 2 2 2 2 2 2 2 2 2 2 2 2 2 2 2
left_child=2 3 5 10 11 25 9 19 16 -5 15 20 -7 21 -14 -2 -9 -6 -15 -3 -4 -12 23 -18 -25 -1 -20 -28 -22 -11
right_child=1 7 4 6 17 12 -8 8 -10 29 13 -13 14 18 -16 -17 22 -19 26 -21 28 -23 -24 24 -26 -27 27 -29 -30 -31
leaf_value=-0.0065768786260407544 -0.00047256861272276665 0.00045489210962038914 -0.0037907846694161043 0.0020520093352670056 -0.0010957238846717537 -0.002048198928901148 -0.0014650046785687947 0.0020355152552349403 0.0029875704039982625 0.0035630690397312247 -0.00010779154148906456 -0.0050373239875553203 0.0014854662789135593 -0.00076799377790195771 -0.0001498160623812023 -0.0014677279968343803 0.00119709350249578 -0.0022946927507255586 0.00073019659803342878 0.0031936177012205761 -0.0020626377493159621 0.0011419689018540519 0.0056443668446816307 -0.00051602511868273013 0.0034530225662472418 -0.0023131321610605224 -0.00051893520118551518 0.0016891309318685752 -0.0034807733068118693 0.00040913463636391709
leaf_weight=2696 108396 221602 25602 50454 207704 14902 42287 79766 49135 3516 83481 12203 32384 242821 78633 143124 112425 48271 50672 7605 160849 53023 2132 30215 3343 27615 113266 10258 22950 270319
leaf_count=2696 108396 221602 25602 50454 207704 14902 42287 79766 49135 3516 83481 12203 32384 242821 78633 143124 112425 48271 50672 7605 160849 53023 2132 30215 3343 27615 113266 10258 22950 270319
internal_value=-0.000278384 0.000203286 -0.00155346 -0.000201362 -0.0019027 -0.000485803 0.000449422 0.0011398 0.00163117 0.000699098 -0.000497698 -0.0025735 4.60217e-05 -0.000251768 0.000327292 -0.00103889 0.00133859 -0.0013219 -0.000457821 0.000545897 -0.00242968 0.000377708 0.00096315 0.000894401 -0.000119723 -0.00269441 -2.54359e-05 -0.000335445 -0.00223989 0.000449759
internal_weight=2.31165e+06 1.67784e+06 633809 1.17162e+06 477579 156230 366576 506223 277016 324289 805041 221604 125919 553521 111017 251520 227881 255975 417017 229207 209401 136504 148115 145983 33558 30311 174196 123524 183799 273835
internal_count=2311649 1677840 633809 1171617 477579 156230 366576 506223 277016 324289 805041 221604 125919 553521 111017 251520 227881 255975 417017 229207 209401 136504 148115 145983 33558 30311 174196 123524 183799 273835
is_linear=0
shrinkage=0.05


Tree=21
num_leaves=31
num_cat=0
split_feature=2 0 0 2 6 6 2 6 0 6 5 6 3 6 0 5 2 5 3 5 6 4 0 0 2 4 5 5 0 6
split_gain=639.48 247.773 88.6116 85.9381 98.0254 78.2185 59.6356 71.0602 52.6705 48.2573 41.2775 32.8432 28.8439 28.1071 24.6258 23.778 22.4579 21.3803 19.9384 19.467 21.3846 36.4343 31.3556 18.7461 18.1174 16.417 16.9734 15.6483 17.3523 16.6898
threshold=0.0070250683929771194 -0.67216679453849781 0.86668020486831676 -0.010075215715914963 -1.590422451496124 1.1651312708854678 -1.0000000180025095e-35 -1.6132263541221616 0.75372129678726207 -2.1245191097259517 0.6377544403076173 -1.418711185455322 -1.0000000180025095e-35 -3.0223786830902095 -0.9940187633037566 0.3801723867654801 -1.2410838603973386 -0.4028941392898559 -1.3259546160697935 0.90860098600387584 2.1946814060211186 1.4371486306190493 0.42564973235130316 0.97065550088882457 -0.21044814586639402 -1.5312801003456114 0.99949368834495556 -0.36444522440433497 0.38520379364490515 1.0026271939277651
decision_type=2 2 2 2 2 2 2 2 2 2 2 2 2 2 2 2 2 2 2 2 2 2 2 2 2 2 2 2 2 2
left_child=1 6 5 4 13 9 7 14 11 -2 24 18 -13 -3 -1 16 -9 -4 -5 20 -7 -22 -23 -19 -6 -10 -27 -11 29 -29
right_child=2 3 17 8 10 19 -8 15 25 27 -12 12 -14 -15 -16 -17 -18 23 -20 -21 21 22 -24 -25 -26 26 -28 28 -30 -31
leaf_value=-0.0044092108127848908 0.0038892239942811598 0.0036595338897912584 0.005068418830310898 -0.00053687967993093662 -0.0011249049965086648 0.00017833206975578376 -0.001069317877416893 -0.0017971455383812352 0.0026295590671406325 0.0020009387240082594 -0.0051629752220439442 -0.00098694992538554184 -0.00018057922587266036 0.00035474675911615966 -0.00072165510477510523 -0.0045390476139151375 -0.0029370382046506674 0.0016531626068755985 0.0011320367481756075 0.0039111356275585889 0.00016611615809141353 -0.0051889374947096155 -0.0011851566877291041 0.0028583579022781343 -0.0022045038017101692 0.00043916542652184219 0.0024673191997850951 0.00038768728313633524 0.0013384004912903745 0.0026855213400639472
leaf_weight=4788 16132 7185 6048 25545 220525 108121 244040 70542 10102 40524 7148 159440 364223 60846 80478 15461 111805 101459 59720 2912 25668 7660 13515 47360 47185 172961 10961 122878 138066 8436
leaf_count=4788 16132 7185 6048 25545 220525 108121 244040 70542 10102 40524 7148 159440 364223 60846 80478 15461 111805 101459 59720 2912 25668 7660 13515 47360 47185 172961 10961 122878 138066 8436
internal_value=-0.000231168 -0.000745031 0.00111462 -0.000332315 -0.000994929 0.000781447 -0.00164217 -0.00213598 -4.93467e-05 0.00122379 -0.00141551 -0.000277935 -0.00042611 0.000704264 -0.000929218 -0.00265608 -0.00249619 0.00215558 0.000632033 -0.000132066 -0.000208291 -0.00110052 -0.00263528 0.00203687 -0.00131526 0.000668037 0.000560163 0.00108492 0.000947047 0.0005355
internal_weight=2.31173e+06 1.67296e+06 638779 1.14584e+06 342889 483912 527114 283074 802952 326036 274858 608928 523663 68031 85266 197808 182347 154867 85265 157876 154964 46843 21175 148819 267710 194024 183922 309904 269380 131314
internal_count=2311734 1672955 638779 1145841 342889 483912 527114 283074 802952 326036 274858 608928 523663 68031 85266 197808 182347 154867 85265 157876 154964 46843 21175 148819 267710 194024 183922 309904 269380 131314
is_linear=0
shrinkage=0.05


Tree=22
num_leaves=31
num_cat=0
split_feature=0 0 0 6 5 6 0 1 3 5 5 1 6 3 0 5 5 5 3 6 4 4 5 1 6 6 3 1 5 3
split_gain=548.248 183.51 120.124 117.763 58.1225 56.6451 40.0223 38.2241 34.5887 33.895 30.055 27.1934 31.9087 24.77 28.869 24.3403 23.2785 22.4004 21.032 30.2065 18.9828 18.8614 17.889 30.6901 23.5724 17.772 17.754 17.5441 17.344 15.7713
threshold=0.25372506678104406 -0.65596273541450489 0.86668020486831676 -1.8197378516197202 -0.03879177384078502 -1.1510350108146665 -0.81279581785202015 -0.83402714133262623 -1.0000000180025095e-35 0.3801723867654801 0.90860098600387584 -0.89558774232864369 -2.4182486534118648 1.0000000180025095e-35 0.99109691381454479 -0.4028941392898559 -0.21764367073774335 0.33201378583908087 0.22374053299427035 -1.7459506392478941 -0.038601683452725404 1.671678960323334 0.99949368834495556 0.46242891252040869 2.0826662778854375 1.9540757536888125 -1.2065653204917905 0.79163131117820751 0.33201378583908087 -3.3704706430435176
decision_type=2 2 2 2 2 2 2 2 2 2 2 2 2 2 2 2 2 2 2 2 2 2 2 2 2 2 2 2 2 2
left_child=1 5 4 7 18 6 11 -3 17 15 25 12 -1 -4 16 -5 -15 -7 19 -2 26 -19 24 -24 -6 -11 -13 28 -26 -9
right_child=2 3 13 9 22 8 -8 29 -10 10 -12 20 -14 14 -16 -17 -18 21 -20 -21 -22 -23 23 -25 27 -27 -28 -29 -30 -31
leaf_value=-0.0057981510666328543 0.0018700985654175114 -0.0026658398991619044 0.00086979207650084145 0.00038680129385741278 3.8885017742758574e-05 -0.0023051366461244618 6.1807468790467843e-05 0.0040688553406446311 -0.0014901462776410661 -0.0013331343207341035 0.00094927350818847084 -0.00028947171236864418 -0.001676305908500127 0.003474478860007112 0.0034197337938662031 -0.00060233784068616987 0.0014233505037992511 -0.0059650446677929798 0.0015211416292985423 0.00019669682521445184 -0.0035934808094578367 -0.0026895309142826317 -0.00108794996215738 0.0041651144030154519 -5.9287678944361727e-05 -0.0028740489476670249 -0.0015065204661697295 0.000994627848393414 -0.0019899571436817472 0.001366601747839459
leaf_weight=7145 34376 5726 94991 70072 329706 154266 65859 5792 167935 69831 11590 51457 13696 15253 25629 552786 148317 8075 87886 125012 7466 9698 4905 6399 17156 25574 71755 9205 36125 78522
leaf_count=7145 34376 5726 94991 70072 329706 154266 65859 5792 167935 69831 11590 51457 13696 15253 25629 552786 148317 8075 87886 125012 7466 9698 4905 6399 17156 25574 71755 9205 36125 78522
internal_value=-0.00026333 -0.000897688 0.000671112 -0.000421818 0.000296579 -0.0015977 -0.00096725 0.00128416 -0.00200076 -0.000632294 -0.00145438 -0.00141451 -0.00309152 0.00152872 0.00185948 -0.000491055 0.00161482 -0.00249908 0.000900175 0.000557702 -0.00114684 -0.00418025 -7.33357e-05 0.00188677 -0.000129878 -0.00174645 -0.000998309 -0.00102021 -0.00136843 0.0015527
internal_weight=2.3122e+06 1.37724e+06 934960 819893 650770 557352 217378 90040 339974 729853 106995 151519 20841 284190 189199 622858 163570 172039 247274 159388 130678 17773 403496 11304 392192 95405 123212 62486 53281 84314
internal_count=2312205 1377245 934960 819893 650770 557352 217378 90040 339974 729853 106995 151519 20841 284190 189199 622858 163570 172039 247274 159388 130678 17773 403496 11304 392192 95405 123212 62486 53281 84314
is_linear=0
shrinkage=0.05


Tree=23
num_leaves=31
num_cat=0
split_feature=2 0 6 0 1 2 2 5 0 6 1 5 5 6 6 1 5 1 5 4 0 2 6 4 1 0 4 4 1 6
split_gain=609.197 277.139 127.631 82.9255 79.238 78.3116 76.3044 62.5889 51.6178 42.2277 37.3961 53.2022 36.6142 33.4134 27.5255 30.6225 25.5855 24.0379 24.8076 21.8475 21.7592 21.6247 21.0527 19.2451 19.1639 18.6421 17.7297 18.0367 17.3462 27.3128
threshold=-0.010075215715914963 0.55738458037376415 -1.5696938037872312 -0.83237543702125538 -0.84513339400291432 0.0098310387693345564 0.0070250683929771194 -0.1321451738476753 0.87872576713562023 1.8687108755111697 -0.71225750446319569 -0.28883039951324457 0.6377544403076173 2.2826514244079594 -2.4182486534118648 -0.36810369789600367 0.83995625376701366 0.49134862422943121 0.90860098600387584 -1.2107052206993101 -0.87563678622245777 0.87769624590873729 -2.6435024738311763 -1.5550752878189085 -0.69389611482620228 -0.4188797771930694 0.40721711516380316 -0.62397372722625721 -0.36137069761753077 -1.0358511209487913
decision_type=2 2 2 2 2 2 2 2 2 2 2 2 2 2 2 2 2 2 2 2 2 2 2 2 2 2 2 2 2 2
left_child=2 5 4 -4 -1 10 17 22 9 -8 -2 20 25 24 23 -16 26 -3 19 -19 -12 -10 -7 -6 -9 -5 27 -13 -22 -30
right_child=1 6 3 12 14 7 8 13 21 -11 11 16 -14 -15 15 -17 -18 18 -20 -21 28 -23 -24 -25 -26 -27 -28 -29 29 -31
leaf_value=-0.0034885546667890047 -0.0014236174306291299 6.7722368658417324e-05 -0.0031838323307701866 -0.0019771321022463441 0.0023830050259269868 0.0050914044095329812 0.0013803750341463659 0.0038013427150754677 0.0030119103978667365 -0.00044416348435567408 -0.00086106110987379776 -0.0012042825365240195 -0.0049489886670478185 -0.0019881688574655771 -0.0012926887284817285 0.00048533774315892965 0.0009727007343055613 0.0035023934196560728 0.0033563388989009168 0.00057983024079948835 -9.7650012763699198e-05 0.001761039070925143 0.0013009591122070396 0.00020738650520479046 4.5522491983847781e-05 -0.0012301627725929468 -0.001095520706077739 -0.00025383431800197407 0.0018859736329876215 -7.135190069021399e-07
leaf_weight=18339 107339 175230 118817 153902 16797 3807 157044 3454 57234 39731 28021 65571 8213 21038 51566 45642 22739 6828 10148 98773 45611 87356 91852 25725 173948 182853 204849 209009 47547 32151
leaf_count=18339 107339 175230 118817 153902 16797 3807 157044 3454 57234 39731 28021 65571 8213 21038 51566 45642 22739 6828 10148 98773 45611 87356 91852 25725 173948 182853 204849 209009 47547 32151
internal_value=-0.000288478 0.000204051 -0.00162642 -0.0020446 -0.00039941 -0.000291309 0.00103201 0.000401832 0.0015391 0.00101198 -0.00055854 -0.000416862 -0.00165214 -0.000104611 6.24862e-06 -0.000457889 -0.000665767 0.000437089 0.000996211 0.000769112 0.000398311 0.00225635 0.00145233 0.00106716 0.000118858 -0.00157159 -0.000743497 -0.000480841 0.000679972 0.00112496
internal_weight=2.31113e+06 1.68928e+06 621854 463785 158069 1.05694e+06 632344 294099 341365 196775 762837 655498 344968 198440 139730 97208 502168 290979 115749 105601 153330 144590 95659 42522 177402 336755 479429 274580 125309 79698
internal_count=2311134 1689280 621854 463785 158069 1056936 632344 294099 341365 196775 762837 655498 344968 198440 139730 97208 502168 290979 115749 105601 153330 144590 95659 42522 177402 336755 479429 274580 125309 79698
is_linear=0
shrinkage=0.05


Tree=24
num_leaves=31
num_cat=0
split_feature=2 2 6 0 0 0 6 0 6 1 6 6 6 1 6 1 4 1 0 1 4 4 6 3 0 6 4 1 2 2
split_gain=502.861 223.015 107.818 82.8225 71.6038 61.9834 86.3844 55.6702 41.8382 33.1076 30.6234 28.0613 27.0655 30.8616 26.763 27.2435 24.8622 23.991 23.3882 19.09 19.2965 19.0534 18.6449 18.2887 17.7888 16.5392 16.1662 15.7341 15.0138 14.3999
threshold=-0.006997479358687996 0.0070250683929771194 -1.6132263541221616 0.530459225177765 -0.76383584737777699 0.91684702038764965 1.5529383420944216 -0.88135698437690724 -1.8197378516197202 -0.055617047473788254 -0.97286108136177052 1.7901554107666018 -2.4182486534118648 -0.59753295779228199 -1.418711185455322 -0.80098986625671376 -1.9975210428237913 0.80255556106567394 -0.9968321919441222 -0.90971848368644703 -0.93548238277435292 1.4371486306190493 -1.7459506392478941 -1.0000000180025095e-35 0.59244650602340709 -1.9255799651145933 -1.4354330301284788 -0.89558774232864369 -0.29177848994731898 0.66433423757553112
decision_type=2 2 2 2 2 2 2 2 2 2 2 2 2 2 2 2 2 2 2 2 2 2 2 2 2 2 2 2 2 2
left_child=2 3 7 9 27 6 8 18 -3 14 -11 -6 13 -9 15 22 -10 21 -1 20 -16 -8 -2 25 -18 -5 -25 -4 -29 -7
right_child=1 5 4 23 11 29 17 12 16 10 -12 -13 -14 -15 19 -17 24 -19 -20 -21 -22 -23 -24 26 -26 -27 -28 28 -30 -31
leaf_value=-0.0062364083660464637 -0.002327547185666079 0.0028197027371961022 -0.0051857139151169473 0.0022618773190947626 -0.0012494921957875583 0.0028828191138682568 -9.498794076521248e-05 -0.00032442376897642481 0.003064015687612354 0.00092239698473628071 -0.00037679244707177834 -0.0028581216570958494 -0.00021261269964816898 0.0027541242439339197 -0.0062655259631501968 0.00027860669587686474 0.00055529624041684804 0.0018627630644934012 -0.0014502743485675467 -0.0010003340111169594 -0.0016940901280975776 -0.0013950422813367898 0.00046253315970641281 0.0023230792594323723 0.0012757385265465551 -0.00046685755544145357 0.00055939074396628267 -0.0023939185892005044 -0.0037952463489108095 0.0016356428809186992
leaf_weight=2699 20260 31307 6136 6043 289368 33155 66958 13680 13000 54485 270500 29912 70872 20088 3389 84287 217729 10410 44568 294099 7231 48660 8494 13824 141301 67236 214066 128705 22485 76875
leaf_count=2699 20260 31307 6136 6043 289368 33155 66958 13680 13000 54485 270500 29912 70872 20088 3389 84287 217729 10410 44568 294099 7231 48660 8494 13824 141301 67236 214066 128705 22485 76875
internal_value=-0.000254047 0.000196556 -0.00146085 -0.000253854 -0.00183056 0.000931914 0.000707448 -0.000300849 0.00106448 -0.000537446 -0.000158957 -0.00140028 0.000342481 0.00150722 -0.000831871 -0.000174791 0.000916698 -0.000435169 -0.00172483 -0.00107561 -0.00315743 -0.000642213 -0.00150348 0.000445537 0.000838863 -0.000241553 0.000666475 -0.00270363 -0.00260256 0.00201168
internal_weight=2.31182e+06 1.68331e+06 628513 1.04391e+06 476606 639395 529365 151907 403337 742745 324985 319280 104640 33768 417760 113041 372030 126028 47267 304719 10620 115618 28754 301169 359030 73279 227890 157326 151190 110030
internal_count=2311822 1683309 628513 1043914 476606 639395 529365 151907 403337 742745 324985 319280 104640 33768 417760 113041 372030 126028 47267 304719 10620 115618 28754 301169 359030 73279 227890 157326 151190 110030
is_linear=0
shrinkage=0.05


Tree=25
num_leaves=31
num_cat=0
split_feature=2 0 6 2 6 0 1 6 2 0 6 3 4 0 3 1 4 1 6 1 1 6 1 4 0 3 1 1 1 3
split_gain=520.776 229.225 124.434 108.287 75.9229 73.7222 65.3698 47.4894 42.1053 37.9758 32.6994 51.7462 29.8802 26.5275 32.2537 26.446 24.5142 27.9678 23.0827 28.3731 21.2519 19.4835 19.4329 18.0959 18.0339 16.3674 15.6534 14.0157 13.4305 14.1895
threshold=-0.010075215715914963 0.84808483719825756 -1.6132263541221616 1.0000000180025095e-35 2.1180415153503422 -0.79836395382881153 -0.84513339400291432 -2.1245191097259517 0.0098310387693345564 -0.9129345417022704 -1.418711185455322 -1.0000000180025095e-35 0.59763443470001232 -0.92305767536163319 -2.499112486839294 0.70252126455307018 1.4371486306190493 0.7597898840904237 0.55694231390953075 -0.53103423118591297 -0.53845176100730885 0.040864182636141784 -0.80098986625671376 -1.6739913225173948 0.37534758448600775 -0.23616164922714231 0.80255556106567394 -0.19687207788228986 0.37479706108570104 -0.45714208483695978
decision_type=2 2 2 2 2 2 2 2 2 2 2 2 2 2 2 2 2 2 2 2 2 2 2 2 2 2 2 2 2 2
left_child=2 3 6 9 7 -4 -1 -5 15 -2 22 12 28 -8 -15 -3 -6 -18 19 -7 -16 -10 -11 -9 -25 -14 -13 -26 29 -12
right_child=1 8 5 4 16 18 13 23 21 10 11 26 25 14 20 -17 17 -19 -20 -21 -22 -23 -24 24 27 -27 -28 -29 -30 -31
leaf_value=-0.0030856887497369822 -0.0013189540556829285 0.00035394587677655006 -0.0028446079493647763 0.0034456877606507926 -0.00023683629003998856 -0.0026625331293666258 -0.0013478760904512372 0.0019149969896715951 0.0028248361946436066 -0.00097338601201780008 -0.00034767302382502263 -0.00020081345889965248 -0.0015258418379369488 0.0023141642457396986 -0.0010991697565249151 0.0018742634479790802 -0.0030705605125872443 0.0019124335885097401 -0.0019714803158650657 -0.00089063790595069749 0.00058103220485265425 0.0016338894006306026 0.00074860158593285605 0.000215530005344535 0.0017763017730546924 -0.0034376394490179818 0.00089518665911533324 0.00070143932551642565 0.0015351080656393166 -0.0013899623299870334
leaf_weight=17715 97569 98275 139776 15938 27806 26064 24292 26970 47996 19456 82828 438961 53578 19621 26892 40342 21161 3241 138130 169438 62633 120980 103500 181614 37495 14158 35180 158682 6685 53905
leaf_count=17715 97569 98275 139776 15938 27806 26064 24292 26970 47996 19456 82828 438961 53578 19621 26892 40342 21161 3241 138130 169438 62633 120980 103500 181614 37495 14158 35180 158682 6685 53905
internal_value=-0.000248486 0.000208313 -0.00148183 -6.70372e-05 0.000546226 -0.00188061 -0.000232814 0.000769408 0.00144248 -0.00038721 -0.000274718 -0.000409429 -0.00106047 0.000146132 0.000478738 0.00079651 -0.00125201 -0.00240822 -0.00147667 -0.00112699 7.62577e-05 0.00197231 0.000476065 0.000663943 0.000574584 -0.00192589 -0.000119476 0.000906956 -0.000651636 -0.000758652
internal_weight=2.31088e+06 1.68632e+06 624561 1.37873e+06 472907 473408 151153 420699 307593 905820 808251 685295 211154 133438 109146 138617 52208 24402 333632 195502 89525 168976 122956 404761 377791 67736 474141 196177 143418 136733
internal_count=2310881 1686320 624561 1378727 472907 473408 151153 420699 307593 905820 808251 685295 211154 133438 109146 138617 52208 24402 333632 195502 89525 168976 122956 404761 377791 67736 474141 196177 143418 136733
is_linear=0
shrinkage=0.05


Tree=26
num_leaves=31
num_cat=0
split_feature=0 2 6 2 1 6 0 0 6 1 1 5 4 2 5 2 6 1 6 1 5 5 2 0 5 5 2 5 0 0
split_gain=531.136 185.708 109.635 100.103 85.111 63.3658 62.3517 61.9717 52.1295 43.3217 35.7316 35.4431 31.6593 29.1508 28.5957 27.8449 27.4928 25.4871 22.8664 22.8159 21.4111 21.4025 19.7804 19.6847 18.3269 18.2708 18.0313 18.001 15.5356 15.5278
threshold=0.30589497089385992 -0.006997479358687996 -1.590422451496124 0.0098310387693345564 -0.84513339400291432 -1.4372394680976865 -0.71215388178825367 0.8604726791381837 1.0678051114082339 -0.80098986625671376 -0.055617047473788254 0.6377544403076173 -1.5550752878189085 -0.010075215715914963 0.01762555725872517 1.0000000180025095e-35 -2.7449070215225215 -0.39374750852584833 -0.26686245203018183 0.69340446591377269 0.90860098600387584 0.90860098600387584 0.0098310387693345564 -0.88135698437690724 0.43560685217380529 -0.03879177384078502 -0.52685266733169545 -0.51879301667213429 -0.74989807605743397 0.97065550088882457
decision_type=2 2 2 2 2 2 2 2 2 2 2 2 2 2 2 2 2 2 2 2 2 2 2 2 2 2 2 2 2 2
left_child=1 2 4 13 -1 9 24 8 -5 -3 22 26 16 18 -12 -11 23 -18 -2 25 27 -16 -7 -6 -4 -15 -8 -9 -14 -21
right_child=3 5 6 7 12 10 11 20 -10 15 14 -13 28 19 21 -17 17 -19 -20 29 -22 -23 -24 -25 -26 -27 -28 -29 -30 -31
leaf_value=-0.0036040948207109848 0.00033644279342895703 -0.0012445321905685675 -0.0025383181655685644 0.0013503202057541645 -0.00067192348166047089 -0.0011238277309307211 -0.00098974097184075806 0.005876908393382437 -5.0417876028270312e-05 0.00048844845412811212 0.00035061812342494 -0.0051977643788221712 -0.0012222294220677317 0.00061372975190991642 -0.00071687857591018781 0.0021727841069838186 -0.00068609102916796633 0.0019953797231230717 -0.001797308739930184 0.00073497392540352842 0.0057650400878227074 0.0014886321593390148 -0.00020815603012198643 0.0046655459522531818 -0.0047949456013881729 -0.00016411069034662131 -0.0018711853400989447 0.0018747539161160277 0.00012952922494511055 0.0024623979436518418
leaf_weight=17911 21223 28122 169196 169580 2227 280474 146360 2855 109184 95367 135065 6093 39757 124472 190146 33032 20252 15741 30726 64650 3758 11666 74689 7655 9508 191833 96175 152008 45658 16282
leaf_count=17911 21223 28122 169196 169580 2227 280474 146360 2855 109184 95367 135065 6093 39757 124472 190146 33032 20252 15741 30726 64650 3758 11666 74689 7655 9508 191833 96175 152008 45658 16282
internal_value=-0.000248592 -0.000846376 -0.00153883 0.000712297 -0.000371903 -0.000375895 -0.00194623 0.0012507 0.000801708 0.000532602 -0.000581378 -0.00143409 6.92834e-05 0.000188019 -0.000212468 0.000921897 0.0011286 0.000486839 -0.000925699 0.000333686 0.00203968 -0.000589319 -0.000931278 0.00346323 -0.00265864 0.000141994 -0.00133933 0.00194891 -0.000499726 0.00108276
internal_weight=2.31166e+06 1.42509e+06 576533 886571 149201 848561 427332 437385 278764 156521 692040 248628 131290 449186 336877 128399 45875 35993 51949 397237 158621 201812 355163 9882 178704 316305 242535 154863 85415 80932
internal_count=2311665 1425094 576533 886571 149201 848561 427332 437385 278764 156521 692040 248628 131290 449186 336877 128399 45875 35993 51949 397237 158621 201812 355163 9882 178704 316305 242535 154863 85415 80932
is_linear=0
shrinkage=0.05


Tree=27
num_leaves=31
num_cat=0
split_feature=0 2 6 0 1 6 2 0 5 6 6 2 5 1 5 2 3 0 5 6 2 1 2 6 6 5 5 1 5 1
split_gain=449.648 156.267 136.707 75.1995 69.1452 67.0142 54.1362 53.2953 44.4267 33.7099 32.3989 29.4413 28.382 27.71 28.334 26.5632 26.2262 26.0856 24.924 31.4513 28.4854 26.0824 22.0956 20.8628 20.6263 19.8479 19.4931 19.5637 19.1621 18.9457
threshold=0.30589497089385992 -1.0000000180025095e-35 -1.590422451496124 0.90579307079315197 -0.83402714133262623 -0.038772715255618088 1.0000000180025095e-35 -0.78457430005073536 -0.3583796620368957 -1.418711185455322 2.1546887159347539 -0.010075215715914963 0.6377544403076173 -0.030541692860424515 0.90860098600387584 0.0098310387693345564 0.008400850463658573 -0.75692451000213612 0.99949368834495556 1.8162129521369936 0.018440100364387039 0.44065935909748083 -0.83766540884971608 -2.4182486534118648 -0.19358895719051358 0.99949368834495556 0.32643555104732519 0.78076505661010753 -0.33028003573417658 -0.80098986625671376
decision_type=2 2 2 2 2 2 2 2 2 2 2 2 2 2 2 2 2 2 2 2 2 2 2 2 2 2 2 2 2 2
left_child=1 2 4 5 -1 15 9 22 -8 29 -10 -7 -9 -11 24 -2 -5 -6 19 20 -13 -20 -4 -19 -15 -18 -21 -28 -17 -3
right_child=3 6 7 16 17 11 8 12 10 13 -12 18 -14 14 -16 28 25 23 21 26 -22 -23 -24 -25 -26 -27 27 -29 -30 -31
leaf_value=-0.0028908222544529183 0.00054086221223918426 -0.0010112502776895233 -0.0021183312638851834 0.00066471874054731272 -0.00050670111145875306 -0.0015974306453851194 0.0022215602651416097 -0.0013987841362308258 0.00026425238574049323 -0.0010943101713421007 -0.0022213535043733102 -0.00020181509259973335 -0.0047144773594621908 0.00018358411143383252 0.0021603818209472831 0.002597731339455454 0.0017134295985883228 0.0022001959348878766 -0.00054014529098594445 0.00021374067794822482 0.00081507723926162526 0.0041722096111582486 -0.0033589430080780882 0.00036376005088161779 -0.00082519573299297234 0.0049489887540839399 -0.0017383140503346144 0.00055196928587026434 0.0011676791667184863 0.00047987156373194252
leaf_weight=19540 140923 27235 83903 73362 56542 27672 27537 277218 160267 282572 14268 143617 6600 77117 10638 32194 143522 22247 4856 32394 132299 7410 62842 50699 147740 4895 49254 11496 86079 97652
leaf_count=19540 140923 27235 83903 73362 56542 27672 27537 277218 160267 282572 14268 143617 6600 77117 10638 32194 143522 22247 4856 32394 132299 7410 62842 50699 147740 4895 49254 11496 86079 97652
internal_value=-0.000241261 -0.000792078 -0.00142438 0.000640452 -0.00011913 0.000375653 -0.00035838 -0.00187614 0.000355472 -0.000582736 6.09418e-05 -2.29677e-05 -0.00147605 -0.000760489 -0.000359906 0.00100463 0.00143821 0.000299315 9.13266e-05 1.76028e-05 0.000285787 0.00230771 -0.0026498 0.000924059 -0.000479232 0.00182047 -0.000776771 -0.00130489 0.00155713 0.000154637
internal_weight=2.31459e+06 1.42462e+06 579591 889973 149028 668194 845026 430563 202072 642954 174535 408998 283818 518067 235495 259196 221779 129488 381326 369060 275916 12266 146745 72946 224857 148417 93144 60750 118273 124887
internal_count=2314590 1424617 579591 889973 149028 668194 845026 430563 202072 642954 174535 408998 283818 518067 235495 259196 221779 129488 381326 369060 275916 12266 146745 72946 224857 148417 93144 60750 118273 124887
is_linear=0
shrinkage=0.05


Tree=28
num_leaves=31
num_cat=0
split_feature=0 2 2 6 0 0 5 6 0 2 4 2 1 1 5 6 1 1 6 1 6 6 5 6 2 1 1 5 2 5
split_gain=515.859 160.821 120.293 86.0684 67.3058 61.3909 63.2431 39.393 37.4259 37.1841 33.971 41.0273 31.9734 28.704 28.0561 27.9419 23.4988 21.4333 23.7646 20.646 24.2995 22.3488 17.6316 17.2361 16.86 16.0358 14.9304 14.5667 14.2696 13.3182
threshold=-0.032973175868391984 -1.0000000180025095e-35 0.0098310387693345564 -1.6132263541221616 -0.7916540503501891 0.86668020486831676 0.28518421947956091 -1.9870092272758482 -0.86410716176033009 0.0070250683929771194 -0.35700066387653345 -0.010075215715914963 0.69340446591377269 0.4201692938804627 -0.3583796620368957 2.0826662778854375 0.41403532028198248 -0.76997607946395863 -3.0223786830902095 0.0059933823067694911 -1.4372394680976865 -0.17441705614328382 0.35523119568824774 -0.51778429746627797 1.1415223479270937 -0.80098986625671376 -0.84513339400291432 0.90860098600387584 0.55699211359024059 0.39945675432682043
decision_type=2 2 2 2 2 2 2 2 2 2 2 2 2 2 2 2 2 2 2 2 2 2 2 2 2 2 2 2 2 2
left_child=1 3 10 4 26 6 7 -4 29 19 13 16 -13 23 -11 -8 -12 -6 -19 20 25 -21 -10 -2 -9 -3 -1 -14 -7 -5
right_child=2 9 5 8 17 28 15 24 22 14 11 12 27 -15 -16 -17 -18 18 -20 21 -22 -23 -24 -25 -26 -27 -28 -29 -30 -31
leaf_value=-0.0030704821048582165 0.00051913546315653124 -0.0012369238935591377 0.0037766990546172366 -0.0027034220923948101 -0.0024807049626415847 0.0027272613464972128 0.0003036640012029604 0.0012513950785998068 -0.001575136800566518 0.0023689743322570078 -0.00070253048396007117 -0.00023635279716796529 0.00065599146451538783 0.0016231218746498507 6.1272850720790964e-05 -0.0014170828543155719 -0.0026532618237703857 0.0034442228733673435 0.00042938236102637662 0.00051225888802297029 -0.0011157957437131873 -0.00065011791862564839 -0.0027654160305150446 -0.00070853615563508865 0.00040941626372894549 0.0002435257102041202 -0.0012952455751619289 0.0027623673205667224 0.0016163605381772552 -0.0051249072558792429
leaf_weight=15454 126001 25213 13054 99353 5461 38617 59574 174133 235989 15423 51064 288454 67052 48774 89851 39047 22125 7390 56052 68763 247836 103707 35855 36971 90299 66549 50755 9345 115325 6028
leaf_count=15454 126001 25213 13054 99353 5461 38617 59574 174133 235989 15423 51064 288454 67052 48774 89851 39047 22125 7390 56052 68763 247836 103707 35855 36971 90299 66549 50755 9345 115325 6028
internal_value=-0.000236067 -0.000999737 0.000495142 -0.00165459 -0.000571689 0.00105413 0.000709835 0.00109636 -0.00204243 -0.000456252 3.91516e-05 -0.000212205 4.53535e-06 0.000559119 0.000399552 -0.000377706 -0.00129252 0.000522214 0.000781052 -0.000632197 -0.000858447 -0.000186681 -0.00173223 0.000240606 0.0009639 -0.000163341 -0.00171001 0.000913974 0.00189519 -0.00284241
internal_weight=2.30951e+06 1.12968e+06 1.17984e+06 512337 135112 530049 376107 277486 377225 617342 649786 438040 364851 211746 105274 98621 73189 68903 63442 512068 339598 172470 271844 162972 264432 91762 66209 76397 153942 105381
internal_count=2309514 1129679 1179835 512337 135112 530049 376107 277486 377225 617342 649786 438040 364851 211746 105274 98621 73189 68903 63442 512068 339598 172470 271844 162972 264432 91762 66209 76397 153942 105381
is_linear=0
shrinkage=0.05


Tree=29
num_leaves=31
num_cat=0
split_feature=2 0 0 6 2 6 6 2 0 5 5 2 6 0 2 0 3 5 6 4 4 5 6 5 5 0 6 5 5 6
split_gain=459.945 183.024 76.3688 90.9202 60.3031 65.6375 53.7187 70.1094 37.0682 35.9008 28.6476 26.6969 26.3973 22.0826 19.3143 18.981 18.5625 20.6823 18.4261 17.3898 17.1556 17.1494 16.9344 16.5052 16.2962 16.0344 15.3796 15.2974 14.665 13.4287
threshold=0.0070250683929771194 -0.57008826732635487 0.88967278599739086 1.5529383420944216 -1.0000000180025095e-35 -1.5287523269653318 -1.843472361564636 -0.010075215715914963 0.80235829949378978 0.19628720730543139 -0.99973702430725087 -0.22350672632455823 -1.7459506392478941 -0.9423038363456725 0.37988880276679998 -0.88135698437690724 -1.0000000180025095e-35 0.42794466018676763 -0.58467835187911976 0.21376537531614306 -1.4573532342910764 0.22586808353662494 -1.0521454215049741 -0.99973702430725087 0.6377544403076173 0.57519096136093151 -2.8608354330062862 0.99949368834495556 0.27558758854866033 0.11711606383323671
decision_type=2 2 2 2 2 2 2 2 2 2 2 2 2 2 2 2 2 2 2 2 2 2 2 2 2 2 2 2 2 2
left_child=1 4 3 12 5 10 20 9 16 -8 -1 13 -2 -7 -14 -12 17 -9 19 -6 23 -13 -21 -3 -11 -16 -17 -4 -5 -18
right_child=2 6 27 28 18 11 7 8 -10 24 15 21 14 -15 25 26 29 -19 -20 22 -22 -23 -24 -25 -26 -27 -28 -29 -30 -31
leaf_value=-0.0063275159014098735 0.0023073125072917465 -0.0023253982853095319 0.0019030031919012526 0.00027318558932179981 -0.00031463734879318752 -0.0030306014751861924 -0.00067026840767215332 -0.00057357814252766343 0.00056419948645955356 -0.0017416827745818386 -0.0013454833500718773 -0.0030653783657982889 0.001466439273621753 -0.0017750019814657327 0.00030194931758463365 0.0019607189161511677 0.00025886072183027933 -0.0027508801936973575 -0.001224769597836875 -0.0066453552192900743 0.00039132322467455712 -0.0060785557537306571 -0.0012549381295638973 0.0021915633601161093 -0.0043590035509533213 0.0011129205925731315 -0.00035614761661337653 0.0057602549169069464 -0.00094324779420544645 -0.00034861015355971118
leaf_weight=2253 35614 2160 132478 35446 146961 45399 175216 164821 162571 71539 49717 22988 99826 153532 144652 8490 155858 11671 138759 2075 46995 5956 4859 30107 6483 105339 45521 2614 82276 218508
leaf_count=2253 35614 2160 132478 35446 146961 45399 175216 164821 162571 71539 49717 22988 99826 153532 144652 8490 155858 11671 138759 2075 46995 5956 4859 30107 6483 105339 45521 2614 82276 218508
internal_value=-0.000219336 -0.00065512 0.00092257 0.000639146 -0.00133094 -0.00179021 -0.000250295 -0.000352905 -9.92066e-05 -0.0010676 -0.000762099 -0.00226832 0.0010106 -0.00206169 0.000878517 -0.000640619 -0.000295 -0.000717706 -0.000806961 -0.00043019 0.001001 -0.00368731 -0.00287527 0.00188856 -0.00195969 0.0006437 8.33664e-06 0.00197806 -0.000576989 -9.57046e-05
internal_weight=2.31068e+06 1.67244e+06 638245 503153 626510 333856 1.04593e+06 966667 713429 253238 105981 227875 385431 198931 349817 103728 550858 176492 292654 153895 79262 28944 6934 32267 78022 249991 54011 135092 117722 374366
internal_count=2310684 1672439 638245 503153 626510 333856 1045929 966667 713429 253238 105981 227875 385431 198931 349817 103728 550858 176492 292654 153895 79262 28944 6934 32267 78022 249991 54011 135092 117722 374366
is_linear=0
shrinkage=0.05


Tree=30
num_leaves=31
num_cat=0
split_feature=2 2 6 0 6 1 0 0 6 0 2 2 4 0 3 6 3 3 1 4 1 1 0 6 1 6 4 1 4 3
split_gain=440.393 195.954 140.103 80.098 73.022 67.0891 57.9465 53.9247 37.1592 28.453 27.5069 26.5635 26.1006 18.0303 17.5281 22.282 22.198 25.7951 23.3924 16.2369 15.4403 15.1735 14.8107 14.5012 14.0975 13.3336 13.062 12.7034 16.4333 16.6503
threshold=-1.0000000180025095e-35 0.0098310387693345564 -1.5696938037872312 0.81572577357292186 2.0826662778854375 -0.74046763777732838 -0.055175907909870141 -0.61359015107154835 -1.9571436047554014 -0.83889991044998158 0.87769624590873729 -0.26470519602298731 -1.4354330301284788 0.93649646639823925 -2.7096844911575313 -1.418711185455322 -1.0000000180025095e-35 -0.35607585310935969 0.41403532028198248 -1.2905288338661192 0.89063483476638805 0.42705926299095159 0.57519096136093151 1.7664363980293276 -0.28000442683696741 -3.2605099678039546 1.4846793413162234 0.7597898840904237 1.4371486306190493 2.8763817548751835
decision_type=2 2 2 2 2 2 2 2 2 2 2 2 2 2 2 2 2 2 2 2 2 2 2 2 2 2 2 2 2 2
left_child=2 6 5 4 8 -1 14 11 -3 -7 -5 -4 21 -14 -2 -16 17 -17 -19 25 -12 -8 -10 -9 -24 -11 -25 28 29 -6
right_child=1 3 7 10 27 9 12 23 22 19 20 -13 13 -15 15 16 -18 18 -20 -21 -22 -23 24 26 -26 -27 -28 -29 -30 -31
leaf_value=-0.0019636774036257782 -0.0024802050063869501 0.0027584255023353063 -0.0021339177788122906 0.00246976271401509 -0.00015898323310077129 -0.00074729728268488598 0.00083272013856801851 -0.0011602912186693519 0.00042185327682954776 0.0045692111397508898 0.0010708718064765979 -0.0037042355061739259 -9.5239959004902522e-05 0.00076015922616560387 0.00011651383162421231 -0.0007886592779915891 -0.00045559802141689862 -0.0025516541368095034 0.0028919566094265242 0.00030567091000333209 0.0030986391191350753 0.0031356285949852799 0.0025156709474429741 -0.0014412322382168026 0.00088763898803729223 0.001386365537984867 -0.0036138773809729825 0.0010520034111437364 -0.0025653214255221667 -0.0040543021522773575
leaf_weight=36129 12183 21776 184551 77514 21440 33951 37951 229360 254902 3583 105205 31553 417920 72244 97373 95201 259067 39579 2069 46640 10302 8808 15389 16424 97655 39450 11972 5295 20879 3136
leaf_count=36129 12183 21776 184551 77514 21440 33951 37951 229360 254902 3583 105205 31553 417920 72244 97373 95201 259067 39579 2069 46640 10302 8808 15389 16424 97655 39450 11972 5295 20879 3136
internal_value=-0.000226239 0.000198305 -0.00134913 0.000891835 0.000519634 -6.86116e-05 -0.000223178 -0.00178082 0.000751954 0.000485334 0.00174112 -0.00236336 0.000138531 3.0848e-05 -0.000607388 -0.000561085 -0.000727735 -0.00124284 -0.0022806 0.00095205 0.00125198 0.0012671 0.000633134 -0.00129235 0.00110947 0.00165237 -0.00235819 -0.00126421 -0.00153419 -0.000657489
internal_weight=2.3095e+06 1.67589e+06 633613 633493 440472 159753 1.0424e+06 473860 389722 123624 193021 216104 536923 490164 505472 493289 395916 136849 41648 89673 115507 46759 367946 257756 113044 43033 28396 50750 45455 24576
internal_count=2309501 1675888 633613 633493 440472 159753 1042395 473860 389722 123624 193021 216104 536923 490164 505472 493289 395916 136849 41648 89673 115507 46759 367946 257756 113044 43033 28396 50750 45455 24576
is_linear=0
shrinkage=0.05


Tree=31
num_leaves=31
num_cat=0
split_feature=2 2 6 0 0 0 5 0 6 5 5 6 0 5 3 0 6 4 6 3 6 0 4 2 2 0 2 4 0 5
split_gain=473.493 213.569 127.549 69.5579 68.0222 66.2334 65.8016 58.4893 67.5874 30.5734 27.3598 25.7284 22.1956 22.0848 17.9529 17.6028 17.1692 16.7771 16.2705 16.2435 15.9164 16.9526 14.8785 14.3091 14.0763 13.8469 13.152 12.7907 12.7351 12.4963
threshold=-1.0000000180025095e-35 0.0098310387693345564 -1.5696938037872312 -0.60482665896415699 0.6011733114719392 -0.89194452762603749 -0.3583796620368957 0.88967278599739086 2.1180415153503422 0.31041908264160162 0.39945675432682043 -1.418711185455322 -0.66427284479141224 0.99949368834495556 -2.7096844911575313 -0.96763408184051503 -2.5572357177734371 1.4371486306190493 2.048276543617249 -0.41967011988162989 -2.0849897861480708 0.39535993337631231 1.1845079660415652 1.0006675720214846 0.87769624590873729 -0.043848648667335503 -0.38310852646827692 -1.4354330301284788 -0.89194452762603749 0.99949368834495556
decision_type=2 2 2 2 2 2 2 2 2 2 2 2 2 2 2 2 2 2 2 2 2 2 2 2 2 2 2 2 2 2
left_child=2 4 5 9 11 -1 -3 8 20 15 25 14 -13 24 -2 -4 -7 -10 19 -12 -8 -22 -11 -23 -9 -5 -17 -6 -16 -29
right_child=1 6 3 10 27 16 7 13 17 22 18 12 -14 -15 28 26 -18 -19 -20 -21 21 23 -24 -25 -26 -27 -28 29 -30 -31
leaf_value=-0.0018084364563918953 -0.0017628912472600754 0.0024612536031908914 -0.0033976087599711922 -0.001411676627580659 0.0016806578420119217 0.0015144154919898712 0.0032240434723568817 0.0022254235547574178 -0.00035296871148985894 -0.0069373236613538228 -0.0044926190570012559 -0.0011059149641290845 -0.00045799367478335665 0.006210797606620147 -0.00067073112391464952 -0.001844858787293861 8.4266108655693759e-05 -0.0020625727707410317 -0.0044125019482911835 -0.0012904654069149264 0.0002839519181726718 0.0013149862662313304 -0.0035933297790225627 0.00048103748533265435 0.0011420089127997305 -0.00060477007266490938 -0.0029524859671021518 0.00023043828150011897 0.00053934769858488289 0.0017963647249150203
leaf_weight=46293 11804 60039 29887 132498 18369 27849 6083 49424 30991 3891 4967 187564 447678 2606 27820 128352 85069 26724 9184 19467 174312 118041 23273 91185 76310 88837 33919 238080 99407 13451
leaf_count=46293 11804 60039 29887 132498 18369 27849 6083 49424 30991 3891 4967 187564 447678 2606 27820 128352 85069 26724 9184 19467 174312 118041 23273 91185 76310 88837 33919 238080 99407 13451
internal_value=-0.000275596 0.000163676 -0.00144045 -0.00185151 -0.000276213 -0.000215905 0.000886195 0.000721888 0.000451918 -0.00250437 -0.00128981 -0.000514479 -0.000649316 0.00166277 0.000101604 -0.00228219 0.000437087 -0.00114479 -0.00261873 -0.00194298 0.000688464 0.000648166 -0.0040747 0.000951575 0.00156802 -0.00108785 -0.00207655 0.000407301 0.000274715 0.000314247
internal_weight=2.31337e+06 1.67989e+06 633486 474275 1.04417e+06 159211 635715 575676 447336 219322 254953 774273 635242 128340 139031 192158 112918 57715 33618 24434 389621 383538 27164 209226 125734 221335 162271 269900 127227 251531
internal_count=2313374 1679888 633486 474275 1044173 159211 635715 575676 447336 219322 254953 774273 635242 128340 139031 192158 112918 57715 33618 24434 389621 383538 27164 209226 125734 221335 162271 269900 127227 251531
is_linear=0
shrinkage=0.05


Tree=32
num_leaves=31
num_cat=0
split_feature=2 2 6 1 5 1 5 6 4 1 4 5 4 5 1 1 1 1 6 6 2 3 4 4 5 3 3 1 3 1
split_gain=393.643 153.869 97.4564 80.9813 63.6814 53.4009 43.1108 42.294 38.1823 30.0575 28.4691 28.4625 26.377 26.3503 22.309 19.6887 19.5724 20.4674 19.2116 22.5108 19.0345 18.2217 17.0912 15.8259 17.2782 15.6874 16.4529 15.4351 14.8476 14.8198
threshold=-1.0000000180025095e-35 0.0098310387693345564 -1.5696938037872312 -0.76997607946395863 -0.39615695178508753 0.45511680841445928 0.99949368834495556 2.1946814060211186 0.40721711516380316 0.83672112226486217 1.4371486306190493 0.90860098600387584 -1.2293799519538877 0.26169227063655859 -0.76014986634254444 -0.042775083333253854 -0.54573005437850941 0.67629542946815502 -1.3137767314910886 -3.2605099678039546 0.36755950748920446 -3.3704706430435176 -0.17771752178668973 0.82363694906234752 0.6999318301677705 -2.499112486839294 1.4013814330101015 0.74987715482711803 -0.48320703208446497 0.7597898840904237
decision_type=2 2 2 2 2 2 2 2 2 2 2 2 2 2 2 2 2 2 2 2 2 2 2 2 2 2 2 2 2 2
left_child=2 5 3 -1 20 8 7 -6 15 10 29 12 -7 16 -15 18 28 25 19 -2 -3 -5 -21 -16 -25 -18 -27 -12 -4 -9
right_child=1 4 13 21 6 11 -8 9 -10 -11 27 -13 -14 14 23 -17 17 -19 -20 22 -22 -23 -24 24 -26 26 -28 -29 -30 -31
leaf_value=-0.0025383697788023719 -0.0035434695092133751 0.0041495671185745502 -0.0018576830100874705 0.00268354038138922 0.00073990331397700822 0.0020977485331944118 0.0053796052890968445 0.00033737250912956057 -0.00093417763826975 0.0018910065653952438 -0.0026818762241720973 0.0023228538326257194 0.00010866716933005711 -0.0075579935230230093 -0.0053582836028837439 0.00025342371883354473 0.0015425486374501945 -0.0039143575142535037 -0.00067687570712547771 0.00031480016993473041 0.0019066229533002957 0.00016173092884979833 -0.001925670389973586 -0.0019817360482092747 -0.0048072484084915237 -0.0013797106029673745 0.00034595318211504123 0.00087861742312946804 -0.0036460618038275851 -0.0029700908909660855
leaf_weight=30941 4197 12938 52924 7607 509108 18092 4707 30291 251276 10636 23133 18153 210286 2042 4018 171965 4947 7364 229658 130501 35266 120250 9096 88137 5761 279402 14527 3500 14881 3803
leaf_count=30941 4197 12938 52924 7607 509108 18092 4707 30291 251276 10636 23133 18153 210286 2042 4018 171965 4947 7364 229658 130501 35266 120250 9096 88137 5761 279402 14527 3500 14881 3803
internal_value=-0.000253039 0.000148004 -0.00131559 -0.000243532 0.00076273 -0.000225224 0.00061881 0.000580113 -0.00042422 -0.000559782 -0.000989264 0.000417844 0.000266326 -0.00167473 -0.00239596 -0.000189268 -0.00148193 -0.00131166 -0.000393117 6.00981e-05 0.00250937 0.000311967 0.000168686 -0.00228754 -0.00215559 -0.00124741 -0.00129441 -0.00221382 -0.00225065 -3.23197e-05
internal_weight=2.30941e+06 1.67661e+06 632801 158798 633382 1.04322e+06 585178 580471 796693 71363 60727 246531 228378 474003 99958 545417 374045 306240 373452 143794 48204 127857 139597 97916 93898 298876 293929 26633 67805 34094
internal_count=2309407 1676606 632801 158798 633382 1043224 585178 580471 796693 71363 60727 246531 228378 474003 99958 545417 374045 306240 373452 143794 48204 127857 139597 97916 93898 298876 293929 26633 67805 34094
is_linear=0
shrinkage=0.05


Tree=33
num_leaves=31
num_cat=0
split_feature=0 2 6 2 1 6 0 6 0 2 4 0 0 0 3 0 2 4 6 3 4 6 4 1 2 4 1 6 3 3
split_gain=438.197 162.742 104.009 76.1994 74.9117 55.7248 44.9837 45.1459 42.2123 38.916 33.3586 29.5826 24.7578 20.5614 20.4629 19.5337 18.8165 17.415 17.3335 17.1357 17.0907 16.7606 16.0484 17.958 15.0858 14.4912 13.8598 13.5075 16.6737 20.9429
threshold=0.30589497089385992 -0.006997479358687996 -1.5696938037872312 0.0098310387693345564 -0.74046763777732838 -1.4551919698715208 0.9848899543285371 0.67538490891456615 -0.66427284479141224 0.013767087832093241 -1.4354330301284788 0.91684702038764965 -0.62200409173965443 0.93176576495170604 -2.499112486839294 -0.92794615030288685 -0.36981485784053797 2.5132069587707524 1.0829820036888125 -2.7096844911575313 -1.2694863080978391 1.9540757536888125 -1.8735390305519102 -0.36810369789600367 1.0000000180025095e-35 -2.6510829925537105 -0.88273614645004261 -1.6767161488533018 -1.8351888656616209 0.33175660669803625
decision_type=2 2 2 2 2 2 2 2 2 2 2 2 2 2 2 2 2 2 2 2 2 2 2 2 2 2 2 2 2 2
left_child=1 2 4 10 -1 9 7 27 16 19 -2 17 -7 -12 -11 -6 -4 -9 -10 26 -17 24 23 -21 -14 -25 -3 -5 -29 -30
right_child=3 5 8 6 15 12 -8 11 18 14 13 -13 21 -15 -16 20 -18 -19 -20 22 -22 -23 -24 25 -26 -27 -28 28 29 -31
leaf_value=-0.0022920096591865506 0.001652906284539956 -0.0045355691860554451 -0.0021036500800852469 0.0027774570460954761 -0.0011711825959584453 -0.00094068311559586566 0.0030524677304132907 0.00030389123551611825 -0.001074704926775469 0.0061231817622237339 -9.3709973889866436e-05 0.0015694596215005347 -0.00040974499696266555 0.00081217688581465639 0.0017100651300740325 0.0012879206704167982 -0.0033434665657511645 -0.0016694591041154418 -0.0020540936803016352 0.0004882067928616338 -3.2194190083153038e-05 -0.0013231721270593492 1.7552995519097049e-05 -0.00024837000795255299 0.00022626758916604296 0.0046519021545958937 -0.00060718885707684172 0.0049249731740177109 0.0007556107908190643 0.0018402286685631226
leaf_weight=35479 36427 3153 158239 19570 18212 221259 28403 149050 165178 2884 336720 48040 302645 76944 28704 47833 37985 12077 62209 15157 50287 36913 86197 2016 134735 5974 7752 3276 84089 94595
leaf_count=35479 36427 3153 158239 19570 18212 221259 28403 149050 165178 2884 336720 48040 302645 76944 28704 47833 37985 12077 62209 15157 50287 36913 86197 2016 134735 5974 7752 3276 84089 94595
internal_value=-0.000210992 -0.00075516 -0.00140408 0.000659739 -0.000281145 -0.000314499 0.00112835 0.000995208 -0.00180649 0.000553293 0.00020256 0.000480606 -0.000503941 7.4806e-05 0.0021148 0.000332274 -0.00234381 0.000155888 -0.00134273 0.000142963 0.000611421 -0.000300185 0.000331507 0.00150013 -0.00021382 0.00341672 -0.00174613 0.00152926 0.00139487 0.00132988
internal_weight=2.312e+06 1.42281e+06 575422 889191 151811 847389 439100 410697 423611 151837 450091 209167 695552 413664 31588 116332 196224 161127 227387 120249 98120 474293 109344 23147 437380 7990 10905 201530 181960 178684
internal_count=2312002 1422811 575422 889191 151811 847389 439100 410697 423611 151837 450091 209167 695552 413664 31588 116332 196224 161127 227387 120249 98120 474293 109344 23147 437380 7990 10905 201530 181960 178684
is_linear=0
shrinkage=0.05


Tree=34
num_leaves=31
num_cat=0
split_feature=0 2 2 0 0 4 5 5 3 2 3 5 5 5 0 4 0 0 3 4 2 5 2 3 1 2 5 4 1 4
split_gain=426.017 105.285 94.9041 78.9219 50.6645 50.3246 49.0167 35.7288 34.6073 36.491 27.0712 26.524 27.9302 24.3642 24.3638 23.9502 26.3276 22.207 19.8518 19.7488 18.6865 17.6217 17.3767 16.9018 16.5843 16.3681 16.1157 15.6569 14.9944 14.0013
threshold=-0.066664528101682649 0.0098310387693345564 -0.006997479358687996 0.90579307079315197 -0.82581213116645802 -1.6739913225173948 -0.15462903678417203 -0.26085010170936579 -1.0000000180025095e-35 -0.006997479358687996 -0.88707399368286122 0.33792209625244146 -0.99973702430725087 -0.081182491034269319 0.55738458037376415 0.40721711516380316 -0.68840867280960072 0.93176576495170604 -3.3704706430435176 0.97302991151809703 0.94641336798667919 -0.59447258710861195 0.37988880276679998 -2.1329910755157466 -0.50287157297134388 -0.72338104248046864 0.41383391618728643 2.2228131294250493 0.32332611083984381 -1.0840467214584348
decision_type=2 2 2 2 2 2 2 2 2 2 2 2 2 2 2 2 2 2 2 2 2 2 2 2 2 2 2 2 2 2
left_child=2 7 4 6 11 18 22 -2 26 13 19 12 -1 -10 27 16 -4 -11 -6 -7 -16 24 -3 -24 -20 -14 -9 -8 -17 -18
right_child=1 3 15 -5 5 10 14 8 9 17 -12 -13 25 -15 20 28 29 -19 21 -21 -22 -23 23 -25 -26 -27 -28 -29 -30 -31
leaf_value=-0.0076833801271048267 0.00076493031917265319 0.002712460146923887 -0.00074281130997922796 0.0020792348411566362 0.004397683770119766 -0.00030763150783696177 -3.0748816008179272e-05 -0.00061465557388729855 0.0013537074446394735 0.00010117297576953805 -0.0016269407604042243 -0.0044778228530211791 -0.0015310526835896124 -0.0016021744557799143 0.0012597960958076687 -0.001259667375879431 0.00060515166960360548 0.0011797546380259089 -0.0032185643986276016 -0.0024918513715240964 0.0002141891914835003 0.0012703708348337892 0.0044770749024682062 0.001036901024635453 0.00038624582101005249 -0.002565419669185047 -0.0023330050888501035 -0.0021264263615441647 -0.00019633566649423877 -0.00021796462768360194
leaf_weight=2085 127110 25060 188607 120042 3287 81579 132539 149655 8282 269094 187193 10969 115569 43820 81844 133124 76611 58001 5386 11843 89408 19830 3740 75059 7802 57225 15006 9545 44153 158603
leaf_count=2085 127110 25060 188607 120042 3287 81579 132539 149655 8282 269094 187193 10969 115569 43820 81844 133124 76611 58001 5386 11843 89408 19830 3740 75059 7802 57225 15006 9545 44153 158603
internal_value=-0.000220832 0.000427907 -0.000930888 0.000949515 -0.00143781 -0.00105339 0.000624411 1.0253e-05 -0.00016614 9.66924e-05 -0.00128001 -0.00209325 -0.00194344 -0.00113215 0.000312364 -0.000506875 -0.000302742 0.000292459 0.00069815 -0.00058476 0.000713945 0.000328634 0.00156572 0.00120073 -0.00108729 -0.00187374 -0.000771386 -0.000171673 -0.000994858 5.0145e-05
internal_weight=2.31207e+06 1.2082e+06 1.10387e+06 537237 502768 316920 417195 670968 543858 379197 280615 185848 174879 52102 313336 601098 423821 327095 36305 93422 171252 33018 103859 78799 13188 172794 164661 142084 177277 235214
internal_count=2312071 1208205 1103866 537237 502768 316920 417195 670968 543858 379197 280615 185848 174879 52102 313336 601098 423821 327095 36305 93422 171252 33018 103859 78799 13188 172794 164661 142084 177277 235214
is_linear=0
shrinkage=0.05


Tree=35
num_leaves=31
num_cat=0
split_feature=2 2 6 1 1 5 5 5 4 5 6 3 1 1 6 4 1 3 6 3 5 6 4 1 1 1 1 3 6 1
split_gain=431.787 170.368 87.5635 56.1075 49.8017 43.6772 43.8474 38.9793 39.3184 37.8446 31.7148 26.7466 26.5454 25.7178 32.65 25.1424 24.4796 21.8317 19.8379 18.5247 17.3206 16.8558 14.3546 13.9971 13.8039 13.1547 13.0318 20.5802 13.6305 13.6792
threshold=-0.010075215715914963 0.0098310387693345564 -1.590422451496124 -0.85749730467796315 0.28526677191257482 -0.15089811384677884 0.99949368834495556 0.90860098600387584 -1.3528506159782407 0.35523119568824774 -1.418711185455322 -1.0000000180025095e-35 -0.68503752350807179 0.87587732076644909 2.1546887159347539 1.5891622304916384 0.70252126455307018 -0.23616164922714231 -2.8608354330062862 -2.5984275341033931 0.6999318301677705 -2.4182486534118648 -0.45968289673328394 0.9378032684326173 0.41403532028198248 -0.74046763777732838 -0.80098986625671376 -2.1329910755157466 -1.7001762390136717 -0.94041225314140309
decision_type=2 2 2 2 2 2 2 2 2 2 2 2 2 2 2 2 2 2 2 2 2 2 2 2 2 2 2 2 2 2
left_child=2 4 3 -1 10 19 13 8 -6 12 18 17 -4 14 -7 -16 -17 -12 -2 -3 -11 -5 24 -10 -21 -23 27 -20 29 -29
right_child=1 5 9 21 7 6 -8 -9 23 20 11 -13 -14 -15 15 16 -18 -19 26 22 -22 25 -24 -25 -26 -27 -28 28 -30 -31
leaf_value=-0.0030922948167594333 -0.0019821821424047224 0.0046793651210612274 -0.0027172752630703532 0.00086006224725048873 0.0021425983655686725 0.00069473697290367521 0.0054148031800923813 0.0023610841108956853 -2.0732457573692126e-05 -0.0025312260500547227 -0.00072888304584343771 -0.00026991204179470558 -0.0013435882921410947 0.0023807880307539081 0.00024286482815628858 -0.0026351829621035186 0.00098713037812083143 -0.0019163744682633953 -0.003258980875384618 0.0012258494847785031 -0.0053845643239173492 -0.001964966848026961 0.0045827486070247692 0.0020081771747330621 0.0025724282946195062 -0.00011792570821247623 0.00064410775113737766 0.0026264127895082863 0.0019280568036717481 -0.0015150952556299722
leaf_weight=15893 9265 4735 38893 43393 23964 384517 4751 22160 291492 55855 193411 320218 367602 19268 42924 19006 6174 48388 5668 126098 5880 10867 3691 8746 22420 84761 111068 2414 7022 11236
leaf_count=15893 9265 4735 38893 43393 23964 384517 4751 22160 291492 55855 193411 320218 367602 19268 42924 19006 6174 48388 5668 126098 5880 10867 3691 8746 22420 84761 111068 2414 7022 11236
internal_value=-0.00018455 0.000230556 -0.00130942 -0.000278957 -0.000158634 0.000878632 0.000640392 0.00033274 0.00019403 -0.00165033 -0.000398787 -0.000569658 -0.00147508 0.000592209 0.000516019 -0.000492983 -0.00174697 -0.000966589 0.000255945 0.00160208 -0.00280382 4.28657e-05 0.00150605 3.8435e-05 0.00142929 -0.000328004 0.000406988 -0.000592741 0.00013953 -0.000781284
internal_weight=2.31178e+06 1.68864e+06 623144 154914 1.05505e+06 633584 476640 346362 324202 468230 708690 562017 406495 471889 452621 68104 25180 241799 146673 156944 61735 139021 152209 300238 148518 95628 137408 26340 20672 13650
internal_count=2311780 1688636 623144 154914 1055052 633584 476640 346362 324202 468230 708690 562017 406495 471889 452621 68104 25180 241799 146673 156944 61735 139021 152209 300238 148518 95628 137408 26340 20672 13650
is_linear=0
shrinkage=0.05


Tree=36
num_leaves=31
num_cat=0
split_feature=2 2 6 1 1 5 1 6 5 5 4 6 1 6 1 1 3 5 4 6 5 3 2 3 4 4 5 6 1 2
split_gain=403.399 180.654 115.277 66.3289 59.8643 48.5097 49.5086 34.0294 31.8038 31.4791 27.5488 23.1334 27.1234 22.4992 20.9318 18.9949 18.38 16.9458 17.2234 34.129 16.5217 15.3987 14.677 13.8837 13.7745 13.3704 13.1912 13.1448 15.8855 13.132
threshold=-0.006997479358687996 0.0070250683929771194 -1.6345982551574705 -0.036861756816506379 -0.83402714133262623 -0.32457283139228815 0.81419885158538829 2.4504129886627202 0.90860098600387584 0.78955692052841198 0.012784543447196485 -1.3842247724533079 -0.53845176100730885 -2.4873330593109126 -0.70304909348487843 0.9378032684326173 -1.3003177642822263 0.2571586817502976 0.32924418151378637 0.13680260628461841 0.2389643415808678 0.35661748051643377 0.37988880276679998 1.1717896461486819 -2.0444309711456294 0.087932068854570403 0.10458091273903848 -2.5572357177734371 -0.84513339400291432 -0.92448365688323964
decision_type=2 2 2 2 2 2 2 2 2 2 2 2 2 2 2 2 2 2 2 2 2 2 2 2 2 2 2 2 2 2
left_child=2 3 4 11 29 22 7 16 10 14 24 12 27 -6 20 -12 -7 18 19 23 -4 -8 -3 -16 -5 -21 -20 28 -2 -1
right_child=1 5 9 8 13 6 21 -9 -10 -11 15 -13 -14 -15 17 -17 -18 -19 26 25 -22 -23 -24 -25 -26 -27 -28 -29 -30 -31
leaf_value=-0.0017526751325288089 -0.0042822214740787876 0.0032064379197977132 -0.0024565904511366717 0.0020234118916643766 0.0013257664283243481 0.0020491168866790658 0.0066086958232583082 -0.00083747439568443373 0.0017930750813772397 -0.0071738662578500235 -0.00031836129482843664 -0.0008361947489383824 0.00074786806276358486 -0.0001266621462714987 -0.0013937810638841534 0.0023949900858202646 0.00060232427466828313 -0.002148434217928328 0.00016436011193585222 -0.0032893858640858373 -0.0061530339993539282 0.0021730903163112709 0.0016144064319509835 0.00064715086548923625 0.00038719373370687724 -0.001676218031301768 -0.0011701506602767135 -0.00040269682601862082 -0.00063968679001814887 -0.0045144888533177044
leaf_weight=12680 5208 20080 35039 13711 37710 23033 2061 40500 28217 2590 278685 378963 57544 90960 180286 6593 464575 95332 24612 35628 3305 36430 52019 8731 205862 20142 74741 63406 7030 6525
leaf_count=12680 5208 20080 35039 13711 37710 23033 2061 40500 28217 2590 278685 378963 57544 90960 180286 6593 464575 95332 24612 35628 3305 36430 52019 8731 205862 20142 74741 63406 7030 6525
internal_value=-0.000229201 0.000174205 -0.0013104 -0.00023063 -8.96519e-05 0.000836704 0.00068124 0.000555032 0.000159784 -0.00168615 6.84624e-05 -0.000636983 -7.01411e-05 0.000299079 -0.00165625 -0.000255572 0.000670707 -0.00155843 -0.00139493 -0.00162029 -0.00277672 0.00241225 0.00205818 -0.00129948 0.000489453 -0.00270718 -0.000839579 -0.000692435 -0.00219203 -0.00269288
internal_weight=2.3122e+06 1.68392e+06 628281 1.04522e+06 147875 638698 566599 528108 533068 480406 504851 512151 133188 128670 477816 285278 487608 439472 344140 244787 38344 38491 72099 189017 219573 55770 99353 75644 12238 19205
internal_count=2312198 1683917 628281 1045219 147875 638698 566599 528108 533068 480406 504851 512151 133188 128670 477816 285278 487608 439472 344140 244787 38344 38491 72099 189017 219573 55770 99353 75644 12238 19205
is_linear=0
shrinkage=0.05


Tree=37
num_leaves=31
num_cat=0
split_feature=2 2 6 1 0 6 1 0 0 6 0 5 5 0 5 4 6 6 5 6 4 5 0 0 6 0 5 6 4 1
split_gain=411.399 183.735 108.127 67.1333 64.0351 53.5082 51.1059 40.3545 36.4626 31.8076 26.5545 28.6341 26.3348 24.2592 24.1835 21.0272 22.1068 20.9984 20.0816 17.3937 18.5959 16.7761 16.6417 15.4502 14.4525 13.0897 12.2163 19.9424 17.5049 12.1478
threshold=1.0000000180025095e-35 -0.006997479358687996 -1.590422451496124 0.65096217393875133 0.70000505447387706 -1.9571436047554014 -0.70304909348487843 -0.68840867280960072 -0.65596273541450489 2.1546887159347539 0.97065550088882457 -0.00357402057852596 0.6377544403076173 -0.82581213116645802 0.32643555104732519 0.56944191455841076 -0.68251225352287281 -1.418711185455322 0.99949368834495556 -3.0223786830902095 -1.7341502904891966 -0.42381002008914942 0.99418807029724132 -0.97856608033180226 -2.7449070215225215 0.31644506752491003 0.16419163346290591 2.0826662778854375 2.7179008722305302 0.74987715482711803
decision_type=2 2 2 2 2 2 2 2 2 2 2 2 2 2 2 2 2 2 2 2 2 2 2 2 2 2 2 2 2 2
left_child=1 2 6 8 5 24 -1 14 17 21 11 -6 -9 -8 23 -10 -17 -3 26 20 -15 -7 -5 -4 -2 -23 -13 -28 -29 -11
right_child=4 3 7 22 10 9 13 12 15 29 -12 18 -14 19 -16 16 -18 -19 -20 -21 -22 25 -24 -25 -26 -27 27 28 -30 -31
leaf_value=-0.0016900293019486761 0.0058657108485905595 -0.00013937163636125699 -0.0033496384346880011 0.00064406210188075593 0.0019543475708376193 0.0017890114135655961 -0.00081360374436972394 -0.0012613888252073397 -2.2359872516960599e-05 -0.001433175631471859 0.0024632551336597921 1.3101487794677157e-05 -0.0042880184808063741 0.0062929755830165388 -0.0039295771972089879 -0.0054601282015108617 -0.00057225282461355711 -0.0012083940196549268 0.0056670819217193476 0.00057261234781184932 0.0012479472507519772 2.0381522043820048e-05 0.0031249932850885378 -0.0019045197544319871 0.0022847599924353647 0.00068478007337996938 0.0015479965530870159 0.00034636274378145159 -0.0041249621239095625 0.0018714130271825981
leaf_weight=41673 3356 61628 21200 131066 77165 20833 31831 277795 444136 32801 49232 45500 7370 2812 19971 2329 211640 180428 2044 73659 5197 163372 7118 145790 17529 135709 61208 31557 2342 3030
leaf_count=41673 3356 61628 21200 131066 77165 20833 31831 277795 444136 32801 49232 45500 7370 2812 19971 2329 211640 180428 2044 73659 5197 163372 7118 145790 17529 135709 61208 31557 2342 3030
internal_value=-0.000246862 -0.000662186 -0.00133781 -0.000254012 0.000824537 0.000403668 -0.000192747 -0.00171414 -0.000411533 0.000259227 0.00141366 0.00117848 -0.00133976 0.000357105 -0.00228507 -0.000218533 -0.000625709 -0.000936236 0.000758676 0.000813446 0.00302492 0.000417462 0.000772074 -0.00208817 0.00286271 0.000321867 0.000686924 0.00100925 3.63243e-05 -0.00115328
internal_weight=2.31132e+06 1.66564e+06 627298 1.03834e+06 645678 376630 155172 472126 900161 355745 269048 219816 285165 113499 186961 658105 213969 242056 142651 81668 8009 319914 138184 166990 20885 299081 140607 95107 33899 35831
internal_count=2311321 1665643 627298 1038345 645678 376630 155172 472126 900161 355745 269048 219816 285165 113499 186961 658105 213969 242056 142651 81668 8009 319914 138184 166990 20885 299081 140607 95107 33899 35831
is_linear=0
shrinkage=0.05


Tree=38
num_leaves=31
num_cat=0
split_feature=2 2 4 0 0 0 5 5 0 5 3 5 5 2 2 3 1 5 1 1 1 1 4 4 5 5 4 1 4 0
split_gain=423.436 182.327 61.5245 60.5041 55.6283 51.8235 60.5136 40.5311 34.2188 27.0782 23.6863 22.4409 26.4786 22.4005 21.8546 20.1264 22.078 19.5984 23.3898 16.1043 15.9427 15.4107 14.7857 16.2057 14.5987 14.538 14.6545 17.2261 14.3454 13.8859
threshold=0.0070250683929771194 -1.0000000180025095e-35 -0.96710222959518422 0.31644506752491003 -0.85152634978294361 0.80235829949378978 -0.15861687809228894 0.50659930706024181 -0.7916540503501891 0.28518421947956091 -3.3704706430435176 -0.21366596221923825 0.83995625376701366 0.39242631196975714 -0.47447714209556574 1.483775317668915 0.72110730409622203 0.39945675432682043 -0.16650599986314771 -0.89558774232864369 -0.71225750446319569 0.19689339399337771 -1.5550752878189085 -2.3515261411666866 -0.39615695178508753 -0.45483121275901789 -0.59569698572158802 -0.5099746286869048 0.79147154092788707 0.99418807029724132
decision_type=2 2 2 2 2 2 2 2 2 2 2 2 2 2 2 2 2 2 2 2 2 2 2 2 2 2 2 2 2 2
left_child=1 2 4 11 21 6 25 8 -4 -8 -6 19 17 -7 -10 -11 -17 18 28 -3 24 -1 23 -22 -12 -2 27 -27 -13 -15
right_child=5 3 7 -5 10 13 9 -9 14 15 20 12 -14 29 -16 16 -18 -19 -20 -21 22 -23 -24 -25 -26 26 -28 -29 -30 -31
leaf_value=-0.0016434278867893397 0.0025104827949821913 -0.0016447766747735443 -0.0021415207228436327 0.00025972996012888795 0.003198111940948697 0.0026622391249996758 0.00052733143521354415 -0.0035450013584019135 -0.00086494713143381308 4.9683472511652159e-05 -0.0032646439227129904 -0.0013379646231881264 0.001026700418066446 0.0011732115250716714 -0.0017511469310431472 -0.0019679311512187611 0.0012962969896205833 -0.0016973773822260179 -0.00030265451197961546 -1.2933032093675646e-05 -0.00080132157027272251 -0.0057306620188280529 -0.00044718884020934508 0.0012920645206072633 0.0010714658391008755 0.0027780525898339283 0.0033417003505141645 0.00073661494333616745 -7.6557233997531142e-05 0.0030981286724252794
leaf_weight=51284 28272 16269 139291 389947 5911 36044 211007 25495 188320 68261 6709 135422 20081 157369 110359 30104 6249 56406 181993 212190 12377 2407 52490 36459 2724 12040 7432 72667 27041 9957
leaf_count=51284 28272 16269 139291 389947 5911 36044 211007 25495 188320 68261 6709 135422 20081 157369 110359 30104 6249 56406 181993 212190 12377 2407 52490 36459 2724 12040 7432 72667 27041 9957
internal_value=-0.000221927 -0.000640173 -0.00130854 -0.000232572 -0.000495987 0.000872524 0.000565083 -0.0016072 -0.00149432 0.000201245 0.000116962 -0.000528185 -0.000744715 0.00153163 -0.00119244 -0.000456461 -0.00140662 -0.000833477 -0.000691964 -0.000129207 -4.77466e-05 -0.00182769 0.000135361 0.000761461 -0.00201268 0.00151868 0.00121411 0.00102707 -0.00112803 0.00128794
internal_weight=2.31258e+06 1.67318e+06 633826 1.03935e+06 170361 639402 436032 463465 437970 315621 116670 649402 420943 203370 298679 104614 36353 400862 344456 228459 110759 53691 101326 48836 9433 120411 92139 84707 162463 167326
internal_count=2312577 1673175 633826 1039349 170361 639402 436032 463465 437970 315621 116670 649402 420943 203370 298679 104614 36353 400862 344456 228459 110759 53691 101326 48836 9433 120411 92139 84707 162463 167326
is_linear=0
shrinkage=0.05


Tree=39
num_leaves=31
num_cat=0
split_feature=0 2 0 2 5 0 5 5 3 5 2 5 5 1 3 2 5 5 1 5 0 1 4 1 4 5 4 2 1 4
split_gain=353.257 123.731 61.6337 61.1739 60.6749 49.2605 36.9497 31.9327 31.1476 27.7171 27.3231 24.9964 23.5395 22.2346 20.8096 20.1957 18.6365 17.8957 17.8767 17.724 20.4704 17.7065 16.5175 16.3204 20.494 26.4173 18.1374 15.1938 13.963 17.8854
threshold=0.35604518651962286 -1.0000000180025095e-35 -0.79836395382881153 0.0098310387693345564 -0.1321451738476753 0.98138207197189342 0.23012010008096698 -0.20548503100872037 -2.499112486839294 0.99949368834495556 0.018440100364387039 0.67777585983276378 -0.40966938436031336 0.054796716198325164 -2.1971755027770992 -0.15812592208385465 0.23460065573453906 -0.99973702430725087 0.49134862422943121 0.43560685217380529 -0.5789409577846526 -0.89558774232864369 2.7179008722305302 0.46981067955493933 -0.36974561214447016 0.90860098600387584 0.62628954648971569 -0.074144512414932237 0.79163131117820751 1.4846793413162234
decision_type=2 2 2 2 2 2 2 2 2 2 2 2 2 2 2 2 2 2 2 2 2 2 2 2 2 2 2 2 2 2
left_child=1 2 13 23 8 6 12 10 -4 22 21 15 -5 16 -12 -6 17 -1 19 20 -9 -3 28 26 -25 27 -2 -26 -8 -30
right_child=3 7 4 5 11 -7 9 18 -10 -11 14 -13 -14 -15 -16 -17 -18 -19 -20 -21 -22 -23 -24 24 25 -27 -28 -29 29 -31
leaf_value=-0.0060179984416178596 0.00024839632364594691 -0.0016748474683255087 0.00197033362131422 0.0028100532753887967 -0.0011047189354870897 0.0028901090373833174 5.0495303116895919e-05 -0.00099060679395775023 -0.00032664826987012865 0.0049206171392523765 0.004474524806273244 -0.0049128456942178541 0.001097454607851354 -0.0031654476842793602 0.00085794962409808733 -0.0025246155868744857 -0.0033202467703952162 -0.0014767826027940348 0.00014635214550706536 -0.0013654903620834843 -0.00025522220309588271 2.3234140007843963e-05 -0.0019247614123319001 0.0017299647178767798 -0.0019444607872532906 0.0025375839808450518 -0.00062891061229434131 0.00024137179012297322 0.00010687200144539745 0.0033413237673951116
leaf_weight=2191 178726 16475 16534 21974 193841 33421 105441 141555 136759 3057 4307 4852 230470 30586 50726 28759 16191 156990 90237 68480 285469 223293 9242 32034 8597 12040 87869 104154 9347 7866
leaf_count=2191 178726 16475 16534 21974 193841 33421 105441 141555 136759 3057 4307 4852 230470 30586 50726 28759 16191 156990 90237 68480 285469 223293 9242 32034 8597 12040 87869 104154 9347 7866
internal_value=-0.000193236 -0.000662103 -0.0012246 0.00062163 -0.000847647 0.00104856 0.000889613 -0.000287305 -7.87862e-05 0.000221725 0.000137118 -0.0013658 0.00124663 -0.00192138 0.00114175 -0.00128827 -0.00170423 -0.00153966 -0.000500913 -0.000618788 -0.000499014 -9.35099e-05 0.000112452 0.000197314 0.000602029 0.000312371 -4.07744e-05 7.45495e-05 0.000266101 0.00158603
internal_weight=2.31148e+06 1.46724e+06 586703 844238 380745 420818 387397 880542 153293 134953 294801 227452 252444 205958 55033 222600 175372 159181 585741 495504 427024 239768 131896 423420 156825 124791 266595 112751 122654 17213
internal_count=2311483 1467245 586703 844238 380745 420818 387397 880542 153293 134953 294801 227452 252444 205958 55033 222600 175372 159181 585741 495504 427024 239768 131896 423420 156825 124791 266595 112751 122654 17213
is_linear=0
shrinkage=0.05


Tree=40
num_leaves=31
num_cat=0
split_feature=2 0 6 1 6 2 2 0 2 6 0 5 5 1 0 6 4 6 1 6 5 5 6 4 1 0 1 2 4 1
split_gain=395.339 177.031 90.5122 53.5435 53.4729 37.6807 36.3059 34.2137 31.8657 57.3342 31.4238 30.6938 25.4296 23.5687 23.3318 17.7885 19.9777 16.4144 16.8982 16.3845 16.2759 20.4163 16.2607 16.0989 14.983 14.8318 15.3021 14.3817 13.9082 13.7202
threshold=-1.0000000180025095e-35 0.6011733114719392 -1.6550505161285398 -0.84513339400291432 -1.418711185455322 0.0098310387693345564 0.0098310387693345564 -0.93299558758735646 0.0070250683929771194 2.1946814060211186 -0.61359015107154835 0.28518421947956091 -0.38348193466663355 -0.030541692860424515 0.87261012196540844 -2.7449070215225215 -1.6422768235206602 0.020673842169344429 0.10439023748040201 -2.3570400476455684 0.01762555725872517 0.99949368834495556 0.69177043437957775 -1.4354330301284788 0.57970392704010021 -0.80566337704658497 -0.37479929625988001 -1.1700251102447508 -0.076220732182264314 0.77017816901206981
decision_type=2 2 2 2 2 2 2 2 2 2 2 2 2 2 2 2 2 2 2 2 2 2 2 2 2 2 2 2 2 2
left_child=2 4 3 -1 6 23 25 -5 13 -10 11 27 -7 -6 22 16 -9 18 -12 -8 -15 -22 -14 -3 28 -2 -27 -4 -19 -25
right_child=1 5 10 7 8 12 19 15 9 -11 17 -13 14 20 -16 -17 -18 24 -20 -21 21 -23 -24 29 -26 26 -28 -29 -30 -31
leaf_value=-0.002787792600422531 -0.00056300094544688422 0.00188871156924726 -0.0012723963546296955 -0.0016737248426689452 -0.00082822328232440398 0.0030941247642091302 0.0038716490619773998 0.0038546479146737127 0.00036015438296210436 -0.0020856260454956998 -0.0011939185181275207 -0.0034950944737716844 0.0012815390454269009 0.00022307212505301517 0.0016226354251155425 0.00023020477473240146 0.00064059802609866894 -0.0027875221532553257 9.8569129113766781e-05 0.0013742099838489957 -0.00065502934952605513 0.001481673454411771 0.0002666411727689024 0.00018681708991968477 -0.0029998498176041256 -2.8568615117516769e-06 0.0012849069450734303 -0.002149916637742662 -0.001202347170651621 0.0011393881763231363
leaf_weight=17189 44667 18518 78874 20767 322573 17984 7871 7814 243587 26566 77254 30668 74140 124996 142738 86811 12668 15702 37591 39572 172088 11947 84392 205968 16247 54459 40011 114651 116518 46290
leaf_count=17189 44667 18518 78874 20767 322573 17984 7871 7814 243587 26566 77254 30668 74140 124996 142738 86811 12668 15702 37591 39572 172088 11947 84392 205968 16247 54459 40011 114651 116518 46290
internal_value=-0.0001989 0.00020263 -0.00126394 -0.000168357 -0.00017547 0.000900045 0.000594999 0.00018343 -0.000334891 0.000119576 -0.00159035 -0.00202542 0.00126803 -0.000529276 0.00115892 0.000543013 0.00186806 -0.00121985 -0.00077089 0.00178927 -0.000217212 -0.000516248 0.000741325 0.000466154 -0.00156707 0.000187675 0.00054263 -0.00179235 -0.00139079 0.000361655
internal_weight=2.31112e+06 1.67837e+06 632754 145249 1.08834e+06 590030 186580 128060 901757 270153 487505 224193 319254 631604 301270 107293 20482 263312 114845 47443 309031 184035 158532 270776 148467 139137 94470 193525 132220 252258
internal_count=2311121 1678367 632754 145249 1088337 590030 186580 128060 901757 270153 487505 224193 319254 631604 301270 107293 20482 263312 114845 47443 309031 184035 158532 270776 148467 139137 94470 193525 132220 252258
is_linear=0
shrinkage=0.05


Tree=41
num_leaves=31
num_cat=0
split_feature=0 2 2 5 0 0 6 2 6 6 5 0 3 6 3 4 4 4 5 5 2 0 2 6 2 4 5 5 5 6
split_gain=378.642 173.997 67.0959 55.8242 69.7601 49.6902 56.6337 40.5319 29.3848 29.1144 28.3057 28.2118 17.4092 15.928 15.4647 15.3071 15.2511 17.2524 15.13 15.0189 15.5623 14.9439 13.6764 13.3488 13.308 13.1707 13.1099 13.9363 13.093 12.5431
threshold=-0.65596273541450489 0.0098310387693345564 -1.0000000180025095e-35 -0.3583796620368957 0.74660810828208934 0.80235829949378978 -1.418711185455322 -1.0000000180025095e-35 1.6128247976303103 -1.6132263541221616 0.36146140098571783 0.97787255048751842 -1.0000000180025095e-35 -2.1657867431640621 -0.22387231141328809 -1.4828208088874815 -1.5550752878189085 -2.4324173927307124 0.90860098600387584 0.57548052072525036 -0.98160985112190235 -0.9940187633037566 0.94641336798667919 -0.077929638326168046 -0.035772241652011864 1.8657027482986452 -0.13584095984697339 0.42061603069305425 -0.27441576123237604 -0.92427748441696156
decision_type=2 2 2 2 2 2 2 2 2 2 2 2 2 2 2 2 2 2 2 2 2 2 2 2 2 2 2 2 2 2
left_child=2 5 9 13 8 6 16 10 15 21 24 22 14 -3 -9 -5 17 -2 23 20 -11 -1 -6 -14 -8 -22 -17 -28 -25 -15
right_child=1 3 -4 4 11 -7 7 12 -10 19 -12 -13 18 29 -16 26 -18 -19 -20 -21 25 -23 -24 28 -26 -27 27 -29 -30 -31
leaf_value=-0.0038198225269597016 -0.00031713833951711355 0.0041100364793322667 -0.00079323142040550179 -0.002268339747860895 0.0015626429593087654 0.00054186291930378636 -0.00073871545757626619 -0.00049373725354478039 -0.00064562208089545276 -0.001702489724684795 -0.0022599043827478222 0.002589709124567143 0.00019833695163747522 0.0015106677414502207 -0.001703278703753881 0.0011102994898763649 0.00011873313104562042 0.0016656985227378514 0.0012016261356048205 -0.005104545026004422 -0.0026728637586687751 -0.00096736572375984002 0.00070221721466135791 0.0024325826073802676 -0.002370369396817272 0.0010969087245631579 0.00015990885083116534 0.0016890954733722935 -0.00048406989125854744 0.0035682883701359941
leaf_weight=4854 14985 9861 266625 5053 82786 172312 201489 127199 79415 97865 41950 37223 132885 38879 33352 66648 109265 40907 20363 4402 99728 82485 104510 3906 13316 2367 170540 16316 221550 9152
leaf_count=4854 14985 9861 266625 5053 82786 172312 201489 127199 79415 97865 41950 37223 132885 38879 33352 66648 109265 40907 20363 4402 99728 82485 104510 3906 13316 2367 170540 16316 221550 9152
internal_value=-0.000232568 0.000128443 -0.00136659 0.000801598 0.000649412 -0.000239996 -0.000380167 -0.000554989 0.00019556 -0.00189062 -0.00107204 0.00133256 -0.000308788 0.00227991 -0.000745091 0.000453942 0.000462408 0.00113413 -0.000123803 -0.00221719 -0.00215337 -0.00112631 0.00108259 -0.000199153 -0.000839969 -0.00258537 0.000508291 0.000293518 -0.000433434 0.0019034
internal_weight=2.31219e+06 1.75386e+06 558326 620383 562491 1.13348e+06 961167 796010 337972 291701 256755 224519 539255 57892 160551 258557 165157 55892 378704 204362 199960 87339 187296 358341 214805 102095 253504 186856 225456 48031
internal_count=2312188 1753862 558326 620383 562491 1133479 961167 796010 337972 291701 256755 224519 539255 57892 160551 258557 165157 55892 378704 204362 199960 87339 187296 358341 214805 102095 253504 186856 225456 48031
is_linear=0
shrinkage=0.05


Tree=42
num_leaves=31
num_cat=0
split_feature=0 0 6 0 6 6 3 5 1 5 5 1 4 1 3 6 5 6 3 6 4 6 4 1 1 5 0 3 5 6
split_gain=354.952 106.419 106.305 46.1924 34.293 31.9089 32.0011 28.8138 27.5759 24.8914 29.9182 23.8545 38.1325 22.6081 22.5354 22.3707 21.0541 19.9532 18.4053 20.3597 22.5828 17.8028 16.4234 25.2675 15.2982 15.087 15.0819 14.3481 19.2867 12.5874
threshold=0.30589497089385992 -0.65596273541450489 -1.4372394680976865 0.87261012196540844 1.8162129521369936 -1.6550505161285398 -1.0000000180025095e-35 0.32643555104732519 -0.84513339400291432 0.99949368834495556 0.27558758854866033 -0.53845176100730885 -1.5550752878189085 0.86236923933029186 -0.57401171326637257 -1.491922855377197 0.35523119568824774 -2.5572357177734371 -1.0000000180025095e-35 -0.058479029685258858 0.13782754540443423 1.8162129521369936 -2.4324173927307124 -0.38110658526420588 0.77017816901206981 0.90860098600387584 -0.95113149285316456 1.0000000180025095e-35 -0.50804144144058216 2.1946814060211186
decision_type=2 2 2 2 2 2 2 2 2 2 2 2 2 2 2 2 2 2 2 2 2 2 2 2 2 2 2 2 2 2
left_child=1 5 11 4 15 8 14 18 -1 10 -6 -3 17 25 -7 -2 -16 -13 -4 -20 -21 24 -19 -24 -8 29 -10 -5 -29 -9
right_child=3 2 7 27 9 6 21 13 26 -11 -12 12 -14 -15 16 -17 -18 22 19 20 -22 -23 23 -25 -26 -27 -28 28 -30 -31
leaf_value=-0.0019406659854092922 0.0014864315611256575 -7.6960927461063131e-05 -0.00077088395586232764 0.00061804071185601981 0.0008900393946223872 -0.0014409572506473636 -0.00089483778458885113 -0.0012694837648347939 -0.001228025517167072 0.0033623566967050482 -0.0012223456095756203 0.0053354765590858579 0.00055301235286935892 0.0028951177604116174 -0.0022160208581952423 0.00039674743830661651 -0.0049716961088679817 0.00014036389838977643 0.00024089872113510367 -0.00129358220049171 -0.000111190665898235 -0.0026779056970251363 9.1142996668378297e-05 0.0036781459750209323 0.0021057153798714747 0.00040437815644181414 0.00019198339669030515 0.0058943344448897945 0.0013248145210338438 -0.0026086529923918058
leaf_weight=27411 52372 51497 242159 92087 22250 145683 175632 107322 24705 3924 67875 5332 73008 3225 81275 467275 7577 8467 146323 65292 105830 13919 6769 17867 4344 11461 76809 2330 180757 20984
leaf_count=27411 52372 51497 242159 92087 22250 145683 175632 107322 24705 3924 67875 5332 73008 3225 81275 467275 7577 8467 146323 65292 105830 13919 6769 17867 4344 11461 76809 2330 180757 20984
internal_value=-0.000194919 -0.000684602 -0.000337605 0.000588957 0.000347589 -0.00122345 -0.00143098 -0.000604453 -0.000533739 -0.000530934 -0.000700801 0.000813009 0.00122423 -0.00123787 -0.0018239 0.000506596 -0.00245155 0.00249874 -0.000442581 -0.000192123 -0.000562384 -0.00095564 0.00204034 0.00269302 -0.000822302 -0.00133344 -0.000153685 0.00112723 0.00138329 -0.00148869
internal_weight=2.31176e+06 1.42289e+06 865536 888870 613696 557355 428430 702596 128925 94049 90125 162940 111443 142992 234535 519647 88852 38435 559604 317445 171122 193895 33103 24636 179976 139767 101514 275174 183087 128306
internal_count=2311761 1422891 865536 888870 613696 557355 428430 702596 128925 94049 90125 162940 111443 142992 234535 519647 88852 38435 559604 317445 171122 193895 33103 24636 179976 139767 101514 275174 183087 128306
is_linear=0
shrinkage=0.05


Tree=43
num_leaves=31
num_cat=0
split_feature=0 6 0 0 5 3 1 6 5 5 0 1 6 3 1 4 5 6 4 1 6 3 3 6 6 1 1 3 5 4
split_gain=312.111 79.5308 89.868 73.3164 57.2335 35.4466 28.9176 30.8859 35.4746 24.1523 20.2123 20.0019 19.8136 19.0226 18.4964 17.691 16.1265 19.5922 15.9025 15.7284 19.1936 18.3329 15.2438 14.8843 14.5787 16.2572 14.8435 14.4722 14.1559 12.8383
threshold=0.063726279884576811 -1.3137767314910886 -0.80566337704658497 0.87261012196540844 0.2571586817502976 -1.0000000180025095e-35 0.89063483476638805 2.1180415153503422 0.99949368834495556 0.42794466018676763 -0.5964512526988982 -0.89558774232864369 -1.7945935726165769 -1.0000000180025095e-35 0.84963673353195202 1.671678960323334 0.99949368834495556 2.1946814060211186 1.9015075564384463 -0.74046763777732838 -1.8698875308036802 -0.096541959792375551 -1.7527806162834165 0.72483143210411083 0.097738213837146773 0.24749344587326053 0.79163131117820751 -0.58812123537063588 0.56190520524978649 1.4604421854019167
decision_type=2 2 2 2 2 2 2 2 2 2 2 2 2 2 2 2 2 2 2 2 2 2 2 2 2 2 2 2 2 2
left_child=1 2 11 4 12 9 7 29 -9 10 15 22 -2 -14 -5 27 17 -7 28 -4 -21 -22 -1 -17 25 -15 -26 -3 -11 -6
right_child=3 5 19 14 6 16 -8 8 -10 18 -12 -13 13 24 -16 23 -18 -19 -20 20 21 -23 -24 -25 26 -27 -28 -29 -30 -31
leaf_value=-0.0039636010952170632 0.0014747567529304131 -0.0012781653198436337 -0.00050369762077153053 0.00098692428263306574 -0.00066718865352727145 -0.00064746543581598493 0.0025297372899476299 -0.0018174169204611631 0.0039597454479701061 -0.0033983722350644919 -0.00081788931722007641 -0.00082679362552682146 -1.145660351240602e-05 0.000494601156359724 0.0021434924140260317 0.0046796885375986544 0.0010580091101889302 -0.0020863702156792836 -0.0017420023996164832 0.0013261240107257262 -0.00018503298558352624 0.0012787440064768408 -0.0011333696912675867 -0.0010687966096156742 0.00041446363811444334 0.0014451971883861403 -0.0013273579868720497 -0.0021516159348949943 -0.0079880555240900569 0.00020246660296423434
leaf_weight=9700 46067 118480 28611 234247 79944 440624 7901 55345 2782 7702 170366 114998 187938 99860 40557 2044 13032 24992 12968 81349 66342 31558 9350 2486 155859 81852 13263 79158 2153 90436
leaf_count=9700 46067 118480 28611 234247 79944 440624 7901 55345 2782 7702 170366 114998 187938 99860 40557 2044 13032 24992 12968 81349 66342 31558 9350 2486 155859 81852 13263 79158 2153 90436
internal_value=-0.000161116 -0.00071268 -6.61472e-05 0.000450767 0.000214207 -0.000965598 -0.000442297 -0.000545166 -0.00154028 -0.00131596 -0.00121917 -0.00107553 0.000479586 0.00039447 0.00115769 -0.00155726 -0.000676182 -0.000724742 -0.00289468 0.000584817 0.00075858 0.000286897 -0.00257581 0.0015296 0.000611915 0.000922852 0.000277795 -0.00162809 -0.00440815 -0.0002056
internal_weight=2.31196e+06 1.21591e+06 341908 1.09605e+06 821247 874005 236408 228507 58127 395357 372534 134048 584839 538772 274804 202168 478648 465616 22823 207860 179249 97900 19050 4530 350834 181712 169122 197638 9855 170380
internal_count=2311964 1215913 341908 1096051 821247 874005 236408 228507 58127 395357 372534 134048 584839 538772 274804 202168 478648 465616 22823 207860 179249 97900 19050 4530 350834 181712 169122 197638 9855 170380
is_linear=0
shrinkage=0.05


Tree=44
num_leaves=31
num_cat=0
split_feature=2 2 4 0 0 3 4 5 0 3 3 0 2 1 5 5 5 4 5 5 3 4 4 4 5 1 2 4 1 5
split_gain=354.143 151.108 60.194 51.7505 44.5264 42.2742 43.104 38.9543 36.5902 32.3506 31.0614 26.6991 26.5208 24.6104 23.6467 22.3977 21.4709 20.8103 20.199 19.9736 17.2142 17.0053 16.3742 15.6939 15.0391 14.9958 18.1491 14.3908 14.2291 13.9073
threshold=1.0000000180025095e-35 -0.006997479358687996 -1.0666817426681516 0.86668020486831676 -0.85152634978294361 -1.0000000180025095e-35 0.58343529701232921 -0.3583796620368957 -0.62200409173965443 -2.9724898338317867 -0.096541959792375551 0.62759569287300121 -0.18421044200658795 -0.59753295779228199 0.22586808353662494 0.90860098600387584 0.6999318301677705 -1.5312801003456114 -0.99973702430725087 0.33201378583908087 -2.4137772321701045 -2.1527827978134151 -1.4573532342910764 0.72954457998275768 -0.62716862559318531 0.57970392704010021 -0.46169391274452204 -2.3515261411666866 0.17247149348258975 -0.59447258710861195
decision_type=2 2 2 2 2 2 2 2 2 2 2 2 2 2 2 2 2 2 2 2 2 2 2 2 2 2 2 2 2 2
left_child=1 2 4 7 28 6 18 -2 12 29 23 21 19 24 20 -16 25 -13 -3 -4 -9 27 -22 -8 -11 26 -10 -7 -1 -6
right_child=3 5 8 -5 9 11 10 14 16 13 -12 17 -14 -15 15 -17 -18 -19 -20 -21 22 -23 -24 -25 -26 -27 -28 -29 -30 -31
leaf_value=-0.001359507473949705 0.0018571902533155002 -0.0031452250445713082 -0.0015642815843900839 0.0016228101175762262 0.0052826798439040389 0.00041093493724677217 -0.0029745239688913796 0.0044612069861462919 -0.00051313216419374044 -0.004566727894989092 -0.004485955690406297 0.0028086324073110331 -0.0036034675283161083 0.00038219914483818762 -0.00018729622152692857 0.0041295195467515649 -0.0046713320824573442 0.00043030929505180583 -0.00025623296817322064 -0.0032048556929745137 -0.0017048746798018672 -0.00020397877951496002 0.00070392551915748826 -0.00097632271180910868 -0.0009316605193956831 -0.0023447853247539588 -0.0014262828326606111 0.0035907456691988537 -0.0053702632521445762 0.0012272069354768551
leaf_weight=46272 52853 6173 181698 155475 4196 10972 11611 2973 142818 3655 8415 9667 20886 79685 143668 3059 3973 185884 282192 20666 7229 454102 278689 63792 12759 18383 87916 5258 2314 4266
leaf_count=46272 52853 6173 181698 155475 4196 10972 11611 2973 142818 3655 8415 9667 20886 79685 143668 3059 3973 185884 282192 20666 7229 454102 278689 63792 12759 18383 87916 5258 2314 4266
internal_value=-0.000167583 -0.000552172 -0.00116338 0.000828336 -0.000301056 -0.000181526 -0.00060831 0.000575436 -0.00144061 0.00028012 -0.00160629 5.70223e-05 -0.00190721 1.89985e-05 0.000419883 -9.70229e-05 -0.00102896 0.000548019 -0.000318184 -0.00173197 0.000682412 -0.000147128 0.000642965 -0.00128437 -0.00174339 -0.000970688 -0.000861114 0.00144267 -0.00155159 0.00324203
internal_weight=2.3115e+06 1.66755e+06 629487 643946 153147 1.03807e+06 372183 488471 476340 104561 83818 665883 223250 96099 435618 146727 253090 195551 288365 202364 288891 470332 285918 75403 16414 249117 230734 16230 48586 8462
internal_count=2311499 1667553 629487 643946 153147 1038066 372183 488471 476340 104561 83818 665883 223250 96099 435618 146727 253090 195551 288365 202364 288891 470332 285918 75403 16414 249117 230734 16230 48586 8462
is_linear=0
shrinkage=0.05


Tree=45
num_leaves=31
num_cat=0
split_feature=0 6 0 5 3 0 5 6 1 0 6 5 3 1 4 5 0 6 3 1 4 5 3 6 4 3 3 6 5 4
split_gain=291.863 83.6583 56.5289 59.0239 49.3774 47.9985 38.6262 29.0457 32.0698 24.8285 23.7862 25.3834 22.2108 21.5446 26.9136 16.8634 16.5972 14.8137 21.618 16.2219 18.187 14.3303 18.5339 13.6847 13.6273 12.9678 15.2373 13.4792 12.8123 12.3693
threshold=-0.10950375348329543 -1.3137767314910886 0.84808483719825756 -0.1893677935004234 -1.0000000180025095e-35 -0.77744808793067921 0.24332106113433841 -2.4182486534118648 -0.83402714133262623 -0.61359015107154835 2.048276543617249 0.99949368834495556 -0.43246197700500483 0.74004125595092785 1.3284943103790285 -0.99973702430725087 0.32655765116214758 -1.6132263541221616 0.015280820429325105 -0.40662343800067896 -1.5550752878189085 -0.99973702430725087 -0.070287585258483873 0.3440276980400086 1.3723602294921877 0.008400850463658573 1.8226015567779543 3.0880469083786015 -0.53031587600707997 -0.038601683452725404
decision_type=2 2 2 2 2 2 2 2 2 2 2 2 2 2 2 2 2 2 2 2 2 2 2 2 2 2 2 2 2 2
left_child=1 5 3 15 6 21 9 8 -7 12 16 13 -3 14 -12 -2 -5 19 -19 -17 -21 22 -1 24 -8 -4 28 -28 -27 -23
right_child=2 4 25 10 -6 7 23 -9 -10 -11 11 -13 -14 -15 -16 17 -18 18 -20 20 -22 29 -24 -25 -26 26 27 -29 -30 -31
leaf_value=-0.0049745614827279711 -0.0013491989641896275 -0.0012521862422667951 0.0005011851828961273 -0.00026867250678835598 -0.00066470319349016779 -0.0027722048417164174 -0.0063166942638598206 0.00018575426322852567 0.0023942294639386227 -0.00066801566219542186 -0.00040564615932006816 0.0030941246110391795 -0.0025014804049302355 0.00068215293291781385 -0.0024080856290618624 0.00061259833521637842 0.00026316971079465073 0.00014378063064755608 0.0013289350476111304 0.0034891464189629679 0.0013415711080767272 -0.00052298441467783124 0.00073648124679848344 -0.0023252180457176167 -0.0020230626674970277 0.0052058165197258581 2.0593562496957606e-05 0.0021206681973235035 0.0013703567269019484 -0.0027492532813871706
leaf_weight=4214 8301 123886 105876 242466 402135 3344 4568 134478 28867 116605 33610 3916 49932 15139 33510 27510 371343 85993 69630 16156 25324 132647 2137 54743 3121 2200 40251 9421 154031 6538
leaf_count=4214 8301 123886 105876 242466 402135 3344 4568 134478 28867 116605 33610 3916 49932 15139 33510 27510 371343 85993 69630 16156 25324 132647 2137 54743 3121 2200 40251 9421 154031 6538
internal_value=-0.000152117 -0.00075882 0.000368086 0.000173284 -0.0010435 -7.04247e-05 -0.00147517 0.000508833 0.00185718 -0.00123254 -5.61336e-05 -0.000833966 -0.00161119 -0.00102132 -0.00140558 0.000862732 5.30812e-05 0.000944535 0.000674103 0.00155437 0.00217867 -0.000733864 -0.00305476 -0.00260345 -0.00457878 0.000950943 0.00118217 0.000419249 0.0014247 -0.00062775
internal_weight=2.31189e+06 1.06722e+06 1.24468e+06 932898 754990 312225 352855 166689 32211 290423 699984 86175 173818 82259 67120 232914 613809 224613 155623 68990 41480 145536 6351 62432 7689 311779 205903 49672 156231 139185
internal_count=2311892 1067215 1244677 932898 754990 312225 352855 166689 32211 290423 699984 86175 173818 82259 67120 232914 613809 224613 155623 68990 41480 145536 6351 62432 7689 311779 205903 49672 156231 139185
is_linear=0
shrinkage=0.05


Tree=46
num_leaves=31
num_cat=0
split_feature=2 2 6 6 0 5 0 0 0 2 0 6 4 6 3 2 4 5 5 3 4 6 4 4 3 6 5 5 3 6
split_gain=330.647 137.712 83.7643 54.2106 40.0619 39.4072 38.6147 35.6923 31.1843 28.7993 28.6844 27.9244 24.373 22.5079 21.0153 20.0964 16.9497 16.7107 16.6266 16.6202 16.4593 15.3828 14.023 13.4542 13.1153 12.9447 12.7245 12.5514 11.8364 12.0903
threshold=0.0070250683929771194 -1.0000000180025095e-35 -1.5696938037872312 2.1180415153503422 0.8089067041873933 -0.47192300856113428 0.49334959685802465 -0.70412594079971302 0.71618840098381054 -1.2410838603973386 -0.65596273541450489 -2.4182486534118648 1.349574148654938 -1.418711185455322 -1.0000000180025095e-35 0.39242631196975714 -1.7034136056900022 0.78955692052841198 0.44315165281295782 -0.36915747821331019 1.2870445847511294 -1.7459506392478941 -1.4354330301284788 2.0675699710845952 -0.56056067347526539 1.5331871509552004 0.40655282139778143 -0.99973702430725087 -0.48320703208446497 0.93843004107475292
decision_type=2 2 2 2 2 2 2 2 2 2 2 2 2 2 2 2 2 2 2 2 2 2 2 2 2 2 2 2 2 2
left_child=1 2 10 5 12 -2 13 9 21 26 27 -12 -5 19 18 -10 -9 -16 28 -3 -19 -7 -8 -20 -11 -18 -4 -1 29 -15
right_child=3 6 7 4 -6 8 22 16 15 24 11 -13 -14 14 17 -17 25 20 23 -21 -22 -23 -24 -25 -26 -27 -28 -29 -30 -31
leaf_value=-0.0045209250348522759 0.0027464396118512054 -0.00019618446793491157 -0.0010190833293439762 -0.00015924007982786182 0.00091300687964144568 0.001926848960096526 0.0014943333357751993 0.0007127224731219425 0.0023674296847035902 -0.0017964197096753875 0.0022425497468593959 1.8505251977110096e-05 -0.0024117428368055859 -0.00064742008028095192 -0.00037337618340979004 0.0011296811158959003 -0.0010226685826916005 0.0035073180725067087 -0.0043493566568602792 0.00096460058516385089 0.00031641871682440317 0.00049603439799544337 0.0002038818991521464 -0.00089881132456890985 -0.0029220281821790922 -0.0019403365004478828 -0.0037342490605273924 -0.00059971367715136361 -0.0012973362365685179 0.0011521015138193349
leaf_weight=2079 30448 86303 65816 23532 35097 20039 22667 12440 40923 41910 19887 48556 24519 100051 368990 165228 234972 5051 6188 47969 20071 298356 293917 5203 67954 45956 4610 88955 73894 10285
leaf_count=2079 30448 86303 65816 23532 35097 20039 22667 12440 40923 41910 19887 48556 24519 100051 368990 165228 234972 5051 6188 47969 20071 298356 293917 5203 67954 45956 4610 88955 73894 10285
internal_value=-0.000148835 -0.000518057 -0.00109949 0.000819555 -0.000371023 0.000997929 -0.000164283 -0.00143319 0.000896384 -0.00198687 -0.000108341 0.000664963 -0.00130889 -0.000365691 -0.000498714 0.00137549 -0.00109287 -0.000288416 -0.000922358 0.00021855 0.000959118 0.000586144 0.000296321 -0.00277544 -0.00249284 -0.00117285 -0.00119732 -0.000689752 -0.000807637 -0.000479588
internal_weight=2.31187e+06 1.67372e+06 633135 638142 83148 554994 1.04059e+06 473658 524546 180290 159477 68443 48051 724005 589733 206151 293368 394112 195621 134272 25122 318395 316584 11391 109864 280928 70426 91034 184230 110336
internal_count=2311866 1673724 633135 638142 83148 554994 1040589 473658 524546 180290 159477 68443 48051 724005 589733 206151 293368 394112 195621 134272 25122 318395 316584 11391 109864 280928 70426 91034 184230 110336
is_linear=0
shrinkage=0.05


Tree=47
num_leaves=31
num_cat=0
split_feature=2 2 6 5 1 1 6 5 4 1 4 5 6 5 5 6 3 1 4 6 2 4 6 5 4 6 3 1 1 6
split_gain=285.755 124.42 110.902 45.7813 36.2357 33.9983 30.538 29.67 26.6796 26.2217 26.5106 27.3233 21.9551 21.2598 18.4125 17.7268 17.7133 17.6178 17.4382 16.4632 16.1334 15.3831 14.3257 15.7207 14.0492 25.4378 28.1169 23.0426 20.5469 16.5987
threshold=0.0098310387693345564 -0.010075215715914963 -1.6132263541221616 -0.3583796620368957 -0.76997607946395863 0.82561737298965465 1.5722481012344363 0.22149873524904254 1.091268837451935 -0.036861756816506379 -2.0444309711456294 0.90860098600387584 -0.666490077972412 0.99949368834495556 0.42794466018676763 -2.8608354330062862 -1.8789469003677366 0.4201692938804627 0.52765402197837841 2.3895566463470463 -0.046624336391687386 2.5132069587707524 0.48593451082706457 0.29527062177658087 0.13782754540443423 0.13680260628461841 0.22374053299427035 0.19074089080095294 -0.024615407921373841 -0.92427748441696156
decision_type=2 2 2 2 2 2 2 2 2 2 2 2 2 2 2 2 2 2 2 2 2 2 2 2 2 2 2 2 2 2
left_child=1 2 4 -2 -1 6 16 20 -8 12 -11 14 18 19 -12 -6 -5 21 -3 -10 24 -13 23 -9 25 26 29 28 -26 -4
right_child=3 9 7 5 15 -7 8 22 13 10 11 17 -14 -15 -16 -17 -18 -19 -20 -21 -22 -23 -24 -25 27 -27 -28 -29 -30 -31
leaf_value=-0.0014554632149288279 0.0020482133862066562 -6.6614062420233082e-05 -0.0010033340420302083 0.0028645127293961525 0.0019668032693760402 0.0021002426174434028 0.000660439593423105 -0.0022959804805903973 -0.0003312429329104172 0.0022071197226634499 5.0561974157205795e-05 0.0008237899152834969 -0.00076741218085872533 0.0041449923611065398 -0.00077327366515977285 0.00024119126797452612 0.00066651932574848935 0.0023787840334227321 -0.0035844398563701046 -0.0018463270488206307 -0.0028258844068658443 -0.004029458856075206 -0.0019550816858232237 -0.0059964092561836293 -0.00071805740939735556 -0.0025518085684552898 5.5191024599650876e-05 -0.0019452328458179466 0.0011158532047794768 -0.00209272677747268
leaf_weight=29868 59688 256015 82633 9378 17365 35135 59807 7187 50525 13988 415090 7221 256290 2163 81058 103787 389808 19104 3562 27788 15057 2099 105362 4793 70973 38817 38638 28897 19451 60654
leaf_count=29868 59688 256015 82633 9378 17365 35135 59807 7187 50525 13988 415090 7221 256290 2163 81058 103787 389808 19104 3562 27788 15057 2099 105362 4793 70973 38817 38638 28897 19451 60654
internal_value=-0.000173716 -0.000515471 -0.00107539 0.00073033 0.000104097 0.000593399 0.000495223 -0.0014524 -0.000139358 -0.000184386 5.96442e-05 2.33958e-06 -0.000439148 -0.000733749 -8.40447e-05 0.000488669 0.000718227 0.0015097 -0.000115023 -0.000869011 -0.00122457 -0.00027238 -0.00214173 -0.00378023 -0.00115358 -0.00138988 -0.00114183 -0.00071637 -0.000323487 -0.00146459
internal_weight=2.3122e+06 1.67791e+06 623482 634292 151020 574604 539469 472462 140283 1.05443e+06 538560 524572 515867 80476 496148 121152 399186 28424 259577 78313 355120 9320 117342 11980 340063 220742 181925 119321 90424 143287
internal_count=2312201 1677909 623482 634292 151020 574604 539469 472462 140283 1054427 538560 524572 515867 80476 496148 121152 399186 28424 259577 78313 355120 9320 117342 11980 340063 220742 181925 119321 90424 143287
is_linear=0
shrinkage=0.05


Tree=48
num_leaves=31
num_cat=0
split_feature=2 0 6 0 2 6 2 3 0 1 2 4 1 1 6 4 1 1 6 4 4 1 6 4 2 6 6 1 4 4
split_gain=282.348 122.183 99.0769 45.424 40.3403 40.3921 38.3089 32.7742 31.5872 24.5357 24.2883 24.1383 30.5032 20.573 19.5983 18.5747 17.6653 17.5838 16.8967 16.0208 15.8992 15.1529 14.7622 24.09 14.5866 13.4477 12.9661 12.9076 12.8053 12.1851
threshold=-1.0000000180025095e-35 0.74660810828208934 -1.590422451496124 -0.77066680788993824 1.0000000180025095e-35 2.1946814060211186 0.0098310387693345564 -2.835092186927795 -0.64779317378997792 -0.84513339400291432 1.1415223479270937 0.40721711516380316 -0.030541692860424515 0.78076505661010753 -3.0223786830902095 -1.6739913225173948 0.46981067955493933 0.69340446591377269 1.8687108755111697 0.59763443470001232 -1.6422768235206602 0.43397301435470587 -0.51778429746627797 -0.12641214579343793 -0.46169391274452204 2.2368354797363286 -0.19358895719051358 -0.38736727833747858 0.54145249724388134 -0.3958145380020141
decision_type=2 2 2 2 2 2 2 2 2 2 2 2 2 2 2 2 2 2 2 2 2 2 2 2 2 2 2 2 2 2
left_child=2 4 3 24 11 7 16 -6 18 -5 -8 12 22 28 20 -9 -3 -13 -4 -19 -11 25 -2 -24 -1 -10 -14 -16 -7 -23
right_child=1 6 8 9 5 13 10 15 21 14 -12 17 26 -15 27 -17 -18 19 -20 -21 -22 29 23 -25 -26 -27 -28 -29 -30 -31
leaf_value=-0.00061064674309320444 -0.00022052203131127341 -9.250718985896915e-05 -0.0018503683467897642 -0.0044910028979132004 0.0052799966869693828 0.001247014588419275 0.0017633738758983494 0.0016510092840441887 -0.00088241027930413606 0.00562274130162972 0.00075489433437790924 -0.00084420704217418616 0.00067182476820419059 0.0028914784089769351 -8.1697866615231319e-05 0.00030086163237131973 0.00085550393292115274 -0.0026327497906466694 -0.0044741257431780987 0.00076565114616162578 0.0013322483430101301 -0.00026031681562480567 -0.0017280595166106368 -0.00011529791981436599 -0.0024978005073380462 -0.0035223487171590906 -0.00011983389331627121 0.0012516037008788979 -0.0019300591909572789 -0.0023160821420813351
leaf_weight=59410 252059 108482 199118 2145 3469 3525 123761 27565 220747 3713 115392 246305 124196 2735 33317 334498 89819 3913 6327 29898 5161 8893 48493 44308 12365 4923 88624 39867 31082 38097
leaf_count=59410 252059 108482 199118 2145 3469 3525 123761 27565 220747 3713 115392 246305 124196 2735 33317 334498 89819 3913 6327 29898 5161 8893 48493 44308 12365 4923 88624 39867 31082 38097
internal_value=-0.000207346 0.000132288 -0.00110619 -1.19435e-05 -0.000121052 0.000290089 0.000850775 0.000450116 -0.00146317 0.000775793 0.00127683 -0.00031876 -0.000128547 -0.00127608 0.000913998 0.000403695 0.000336909 -0.000697436 -0.00193138 0.000371687 0.00313176 -0.00111032 -0.000419035 -0.000958139 -0.000936058 -0.000940154 0.000342167 0.00064469 -0.00160618 -0.00192716
internal_weight=2.31221e+06 1.67812e+06 634083 155978 1.24067e+06 402874 437454 365532 478105 84203 239153 837796 557680 37342 82058 362063 198301 280116 205445 33811 8874 272660 344860 92801 71775 225670 212820 73184 34607 46990
internal_count=2312207 1678124 634083 155978 1240670 402874 437454 365532 478105 84203 239153 837796 557680 37342 82058 362063 198301 280116 205445 33811 8874 272660 344860 92801 71775 225670 212820 73184 34607 46990
is_linear=0
shrinkage=0.05


Tree=49
num_leaves=31
num_cat=0
split_feature=2 0 6 6 1 0 2 3 3 4 1 3 2 3 2 3 1 0 6 4 4 6 2 6 4 4 0 4 1 0
split_gain=299.416 117.04 96.9922 47.7142 43.8036 35.6625 29.6248 28.9894 22.5535 19.7902 21.1276 20.935 18.67 19.9204 18.4275 17.9898 17.356 16.6941 16.1522 15.6631 15.2426 14.608 13.9783 20.9482 13.8506 13.2939 13.0696 12.2377 15.4141 10.576
threshold=-1.0000000180025095e-35 0.61885374784469616 -1.5696938037872312 -1.4018359184265134 -0.83402714133262623 -0.67216679453849781 0.0070250683929771194 -1.0000000180025095e-35 -0.35607585310935969 -1.6422768235206602 -0.42751675844192499 -2.4137772321701045 0.013767087832093241 -2.5984275341033931 1.1415223479270937 -0.35607585310935969 -0.87017327547073353 -0.60482665896415699 -2.5572357177734371 -1.8020608425140379 1.9413452148437502 -0.19358895719051358 0.0070250683929771194 2.1546887159347539 0.03782011196017266 -0.051764616742730134 0.9848899543285371 1.4371486306190493 0.56432080268859874 -0.61359015107154835
decision_type=2 2 2 2 2 2 2 2 2 2 2 2 2 2 2 2 2 2 2 2 2 2 2 2 2 2 2 2 2 2
left_child=2 3 4 12 19 8 -3 15 -4 10 11 -6 25 -14 26 16 24 -17 -12 -1 -7 -9 -23 -24 -5 -2 -8 -25 -29 -11
right_child=1 6 5 7 9 20 14 21 -10 29 18 -13 13 -15 -16 17 -18 -19 -20 -21 -22 22 23 27 -26 -27 -28 28 -30 -31
leaf_value=-0.0043471059267578228 0.00041436963485263811 0.00038104528750148914 -0.0014899043463198808 -0.0040051065645534374 0.0021171444678350208 -0.00098493314505906536 0.001327142842387519 0.00027388546530460173 -0.0025802119061883026 -0.00055413067687619291 0.0055475956504295017 -0.00095199436778736074 0.0051018217066963242 0.0011722210082304961 0.00068871311589804949 -0.0023822555271470255 -0.00028206801553328121 -0.0008525762834595144 0.0017475387241296045 -0.0012896494535910245 -0.0024898121042166241 -0.00045119856571587008 0.00045996733697679302 -7.2358208590700228e-05 -0.00031488978574978289 -0.0021475582651026589 0.0029248974669113499 -0.0032188112241807137 0.00041399215734704817 0.00050787941085986732
leaf_weight=5937 139121 260223 109208 5795 8831 263111 153422 209904 83931 54742 3379 14945 3463 45439 143755 23752 183064 71617 16113 14218 17972 269335 115770 15528 4528 5245 13964 9623 4187 40985
leaf_count=5937 139121 260223 109208 5795 8831 263111 153422 209904 83931 54742 3379 14945 3463 45439 143755 23752 183064 71617 16113 14218 17972 269335 115770 15528 4528 5245 13964 9623 4187 40985
internal_value=-0.000156044 0.000193633 -0.00108229 -0.000106478 -1.42225e-05 -0.00144073 0.00077475 -0.000257544 -0.00196382 0.000301699 0.00118899 0.000188371 0.000607214 0.00145148 0.001104 -0.000671799 -0.000394618 -0.00123376 0.0024088 -0.00219198 -0.00108124 -6.59466e-05 -0.000238065 0.000157537 -0.00238833 0.000321149 0.0014606 -0.00103563 -0.00211789 -9.94312e-05
internal_weight=2.31111e+06 1.67774e+06 633372 1.10637e+06 159150 474222 571364 913103 193139 138995 43268 23776 193268 48902 311141 288756 193387 95369 19492 20155 281083 624347 414443 145108 10323 144366 167386 29338 13810 95727
internal_count=2311107 1677735 633372 1106371 159150 474222 571364 913103 193139 138995 43268 23776 193268 48902 311141 288756 193387 95369 19492 20155 281083 624347 414443 145108 10323 144366 167386 29338 13810 95727
is_linear=0
shrinkage=0.05


Tree=50
num_leaves=31
num_cat=0
split_feature=2 0 6 1 5 2 0 2 5 0 6 4 1 4 5 0 0 4 4 0 6 2 5 2 5 4 6 5 2 4
split_gain=323.918 117.398 80.5066 54.8963 53.013 48.8063 39.6255 33.8755 29.6444 29.0867 31.4287 20.4846 19.8 19.1141 17.3585 16.3945 16.3669 17.2176 19.5241 16.3363 15.0316 14.7886 14.0393 14.3345 13.5593 13.4145 13.1028 25.2611 22.6436 17.7118
threshold=-1.0000000180025095e-35 0.530459225177765 -1.7696512341499326 -0.63552019000053395 -0.20548503100872037 0.013767087832093241 -0.39912799000740046 0.0098310387693345564 0.33201378583908087 0.97065550088882457 1.3178550004959109 -1.4828208088874815 -0.90971848368644703 -1.4354330301284788 -0.39615695178508753 0.88967278599739086 -0.86969545483589161 -0.93548238277435292 -1.0840467214584348 -0.93299558758735646 -2.5572357177734371 0.45493161678314215 0.56190520524978649 1.7032423019409182 -0.34720793366432184 1.3284943103790285 2.016121625900269 0.99949368834495556 0.0070250683929771194 -0.62397372722625721
decision_type=2 2 2 2 2 2 2 2 2 2 2 2 2 2 2 2 2 2 2 2 2 2 2 2 2 2 2 2 2 2
left_child=2 4 3 12 5 16 8 13 -4 10 24 20 19 -3 -7 22 17 18 -2 -1 -5 -16 23 -12 -9 -10 28 -28 29 -6
right_child=1 7 6 11 26 14 -8 9 25 -11 15 -13 -14 -15 21 -17 -18 -19 -20 -21 -22 -23 -24 -25 -26 -27 27 -29 -30 -31
leaf_value=-0.0022415739403451296 -0.00072511588010959645 0.0017731776410194779 -0.0015997710404039565 0.0034504860854183482 -0.0017852853141566512 0.0024888930354252364 -0.00086758911679100156 0.0023674593031489492 -0.0051581560525880456 0.00218146030383817 0.00062517703853080494 0.00014046324636157715 -0.0009143427405208436 0.00021566830790132894 0.0021057228983354689 0.0010916488638946309 0.00028168871748531426 0.00082220044275808273 -0.0037279233458669455 -0.0073760637381720135 0.0010622783897020931 0.00016127365395099492 -0.0015496862053004366 -0.0010725509101962062 0.001091117008014126 -0.0026680029999901884 -0.0014159369241879391 0.0026884128806240713 0.00014143252407130199 -0.00043922799312654442
leaf_weight=5533 39682 21169 273888 9389 25900 28804 198182 23714 6732 48575 42373 48921 39734 281867 15662 34602 197340 14866 6260 2150 22088 26008 15754 17585 169952 27745 52331 4029 183943 430783
leaf_count=5533 39682 21169 273888 9389 25900 28804 198182 23714 6732 48575 42373 48921 39734 281867 15662 34602 197340 14866 6260 2150 22088 26008 15754 17585 169952 27745 52331 4029 183943 430783
internal_value=-0.000173639 0.000189623 -0.00113635 -1.50098e-05 -0.00014443 0.000379083 -0.00141929 0.000712212 -0.00177382 0.00104543 0.000863825 0.000780748 -0.00136414 0.000324525 0.0015452 0.000190169 6.06874e-05 -0.000656456 -0.001135 -0.00368612 0.00177551 0.00089244 -0.000221916 0.000127157 0.00124752 -0.00315559 -0.000391264 -0.0011221 -0.00032695 -0.000515605
internal_weight=2.31556e+06 1.6812e+06 634362 127815 1.02561e+06 328622 506547 655591 308365 352555 303980 80398 47417 303036 70474 110314 258148 60808 45942 7683 31477 41670 75712 59958 193666 34477 696986 56360 640626 456683
internal_count=2315561 1681199 634362 127815 1025608 328622 506547 655591 308365 352555 303980 80398 47417 303036 70474 110314 258148 60808 45942 7683 31477 41670 75712 59958 193666 34477 696986 56360 640626 456683
is_linear=0
shrinkage=0.05


Tree=51
num_leaves=31
num_cat=0
split_feature=2 0 6 0 2 6 5 5 0 5 0 1 0 6 2 1 5 0 6 6 1 6 4 6 0 5 1 2 1 1
split_gain=286.58 107.781 86.751 56.8936 41.989 38.3761 37.0107 32.3884 30.7856 26.4308 23.4504 22.2897 20.6123 33.67 20.5451 18.3775 18.9643 17.1696 16.4388 15.5293 17.9135 13.7302 22.9136 13.2019 12.3598 11.7824 14.6856 14.3978 11.8828 12.3637
threshold=-0.006997479358687996 0.29568283259868627 -1.6132263541221616 -0.82581213116645802 0.0098310387693345564 -1.3842247724533079 0.028146868571639064 0.99949368834495556 -0.77066680788993824 0.6038881540298463 -0.84535688161849964 -0.76997607946395863 0.90579307079315197 2.1180415153503422 0.87769624590873729 0.27275566756725317 0.26606598496437078 -0.9468209147453307 -3.2605099678039546 -1.4551919698715208 0.47667472064495092 0.020673842169344429 1.671678960323334 -0.32244597375392908 0.83528757095336925 0.31549416482448583 -0.59039464592933644 -0.94238516688346852 0.1540784761309624 -0.57544410228729237
decision_type=2 2 2 2 2 2 2 2 2 2 2 2 2 2 2 2 2 2 2 2 2 2 2 2 2 2 2 2 2 2
left_child=2 5 3 -1 19 10 14 12 25 -10 -2 -5 13 -8 24 16 17 -7 -13 -3 -21 -22 -23 -17 -6 27 -27 28 29 -4
right_child=1 4 8 11 6 15 7 -9 9 -11 -12 18 -14 -15 -16 23 -18 -19 -20 20 21 22 -24 -25 -26 26 -28 -29 -30 -31
leaf_value=-0.0012640185602043324 -0.00060554914435740227 0.0012906213865702468 -0.0020348528365168039 -0.0019322382114392881 0.0015981092540969012 -0.0014711143026952637 0.00053567087112951111 0.0048128073840414927 -0.0010692000397349774 -0.003623875581603138 0.00076712431820721004 0.0034599756168326558 0.0011188165023111507 -0.001051011479786732 0.00092093724484983489 0.00081377312332230663 -0.00118598888487223 -0.00031284769728863861 0.00075410338691116728 -0.00018314893231019178 0.0014606428715674428 -0.00012595136640145083 0.0015198650455289788 -0.00021359055729037093 0.0028908709584159597 -0.0065895966828795477 -0.0025991827115317231 -0.0023972587451816726 -0.0029762690073167242 -0.00057033840887774382
leaf_weight=59412 41252 29315 22893 7293 60908 35122 136035 4294 312303 10456 126517 6033 77929 44320 92034 40435 100432 358471 79116 226076 31031 86750 27955 137834 26585 2781 13476 65507 9931 38900
leaf_count=59412 41252 29315 22893 7293 60908 35122 136035 4294 312303 10456 126517 6033 77929 44320 92034 40435 100432 358471 79116 226076 31031 86750 27955 137834 26585 2781 13476 65507 9931 38900
internal_value=-0.000186137 0.000153951 -0.00109755 -5.69182e-05 0.000553289 -0.000246895 0.000889363 0.000511058 -0.00142936 -0.00115207 0.000429588 0.000718932 0.000439358 0.000145727 0.00144262 -0.000415713 -0.000572745 -0.00041624 0.000946204 0.000182869 9.5497e-05 0.000527735 0.000275252 1.94688e-05 0.0019912 -0.00201233 -0.00328543 -0.00186128 -0.0013715 -0.00111315
internal_weight=2.3114e+06 1.6833e+06 628101 151854 843232 840063 442105 262578 476247 322759 167769 92442 258284 180355 179527 672294 494025 393593 85149 401127 371812 145736 114705 178269 87493 153488 16257 137231 71724 61793
internal_count=2311396 1683295 628101 151854 843232 840063 442105 262578 476247 322759 167769 92442 258284 180355 179527 672294 494025 393593 85149 401127 371812 145736 114705 178269 87493 153488 16257 137231 71724 61793
is_linear=0
shrinkage=0.05


Tree=52
num_leaves=31
num_cat=0
split_feature=0 6 0 0 3 6 3 1 4 6 5 6 3 6 5 3 6 1 4 0 6 5 1 1 4 3 5 5 6 0
split_gain=231.007 92.8006 59.3128 58.1375 38.378 34.6844 28.3126 27.969 28.4924 23.7403 21.3528 29.4078 18.9709 29.8007 19.1909 18.938 18.3822 17.178 17.0128 17.0103 16.6004 15.6051 14.0218 13.6487 14.3568 13.0779 14.4661 11.6201 11.4571 14.918
threshold=0.12685792893171313 -1.418711185455322 0.93176576495170604 -0.87563678622245777 -1.0000000180025095e-35 -1.4551919698715208 -0.24792656302452085 -0.79026204347610463 -1.6739913225173948 1.5722481012344363 -0.99973702430725087 -2.8608354330062862 -1.0000000180025095e-35 0.15571148693561557 0.90860098600387584 1.7817727923393252 2.048276543617249 0.50558954477310192 -1.910553455352783 -0.92794615030288685 1.1981188058853152 0.62052103877067577 0.19689339399337771 -0.36810369789600367 -2.4324173927307124 1.0000000180025095e-35 -0.20548503100872037 0.38636280596256262 -0.89216989278793324 0.6361585557460786
decision_type=2 2 2 2 2 2 2 2 2 2 2 2 2 2 2 2 2 2 2 2 2 2 2 2 2 2 2 2 2 2
left_child=1 3 5 -1 6 -2 9 -5 10 18 -9 -12 21 28 16 17 -15 -6 -3 -20 -16 -7 -18 -13 -25 -4 -27 -8 29 -14
right_child=2 4 25 7 15 12 27 8 -10 -11 11 23 13 14 20 -17 22 -19 19 -21 -22 -23 -24 24 -26 26 -28 -29 -30 -31
leaf_value=-0.00095301316267943487 0.0011642769999962064 0.00084640853398347841 0.00057816822637083386 -0.0010222919026572615 -0.0006342811798952905 -0.00027286446841012871 -0.0018701957139956725 -0.0028412878600608369 0.00035523499898347695 -0.0039369132546170915 0.0052572521949605482 0.00071250521123766668 -0.00057684497443762984 9.5450695710908034e-05 -0.00057375539997271241 -0.0015865727657807885 0.00095581782923867618 0.00020733120614262226 -0.0018679777328329769 -0.00089520785151165738 0.0025343357477409642 -0.0037100813181329753 -0.00098251663610871508 0.00040371368150088056 0.0031787464093694304 0.0032748893962407342 0.0013263027890129076 -0.0038135064609794963 0.00099871290521959559 0.0010964333132887018
leaf_weight=92180 82642 12234 57284 25303 404241 198776 73261 2489 138291 6936 5778 26335 31163 291055 6387 44506 10658 71323 53545 279802 13093 3348 74479 6536 16263 10447 107574 8599 133795 23249
leaf_count=92180 82642 12234 57284 25303 404241 198776 73261 2489 138291 6936 5778 26335 31163 291055 6387 44506 10658 71323 53545 279802 13093 3348 74479 6536 16263 10447 107574 8599 133795 23249
internal_value=-0.000191507 -0.000645106 0.000359278 0.000101741 -0.000890161 0.000189963 -0.00123708 0.000541717 0.000743985 -0.00104251 0.00168034 0.00188577 8.75076e-05 0.000232034 -1.43311e-05 -0.000600383 -9.35871e-05 -0.000508058 -0.000984302 -0.00105151 0.0015155 -0.00032998 -0.00073978 0.00148831 0.00238373 0.00119819 0.00149905 -0.00207477 0.000749947 0.000138179
internal_weight=2.31157e+06 1.26762e+06 1.04395e+06 313175 954447 868645 434377 220995 195692 352517 57401 54912 786003 583879 395672 520070 376192 475564 345581 333347 19480 202124 85137 49134 22799 175305 118021 81860 188207 54412
internal_count=2311572 1267622 1043950 313175 954447 868645 434377 220995 195692 352517 57401 54912 786003 583879 395672 520070 376192 475564 345581 333347 19480 202124 85137 49134 22799 175305 118021 81860 188207 54412
is_linear=0
shrinkage=0.05


Tree=53
num_leaves=31
num_cat=0
split_feature=0 0 6 0 4 1 3 3 6 6 3 5 5 4 1 1 4 5 1 6 6 5 1 4 4 4 4 4 5 3
split_gain=274.641 71.4695 69.7978 60.3474 37.7641 26.263 25.6709 25.5336 22.3507 21.2135 19.4675 22.0639 18.6372 19.5555 17.5957 16.7059 16.5692 14.576 14.5445 21.0116 14.1758 16.2573 15.7463 15.9244 14.1316 14.0251 13.6318 14.4118 18.2354 18.3448
threshold=0.17992405593395236 -0.67216679453849781 -1.3313165903091428 0.88967278599739086 0.58343529701232921 0.79163131117820751 1.0000000180025095e-35 -3.3704706430435176 -1.5696938037872312 2.1546887159347539 -1.0000000180025095e-35 0.35523119568824774 -0.99973702430725087 0.03782011196017266 -0.55306816101074208 0.80255556106567394 -1.58264684677124 0.25228615105152136 -0.01845807675272226 -0.19358895719051358 2.3330913782119755 0.90860098600387584 0.18474885076284411 1.4173703193664553 1.6175645589828493 -1.8735390305519102 -1.9508823752403257 -2.4324173927307124 -0.69134476780891407 -1.4296348690986631
decision_type=2 2 2 2 2 2 2 2 2 2 2 2 2 2 2 2 2 2 2 2 2 2 2 2 2 2 2 2 2 2
left_child=1 8 7 4 16 20 -5 14 12 18 11 24 -1 25 -3 -11 -2 -7 -4 -20 -6 22 -22 -24 -10 -14 27 28 29 -9
right_child=3 2 9 6 5 17 -8 26 10 15 -12 -13 13 -15 -16 -17 -18 -19 19 -21 21 -23 23 -25 -26 -27 -28 -29 -30 -31
leaf_value=-0.0032832269579692944 0.0013485051937353195 0.001466373731656128 -0.00076300876721657653 0.00042012257501629401 -0.00021123535083379327 -0.0023665063261916882 0.0015006036019544332 -0.0010876124440509641 -0.001492075713281478 -0.0022537536671021715 -0.00088583677523644414 -0.0034545709965712618 0.0006701659528991679 -0.0044982446301439381 0.0065387480160043442 0.0021988683193331069 0.00041407178043729792 0.001686508070923712 0.00041192307087801404 -0.00053414981566037283 0.0014727006447110907 0.0028454152608278719 -0.00071092388675664112 -0.003002033308035328 0.0026053677379115157 -0.00058920088767491546 0.00021519025092552209 0.0023021870684358458 -0.0019738573184235725 0.0037998349522937718
leaf_weight=5870 53608 4302 287180 82146 222532 2440 166235 3338 199432 26578 184140 14710 28189 2848 2836 2280 411956 23564 82815 201385 3835 2239 14335 16114 2118 102346 133838 17918 5814 4498
leaf_count=5870 53608 4302 287180 82146 222532 2440 166235 3338 199432 26578 184140 14710 28189 2848 2836 2280 411956 23564 82815 201385 3835 2239 14335 16114 2118 102346 133838 17918 5814 4498
internal_value=-0.000156949 -0.000632453 -0.000324113 0.000467742 0.000244191 -0.000209037 0.00114329 0.00056215 -0.00107398 -0.000578883 -0.00126375 -0.00158547 -0.000528292 -0.000406815 0.00348801 -0.00190132 0.000521695 0.00130544 -0.00051206 -0.000258462 -0.000361106 -0.00127395 -0.00154372 -0.001924 -0.00144889 -0.00031721 0.000435683 0.00137014 0.00014587 0.00171913
internal_weight=2.31144e+06 1.31244e+06 772782 999004 750623 285059 248381 172544 539653 600238 400400 216260 139253 133383 7138 28858 465564 26004 571380 284200 259055 36523 34284 30449 201550 130535 165406 31568 13650 7836
internal_count=2311439 1312435 772782 999004 750623 285059 248381 172544 539653 600238 400400 216260 139253 133383 7138 28858 465564 26004 571380 284200 259055 36523 34284 30449 201550 130535 165406 31568 13650 7836
is_linear=0
shrinkage=0.05


Tree=54
num_leaves=31
num_cat=0
split_feature=2 2 6 5 0 1 6 1 0 0 5 6 3 3 5 5 2 0 6 1 5 6 1 6 2 3 5 1 2 3
split_gain=272.934 106.066 68.7904 59.3754 58.7216 52.8059 49.4673 37.3591 27.3982 23.5378 23.4543 22.5879 23.9351 24.3574 21.8613 21.1706 20.7642 19.2841 24.0392 19.126 15.8004 17.9486 19.5036 15.5495 18.2003 14.6348 13.9997 12.7205 12.5364 12.1855
threshold=0.0070250683929771194 -0.010075215715914963 -1.5696938037872312 -0.33028003573417658 0.87872576713562023 -0.76014986634254444 2.1546887159347539 0.50558954477310192 -0.48682865500450129 0.30589497089385992 0.29020445048809057 -1.418711185455322 -1.0000000180025095e-35 -0.23616164922714231 0.90860098600387584 -0.4028941392898559 -0.83766540884971608 -0.64779317378997792 -3.0223786830902095 -0.80098986625671376 0.45087140798568731 0.13680260628461841 -0.44755648076534266 -2.6435024738311763 0.37988880276679998 -0.61447244882583607 0.43560685217380529 -0.76014986634254444 0.58293899893760692 -0.40704485774040217
decision_type=2 2 2 2 2 2 2 2 2 2 2 2 2 2 2 2 2 2 2 2 2 2 2 2 2 2 2 2 2 2
left_child=1 2 5 23 6 -1 9 11 16 -5 -10 19 13 20 15 -9 26 -7 -19 -3 21 27 -23 -2 -25 -12 -4 -13 -6 -22
right_child=3 7 8 4 28 17 -8 14 10 -11 25 12 -14 -15 -16 -17 -18 18 -20 -21 29 22 -24 24 -26 -27 -28 -29 -30 -31
leaf_value=-0.0019048683738940586 0.0050492399633673621 -0.0009098859934026784 -0.0011130222419248818 -2.033444067792942e-06 0.0022706549652589756 -0.00025731634444318123 -0.0011486418264035675 0.0022286080426804026 -0.00059204482278256876 0.00080078826214513153 -0.0040852297106180723 -0.0019225767571206826 -0.00022334119170404712 -0.0017885483505157844 0.0021355443096859996 0.00012626707493076654 -0.0021445788806330954 0.0039425987704309181 0.00066001219977064986 0.00049911218063127026 -0.0033448881104552008 0.0012267185569442734 -0.00048481788726958508 0.0032498193707102777 0.0013967488140139961 -0.0015090120320559151 -0.0031872236811631574 -0.00060624329343161019 0.0011799456750156605 0.00067393773569656887
leaf_weight=32178 4204 30010 131381 153182 35731 62475 53415 12776 161168 225988 6343 22608 423215 53160 16818 188769 116821 6175 56852 121815 8396 26361 45121 18390 47474 41963 8666 97444 100462 2428
leaf_count=32178 4204 30010 131381 153182 35731 62475 53415 12776 161168 225988 6343 22608 423215 53160 16818 188769 116821 6175 56852 121815 8396 26361 45121 18390 47474 41963 8666 97444 100462 2428
internal_value=-0.000149092 -0.000484815 -0.00100097 0.00073006 0.000560852 -9.81529e-05 0.000275775 -0.000177736 -0.00130623 0.000476462 -0.000881766 -0.000330739 -0.000454061 -0.00083618 0.00040421 0.000259639 -0.00165233 0.000365194 0.000982194 0.000220566 -0.000585914 -0.00048081 0.000146443 0.00210333 0.00191456 -0.00184807 -0.00124159 -0.000854273 0.00146625 -0.00244361
internal_weight=2.31179e+06 1.67294e+06 624022 638846 568778 157680 432585 1.04892e+06 466342 379170 209474 830558 678733 255518 218363 201545 256868 125502 63027 151825 202358 191534 71482 70068 65864 48306 140047 120052 136193 10824
internal_count=2311789 1672943 624022 638846 568778 157680 432585 1048921 466342 379170 209474 830558 678733 255518 218363 201545 256868 125502 63027 151825 202358 191534 71482 70068 65864 48306 140047 120052 136193 10824
is_linear=0
shrinkage=0.05


Tree=55
num_leaves=31
num_cat=0
split_feature=2 2 6 5 1 1 6 4 6 6 1 4 5 1 3 2 3 3 3 1 6 2 5 4 6 6 5 5 4 5
split_gain=300.362 116.003 61.3269 49.4278 43.953 38.7576 31.6277 28.2981 26.8134 23.672 23.0018 21.7535 21.0878 18.7968 18.4666 16.1346 15.5494 34.7434 18.4198 15.4359 15.0407 13.7874 13.719 13.524 21.8998 15.2104 12.5338 12.2296 11.9628 11.6281
threshold=-1.0000000180025095e-35 0.018440100364387039 -1.4372394680976865 -0.3583796620368957 0.43397301435470587 -0.83402714133262623 2.1546887159347539 -1.3316814899444578 -1.4018359184265134 -2.5572357177734371 0.89063483476638805 -1.7034136056900022 0.90860098600387584 0.13545750826597217 0.18642623722553256 -1.0231920480728147 -1.0000000180025095e-35 -0.35607585310935969 0.46621097624301916 -0.70304909348487843 0.67538490891456615 0.059596119448542602 0.54955196380615245 0.25152130424976354 1.3682507872581484 0.89059779047966015 0.30535498261451727 -0.53031587600707997 3.0505936145782475 0.29020445048809057
decision_type=2 2 2 2 2 2 2 2 2 2 2 2 2 2 2 2 2 2 2 2 2 2 2 2 2 2 2 2 2 2
left_child=2 4 5 -3 8 15 13 -6 -2 11 29 -7 28 -5 -11 27 17 -10 -18 26 21 -15 -21 24 -20 -25 -4 -1 -9 -8
right_child=1 3 19 6 7 9 10 12 16 14 -12 -13 -14 20 -16 -17 18 -19 23 22 -22 -23 -24 25 -26 -27 -28 -29 -30 -31
leaf_value=-0.0031302891530184001 0.00026676492685361497 0.0020996331684117213 -0.0021867030533866865 0.00040380492934383546 0.0024299928315388891 0.0029248285986646547 0.00050744399003145894 0.00019121505042213476 -0.00038253317845951215 -0.00050631380715061402 0.0023044614496761226 0.00023054390885892344 0.0018960157918550789 0.0045263792618892374 0.0022556545194756029 -0.0040144984471878302 -5.6464761889039942e-05 -0.0016638404789127187 -0.00053838617093227405 -0.0012639306004439185 0.00068613815129151142 0.0013606325343091031 -0.0026490088454945299 -0.0029940000994791642 0.0036240601603848934 -0.00094359042395298568 -0.0060788790532560685 1.1057019189506884e-05 -0.0035675845481120301 -0.00099059901897269385
leaf_weight=5055 155141 58985 30766 232382 16474 11190 17048 223897 172964 119808 7360 22633 18849 3545 6364 8447 282065 76216 52834 400101 142583 107712 18714 11719 3351 39604 2212 7979 2127 53862
leaf_count=5055 155141 58985 30766 232382 16474 11190 17048 223897 172964 119808 7360 22633 18849 3545 6364 8447 282065 76216 52834 400101 142583 107712 18714 11719 3351 39604 2212 7979 2127 53862
internal_value=-0.000168235 0.000181796 -0.00109611 0.000722522 -0.00013769 -0.000319732 0.00057859 0.00042472 -0.000322836 -5.19339e-05 -0.000354186 0.00112252 0.00028972 0.000728749 -0.000366835 -0.0023134 -0.000466041 -0.000774494 -0.000268732 -0.00140795 0.0010262 0.0014619 -0.00132588 -0.000825592 -0.000289528 -0.00141227 -0.00244953 -0.00120872 0.000155687 -0.000630423
internal_weight=2.31199e+06 1.67872e+06 633269 623477 1.05524e+06 181476 564492 261347 793894 159995 78270 33823 244873 486222 126172 21481 638753 249180 389573 451793 253840 111257 418815 107508 56185 51323 32978 13034 226024 70910
internal_count=2311987 1678718 633269 623477 1055241 181476 564492 261347 793894 159995 78270 33823 244873 486222 126172 21481 638753 249180 389573 451793 253840 111257 418815 107508 56185 51323 32978 13034 226024 70910
is_linear=0
shrinkage=0.05


Tree=56
num_leaves=31
num_cat=0
split_feature=2 2 6 6 0 1 0 6 1 6 6 2 0 2 3 5 5 6 1 5 0 2 3 0 2 5 5 1 6 5
split_gain=282.588 119.724 101.257 41.7049 40.7194 36.4158 35.3685 38.3427 31.2071 27.3661 23.9365 23.3499 19.6924 18.2712 17.4981 17.1149 16.7398 14.931 13.8927 16.1861 13.2374 12.9232 12.5215 11.9893 13.0312 11.4119 12.9607 11.399 10.9528 10.6917
threshold=0.0070250683929771194 -0.010075215715914963 -1.5696938037872312 -1.9870092272758482 -0.60482665896415699 -0.84513339400291432 0.59244650602340709 1.5131887793540957 0.5569390356540681 -2.4182486534118648 -1.418711185455322 -0.15812592208385465 -0.28795753419399256 1.0582894086837771 -1.404631972312927 0.99949368834495556 0.35523119568824774 0.19362201541662219 0.71194866299629223 0.49610400199890142 0.92696118354797374 0.059596119448542602 -0.88707399368286122 -0.88135698437690724 -0.25049878656864161 -0.091806817799806581 0.45087140798568731 -0.049145959317684167 -1.2468768954277036 -0.39615695178508753
decision_type=2 2 2 2 2 2 2 2 2 2 2 2 2 2 2 2 2 2 2 2 2 2 2 2 2 2 2 2 2 2
left_child=1 2 5 -2 11 29 7 21 10 -7 14 22 -12 20 -3 17 -6 -10 19 -9 -8 -5 -4 24 -11 -24 -27 -21 -15 -1
right_child=3 8 4 6 16 9 13 18 15 23 12 -13 -14 28 -16 -17 -18 -19 -20 27 -22 -23 25 -25 -26 26 -28 -29 -30 -31
leaf_value=-0.003110405545032292 0.0027867020634220483 -0.00057145657796956373 -0.0012430625151012191 0.0018872534303589164 -0.00082776876047040463 0.0013447455116505226 0.0010873352511064729 -0.00049328003228092231 0.00094550854131601964 -0.00073952443004868685 -0.00076475753181346829 -0.0036626369627113294 -0.00022936517541798508 0.0023089407559362929 0.00058942808406313018 0.0021407122920300277 -0.0019357423042267259 -5.2462321757552026e-05 0.0018476015759184465 0.001090092235997248 0.0020956632737132966 0.00043785877964291301 -0.0027272083410365641 0.00014762134244783305 -0.004527359549024986 -0.0015297323130410616 -0.0035327742426865569 -0.0027309416850245837 0.00051008090629952772 -0.00065876551156965975
leaf_weight=10595 23270 46629 68506 16562 207339 42787 115912 43216 53814 21696 294484 18185 412097 8966 106768 12835 40800 123420 4522 2216 45282 213958 44611 72780 2527 76811 9024 16073 148110 7670
leaf_count=10595 23270 46629 68506 16562 207339 42787 115912 43216 53814 21696 294484 18185 412097 8966 106768 12835 40800 123420 4522 2216 45282 213958 44611 72780 2527 76811 9024 16073 148110 7670
internal_value=-0.000185925 -0.00052731 -0.00107622 0.000709351 -0.00144764 1.71653e-05 0.000630682 0.000237792 -0.000201456 0.000291548 -0.000329602 -0.00194768 -0.00045251 0.000996736 0.000236533 0.000378333 -0.00101002 0.00025059 -0.000824453 -0.00102118 0.0013707 0.00054207 -0.00179075 -0.000173097 -0.00113639 -0.00207826 -0.0017407 -0.00226762 0.000612901 -0.00208182
internal_weight=2.31146e+06 1.67338e+06 623331 638087 465276 158055 614817 296547 1.05005e+06 139790 859978 217137 706581 318270 153397 190069 248139 177234 66027 61505 161194 230520 198952 97003 24223 130446 85835 18289 157076 18265
internal_count=2311465 1673378 623331 638087 465276 158055 614817 296547 1050047 139790 859978 217137 706581 318270 153397 190069 248139 177234 66027 61505 161194 230520 198952 97003 24223 130446 85835 18289 157076 18265
is_linear=0
shrinkage=0.05


Tree=57
num_leaves=31
num_cat=0
split_feature=2 2 6 1 3 5 6 1 6 1 5 4 5 4 5 6 1 4 2 6 4 5 1 6 1 6 5 6 4 1
split_gain=277.314 98.5378 71.7653 46.6722 43.3473 35.5888 29.2179 27.5538 31.383 27.2114 19.6523 18.9559 18.5766 18.2674 18.761 16.1314 16.0391 18.2637 14.3181 14.9443 13.326 18.7866 14.8249 17.927 13.798 13.6307 12.7087 11.7702 11.6001 14.6719
threshold=1.0000000180025095e-35 -0.006997479358687996 -1.8969275355339048 -0.89558774232864369 -2.263400554656982 0.5894879698753358 1.3682507872581484 0.46981067955493933 -1.4551919698715208 0.87587732076644909 0.99949368834495556 -1.2107052206993101 0.99949368834495556 1.7014688253402712 -0.37087123095989222 -3.2605099678039546 -0.75047829747200001 -1.9508823752403257 1.7032423019409182 0.79314923286437999 0.40721711516380316 0.041732663288712508 -0.042775083333253854 -0.50094288587570179 -0.6682533025741576 -0.76359888911247242 0.28518421947956091 2.1546887159347539 -0.12641214579343793 -0.83402714133262623
decision_type=2 2 2 2 2 2 2 2 2 2 2 2 2 2 2 2 2 2 2 2 2 2 2 2 2 2 2 2 2 2
left_child=1 2 3 -1 -2 16 13 8 15 12 11 -9 26 14 -6 -3 -4 -18 19 -15 21 22 23 -10 -23 -22 -8 -28 -25 -30
right_child=4 7 5 -5 6 -7 9 10 20 -11 -12 -13 -14 18 -16 -17 17 -19 -20 -21 25 24 -24 28 -26 -27 27 -29 29 -31
leaf_value=-0.003389100675460323 0.0039993120798304587 -0.0026602002937837549 -0.002208461807505399 0.00046935868673460648 0.0017146100183042464 -0.0037040954048544444 0.00048474806946283269 0.0017116142389341329 -0.0003676426029241647 0.0022059572128318274 0.0020207212401439439 1.1693721522099684e-05 0.0039050198202910075 0.0057785215215993028 0.00070126881005120895 0.00042022691688069777 0.00038215492872461067 -0.0011626448259622168 0.0062991915591260189 0.0012499144450984932 -0.0034058154428983061 0.0030920642206203747 -1.5059391984687155e-05 -0.0017293983721808966 0.00029531297994297073 -0.00072592217603651972 7.2509362039795692e-05 -0.00094353423400324083 -0.004441227529220616 -7.9674224658542932e-05
leaf_weight=8491 9872 4375 34879 100388 52082 14280 64530 17816 147239 14959 14935 204916 2968 2145 371249 138156 19973 452635 2180 11848 4828 4819 125553 52608 50876 248722 62327 52512 2089 23695
leaf_count=8491 9872 4375 34879 100388 52082 14280 64530 17816 147239 14959 14935 204916 2968 2145 371249 138156 19973 452635 2180 11848 4828 4819 125553 52608 50876 248722 62327 52512 2089 23695
internal_value=-0.000166073 -0.000506263 -0.000999435 0.000168171 0.000713117 -0.00124308 0.000662111 -0.000207382 -0.000347356 0.000156607 0.000265517 0.000147739 -1.16344e-05 0.000889026 0.000825977 0.000325493 -0.00117376 -0.00109735 0.00253781 0.00194774 -0.00049257 -0.000315259 -0.000450561 -0.000692885 0.000537813 -0.000777084 -7.6657e-05 -0.000392135 -0.00130364 -0.000434629
internal_weight=2.31794e+06 1.67127e+06 630646 108879 646672 521767 636800 1.04063e+06 802960 197296 237667 222732 182337 439504 423331 142531 507487 472608 16173 13993 660429 406879 351184 225631 55695 253550 179369 114839 78392 25784
internal_count=2317945 1671273 630646 108879 646672 521767 636800 1040627 802960 197296 237667 222732 182337 439504 423331 142531 507487 472608 16173 13993 660429 406879 351184 225631 55695 253550 179369 114839 78392 25784
is_linear=0
shrinkage=0.05


Tree=58
num_leaves=31
num_cat=0
split_feature=2 2 6 6 1 5 1 6 1 4 5 5 1 4 6 4 1 5 1 3 4 4 1 6 1 2 4 1 3 4
split_gain=242.906 108.532 66.9186 52.9557 47.0763 42.5993 38.0379 32.2866 21.8778 19.9203 19.8639 19.4437 16.8293 16.7541 19.8678 16.2546 21.5651 16.1038 19.5989 15.5546 15.4486 13.7629 12.8894 12.7845 14.9908 14.1111 12.7723 11.6344 25.7967 15.6218
threshold=-1.0000000180025095e-35 0.0070250683929771194 -1.8969275355339048 1.8972749114036562 -0.76014986634254444 0.5894879698753358 0.52654555439949047 -1.8197378516197202 0.4201692938804627 -1.2293799519538877 0.99949368834495556 0.90860098600387584 0.89063483476638805 0.55633944272995006 -0.68251225352287281 1.4604421854019167 0.79163131117820751 0.29527062177658087 -0.59039464592933644 2.3654896020889287 2.8638247251510625 -0.96710222959518422 0.25390408933162695 2.3330913782119755 0.49823884665966039 0.67871785163879406 1.3070755600929262 -0.87017327547073353 -2.1329910755157466 -0.93548238277435292
decision_type=2 2 2 2 2 2 2 2 2 2 2 2 2 2 2 2 2 2 2 2 2 2 2 2 2 2 2 2 2 2
left_child=2 6 4 7 -1 17 13 -3 -9 -8 12 20 15 27 -15 -5 23 26 -19 -10 21 -11 -6 25 -25 -17 -4 28 -2 -30
right_child=1 3 5 10 22 -7 9 8 19 11 -12 -13 -14 14 -16 16 -18 18 -20 -21 -22 -23 -24 24 -26 -27 -28 -29 29 -31
leaf_value=-0.0017556751521032355 -0.003746533097518546 0.002377740943431992 -0.0010843444015328425 -8.4621849961168208e-05 0.00080931593772155114 -0.0039340737972338681 0.002250544549435332 0.00056185543639050825 0.0014781825913294049 -0.0018551225274664727 0.0034877413750985979 0.001940244851919705 0.0017430974344922441 -0.0043197769656800142 -0.00062207411338755327 0.0011643234019966455 0.0017041727676820552 -0.0052984804382109861 -0.00166092262769779 -0.00042788518081703672 -0.003546547890326779 0.0003044061898661333 -0.002883236540495313 -0.0041610715403464739 -0.0014046726735367433 -0.0018408599102937824 0.0011010198506879031 -0.00012727505754329876 -0.0015615927691940753 0.00083132858027972043
leaf_weight=25462 7144 33089 433619 57987 80680 14252 14082 360254 121928 7713 3290 16559 8082 3681 231247 6000 5001 3912 67151 11729 2774 165128 2425 9009 10922 11155 6783 563171 13719 13545
leaf_count=25462 7144 33089 433619 57987 80680 14252 14082 360254 121928 7713 3290 16559 8082 3681 231247 6000 5001 3912 67151 11729 2774 165128 2425 9009 10922 11155 6783 563171 13719 13545
internal_value=-0.00017174 0.000143465 -0.00100521 0.000656501 0.000124911 -0.00123859 -0.000171861 0.000865905 0.000764576 0.000435995 -0.000333708 0.000302919 -0.000450264 -0.000322462 -0.000680193 -0.000627557 -0.00137541 -0.00116341 -0.00186189 0.0013109 0.000148432 0.000207936 0.000701233 -0.00179103 -0.00265205 -0.000789724 -0.00105066 -0.000181817 -0.00107424 -0.000372899
internal_weight=2.31149e+06 1.67721e+06 634284 638446 108567 525717 1.03876e+06 527000 493911 206256 111446 192174 108156 832507 234928 100074 42087 511465 71063 133657 175615 172841 83105 37086 19931 17155 440402 597579 34408 27264
internal_count=2311493 1677209 634284 638446 108567 525717 1038763 527000 493911 206256 111446 192174 108156 832507 234928 100074 42087 511465 71063 133657 175615 172841 83105 37086 19931 17155 440402 597579 34408 27264
is_linear=0
shrinkage=0.05


Tree=59
num_leaves=31
num_cat=0
split_feature=2 2 6 0 0 6 0 6 6 0 1 1 6 1 1 0 6 1 0 1 3 1 2 3 1 5 0 5 5 5
split_gain=245.966 107.443 62.5532 47.8268 38.6406 45.0087 34.081 31.6187 30.8396 25.0647 24.3749 20.7611 18.3481 18.096 16.1737 14.5866 21.4487 16.8569 13.8438 13.6807 22.6649 12.6502 12.1895 12.6798 15.3965 12.2211 11.9373 11.0952 11.0268 10.5445
threshold=-0.010075215715914963 0.0098310387693345564 -1.8969275355339048 -0.89194452762603749 0.79558083415031444 -1.7459506392478941 0.80235829949378978 2.1546887159347539 2.016121625900269 -0.82581213116645802 -0.84513339400291432 0.25390408933162695 -2.4182486534118648 -0.35517680644989008 0.71194866299629223 -0.49658134579658503 -1.4018359184265134 0.57166424393653881 0.72400450706481945 -0.53103423118591297 -0.56056067347526539 0.46242891252040869 0.045648852363228805 0.58118334412574779 -0.31724828481674189 -0.33028003573417658 -0.032973175868391984 0.48673336207866674 -0.41660144925117487 0.28518421947956091
decision_type=2 2 2 2 2 2 2 2 2 2 2 2 2 2 2 2 2 2 2 2 2 2 2 2 2 2 2 2 2 2
left_child=2 6 3 -1 5 -3 15 9 22 -4 -5 12 -12 -14 -10 -2 17 -17 27 20 -11 26 -7 24 -24 -25 -21 -16 -28 -9
right_child=1 4 7 10 -6 8 -8 29 14 19 11 -13 13 -15 18 16 -18 -19 -20 21 -22 -23 23 25 -26 -27 28 -29 -30 -31
leaf_value=-0.0015040592472796983 -0.00053835121703277799 0.0021810178418756559 -0.0017309404066064436 -0.0030312521871536297 0.001231233001875083 0.0017978567937199437 0.00050395092206818122 -0.00072593121550417828 -0.0012109943633381137 -0.0011690531418622392 0.002024268998276488 -0.0039775594591517378 -0.00056523700558508926 0.0016578976032210397 0.00068374652409313114 0.0005494234010007343 -0.00024020728483273421 0.0051758229653034822 -0.0019387099337113915 -0.00091255431620851704 -0.0040183220464909191 -0.001677074684220012 0.0008100587174816468 0.0026769062356830405 -0.00017371827186954419 0.00062268276041214845 0.0020015727702456881 0.0052943779401116277 -0.00034436258935384759 -0.0040003824105309714
leaf_weight=32769 330980 32725 139840 3955 207324 15480 166543 3020 46291 30748 31866 2028 21279 16049 3022 71388 482815 2015 2328 205819 9025 38982 55642 7686 139365 122629 5388 2291 69522 13336
leaf_count=32769 330980 32725 139840 3955 207324 15480 166543 3020 46291 30748 31866 2028 21279 16049 3022 71388 482815 2015 2328 205819 9025 38982 55642 7686 139365 122629 5388 2291 69522 13336
internal_value=-0.000156179 0.000157229 -0.00100475 8.97561e-05 0.0006711 0.000399404 -0.000152335 -0.00123385 0.00025165 -0.00116294 0.000784594 0.000996886 0.00114324 0.000390777 -0.000859209 -0.000275536 -0.000119141 0.000677111 0.00127079 -0.000941951 -0.00181644 -0.000833109 0.000427464 0.000362203 0.000107013 0.000744037 -0.00071586 0.00267809 -0.000175383 -0.0033966
internal_weight=2.31215e+06 1.68852e+06 623626 107946 634783 427459 1.05374e+06 515680 394734 499324 75177 71222 69194 37328 53932 887198 556218 73403 7641 359484 39773 319711 340802 325322 195007 130315 280729 5313 74910 16356
internal_count=2312150 1688524 623626 107946 634783 427459 1053741 515680 394734 499324 75177 71222 69194 37328 53932 887198 556218 73403 7641 359484 39773 319711 340802 325322 195007 130315 280729 5313 74910 16356
is_linear=0
shrinkage=0.05


Tree=60
num_leaves=31
num_cat=0
split_feature=2 0 5 4 1 0 5 2 2 0 2 0 3 1 1 3 0 1 2 4 0 4 5 1 3 2 1 4 2 3
split_gain=223.538 93.3413 54.8698 37.5523 34.1621 32.4902 32.1937 26.735 25.9743 22.153 30.709 20.5866 20.8873 22.8135 20.2547 19.9925 17.4761 15.846 15.625 15.162 15.4357 15.1026 14.5797 18.1912 14.8045 13.6826 13.5121 15.0557 12.9392 13.0012
threshold=-1.0000000180025095e-35 0.70808440446853649 0.29527062177658087 -1.6422768235206602 -0.87017327547073353 -0.5789409577846526 -0.34720793366432184 0.018440100364387039 0.018440100364387039 -0.5878305435180663 -1.0605156421661375 -0.97127839922904957 -2.3377947807312007 -0.37479929625988001 -0.59039464592933644 -1.8351888656616209 0.97065550088882457 -0.36810369789600367 -1.0231920480728147 2.357648611068726 0.92696118354797374 -1.4354330301284788 0.32090754806995397 0.71194866299629223 2.4470406770706181 1.0006675720214846 0.29747626185417181 1.2255250811576845 0.6365986466407777 -1.6090943813323972
decision_type=2 2 2 2 2 2 2 2 2 2 2 2 2 2 2 2 2 2 2 2 2 2 2 2 2 2 2 2 2 2
left_child=2 5 3 4 -1 -2 7 17 21 10 -5 -6 -13 -14 -4 -11 19 -7 -16 25 -21 -3 26 24 -24 -10 -8 -28 -9 -30
right_child=1 8 14 9 11 6 22 28 16 15 -12 12 13 -15 18 -17 -18 -19 -20 20 -22 -23 23 -25 -26 -27 27 -29 29 -31
leaf_value=-0.0033101260359626283 -0.00054607997682664387 0.0019025422398820651 -0.0054064404773120356 -0.00070361069986559811 -0.0024432270981430888 -0.00045955425959613917 -0.000110582327740514 0.0027459019364276917 0.0013999005907323742 0.00086267945345664646 -0.0018119096987703758 0.0026062174751952296 -0.0008128519343194384 0.0012899522418353387 -0.0029117362269769059 -0.00074508546554675364 0.0019176726781459418 0.00084835347939713986 -0.0014544199972340631 -0.0020441332101795657 0.0022293959800418757 0.00021387478650021068 -0.00052274866936045494 0.00083318969542355004 -0.0023378122645266656 0.00057032791000495423 0.00035533165494726208 0.0036301952895385833 0.003492994890631785 0.0004286388094293951
leaf_weight=6214 309383 14138 4517 120998 5286 40646 404935 19433 94450 21375 129318 12820 23228 28980 28409 201917 48359 53801 52272 8176 2839 206483 145774 23317 12164 104957 160923 3578 4234 18790
leaf_count=6214 309383 14138 4517 120998 5286 40646 404935 19433 94450 21375 129318 12820 23228 28980 28409 201917 48359 53801 52272 8176 2839 206483 145774 23317 12164 104957 160923 3578 4234 18790
internal_value=-0.000171431 0.000131257 -0.000970086 -0.0007872 0.000240441 -0.000104862 4.89353e-05 0.000754038 0.00072079 -0.000953253 -0.00127623 0.000554649 0.000798678 0.000354412 -0.00215078 -0.000591148 0.0010606 0.000285496 -0.00196786 0.00086355 -0.000941653 0.000322171 -7.96631e-05 -0.000470213 -0.00066268 0.000963309 4.46574e-05 0.000426778 0.00179601 0.000993431
internal_weight=2.31171e+06 1.67638e+06 635334 550136 76528 1.19698e+06 887595 136904 479402 473608 250316 70314 65028 52208 85198 223292 258781 94447 80681 210422 11015 220621 750691 181255 157938 199407 569436 164501 42457 23024
internal_count=2311714 1676380 635334 550136 76528 1196978 887595 136904 479402 473608 250316 70314 65028 52208 85198 223292 258781 94447 80681 210422 11015 220621 750691 181255 157938 199407 569436 164501 42457 23024
is_linear=0
shrinkage=0.05


Tree=61
num_leaves=31
num_cat=0
split_feature=2 2 5 0 5 0 4 1 4 2 5 5 1 5 3 0 3 0 2 0 4 5 3 1 3 1 4 3 1 3
split_gain=241.244 102.935 52.2761 41.0819 44.6357 35.0524 35.9411 28.6718 21.898 21.0938 20.4888 26.7433 19.782 19.5001 16.5931 16.4672 16.097 15.9171 14.9544 14.9409 14.9708 14.0796 14.053 13.5181 13.145 12.9404 13.8159 12.8951 12.0721 16.4359
threshold=-1.0000000180025095e-35 0.0070250683929771194 0.27558758854866033 0.93649646639823925 -0.3583796620368957 -0.71215388178825367 -1.5550752878189085 0.81419885158538829 -1.9508823752403257 -0.54012301564216603 0.99949368834495556 0.48673336207866674 -0.049145959317684167 -0.48040875792503351 -1.8351888656616209 0.38520379364490515 -3.1546760797500606 -0.5789409577846526 0.84485766291618358 0.11594688519835473 0.43380893766880041 -0.15089811384677884 -2.9724898338317867 -0.28613035380840296 1.0136216282844546 -0.64352592825889576 -2.3515261411666866 0.008400850463658573 0.41403532028198248 0.86050817370414745
decision_type=2 2 2 2 2 2 2 2 2 2 2 2 2 2 2 2 2 2 2 2 2 2 2 2 2 2 2 2 2 2
left_child=2 7 5 4 22 9 16 8 13 -1 11 15 -13 23 -8 -6 -7 -10 -17 20 21 -16 -3 -2 -24 -18 -27 -5 29 -22
right_child=1 3 -4 27 10 6 14 -9 17 -11 -12 12 -14 -15 19 18 25 -19 -20 -21 28 -23 24 -25 -26 26 -28 -29 -30 -31
leaf_value=-0.0009731824150691035 -0.00020593173127443854 0.0058524421279135264 -0.0020730615038237568 0.00026731523846210148 8.2610271798581184e-05 0.0039195121673002865 0.00050758194025351763 0.0009297916400189389 -0.00059995186781498344 -0.0020552352391933325 0.0047610493487501293 0.0019136742843428468 -0.0010736221172043807 0.0036174711428007297 -0.00070765835631146135 0.0011188951150569108 -0.0020675338805057242 -0.00013865793391863317 0.00035667255766241867 -8.2811383987521051e-05 -0.00021728392901458713 -0.0017362487225476512 0.0014622254012809127 0.0014274401631597833 0.0044932434708514195 -0.00080243977293500957 0.0014357824387478599 0.0019124540491748138 -0.0023568559836189083 0.0034246277451581912
leaf_weight=174258 32007 2087 93762 14145 177831 3933 27012 58486 260764 60752 2605 6261 47695 5305 59510 119207 4155 661073 139851 55229 33943 75504 50195 20952 3845 9200 27440 75540 5682 3399
leaf_count=174258 32007 2087 93762 14145 177831 3933 27012 58486 260764 60752 2605 6261 47695 5305 59510 119207 4155 661073 139851 55229 33943 75504 50195 20952 3845 9200 27440 75540 5682 3399
internal_value=-0.000152233 0.000161697 -0.000983312 0.00066087 0.000498931 -0.000794066 -0.000440442 -0.000145554 -0.000209732 -0.00125298 0.00034694 0.000323417 -0.000726689 0.000730266 -0.000665443 0.000453119 0.000868727 -0.000269151 0.000707443 -0.000801294 -0.00102416 -0.00128296 0.00183489 0.000440421 0.00167868 0.000573716 0.000873718 0.00165304 -0.000211882 0.000115044
internal_weight=2.31163e+06 1.67785e+06 633779 639262 549577 540017 305007 1.03859e+06 980101 235010 493450 490845 53956 58264 260279 436889 44728 921837 259058 233267 178038 135014 56127 52959 54040 40795 36640 89685 43024 37342
internal_count=2311628 1677849 633779 639262 549577 540017 305007 1038587 980101 235010 493450 490845 53956 58264 260279 436889 44728 921837 259058 233267 178038 135014 56127 52959 54040 40795 36640 89685 43024 37342
is_linear=0
shrinkage=0.05


Tree=62
num_leaves=31
num_cat=0
split_feature=2 2 6 6 1 5 6 3 5 4 4 6 5 5 5 4 5 4 6 3 1 3 4 3 1 6 6 2 4 6
split_gain=232.195 77.578 75.8969 37.6392 35.0048 30.0904 25.8184 25.004 36.0941 27.7922 22.518 26.2401 21.6773 19.4836 17.8967 15.5643 15.4155 15.05 15.0654 14.6624 14.5096 13.8264 13.2841 13.1244 17.4033 17.0006 14.5641 14.0998 12.2366 16.5341
threshold=-0.006997479358687996 0.0070250683929771194 -1.590422451496124 1.3855966329574587 -0.64352592825889576 0.31549416482448583 -2.1245191097259517 -1.0000000180025095e-35 0.2389643415808678 1.2452188134193423 0.13782754540443423 -0.86190342903137196 0.99949368834495556 0.6999318301677705 0.36146140098571783 -2.1527827978134151 0.83995625376701366 -1.5312801003456114 -2.4182486534118648 -0.13632183521986005 -0.49617667496204371 -0.023090757429599758 1.9814608097076418 0.008400850463658573 -0.1846344396471977 0.82528656721115123 -1.5104498267173765 0.87769624590873729 2.7179008722305302 1.2309498786926272
decision_type=2 2 2 2 2 2 2 2 2 2 2 2 2 2 2 2 2 2 2 2 2 2 2 2 2 2 2 2 2 2
left_child=2 7 4 6 -1 10 -3 8 21 14 11 20 22 23 -10 -9 -17 18 -6 -11 -4 -2 -5 24 25 26 -8 -25 29 -18
right_child=1 3 5 12 17 -7 13 15 9 19 -12 -13 -14 -15 -16 16 28 -19 -20 -21 -22 -23 -24 27 -26 -27 -28 -29 -30 -31
leaf_value=-0.0010487988060104952 -0.00016823779233758796 0.0027557298473549464 -0.0017460163163119788 0.00015551664941740719 0.0028629557836478657 -0.0021769671115302557 0.0017565124582086381 0.0014866390710376561 -0.0024830321873250045 -0.00040448018634021933 -0.00065119963125866718 -0.0019097365796710633 0.0035742637553558285 0.0055622442262652635 -0.0065365976885334342 -1.633654953673399e-05 0.00022256738881231862 8.9881156651099118e-05 0.00067239011026249621 -0.0033112844450755396 -0.00046472929001371117 -0.0021551381028884209 -0.0008879105793625176 0.0013316053320873425 -0.00014648875342077324 0.002989851569205464 0.00024162689213949031 0.00059579692010573368 -0.00077802858542850109 0.0024141331452999445
leaf_weight=52303 315339 17244 31230 150557 11369 76497 21852 19358 13831 29739 166689 123714 4194 2112 3390 606721 16329 66364 25330 5070 75524 8996 38243 136004 75904 8650 57863 124941 8125 18192
leaf_count=52303 315339 17244 31230 150557 11369 76497 21852 19358 13831 29739 166689 123714 4194 2112 3390 606721 16329 66364 25330 5070 75524 8996 38243 136004 75904 8650 57863 124941 8125 18192
internal_value=-0.000134773 0.000171613 -0.000954359 0.000606276 4.60753e-06 -0.00126891 0.000859393 -9.35589e-05 -0.000419553 -0.00164193 -0.00109396 -0.00141414 2.31945e-05 0.000782807 -0.00328432 8.9917e-05 4.82577e-05 0.000539246 0.0013516 -0.000828691 -0.000839688 -0.000223413 -5.5874e-05 0.000758938 0.000408793 0.000885733 0.000657066 0.000979335 0.000967023 0.00137785
internal_weight=2.31167e+06 1.68265e+06 629020 637564 155366 473654 444570 1.04509e+06 376365 52030 397157 230468 192994 427326 17221 668725 649367 103063 36699 34809 106754 324335 188800 425214 164269 88365 79715 260945 42646 34521
internal_count=2311674 1682654 629020 637564 155366 473654 444570 1045090 376365 52030 397157 230468 192994 427326 17221 668725 649367 103063 36699 34809 106754 324335 188800 425214 164269 88365 79715 260945 42646 34521
is_linear=0
shrinkage=0.05


Tree=63
num_leaves=31
num_cat=0
split_feature=2 2 6 0 6 0 6 0 3 5 4 4 4 5 2 3 6 6 3 4 4 0 0 5 4 5 4 0 4 6
split_gain=230.155 93.3168 53.1143 42.572 55.549 42.4728 29.4669 24.5307 22.7088 24.8699 21.3389 19.793 18.4424 16.6695 16.5983 16.0733 15.8769 16.7099 22.3516 16.8193 15.7914 15.7513 15.69 18.9359 15.6616 15.4593 17.4347 15.1524 14.6847 14.3606
threshold=-1.0000000180025095e-35 0.0070250683929771194 -0.90807941555976857 0.80235829949378978 1.5529383420944216 -0.67216679453849781 -1.7221149206161497 -0.29835225641727442 -1.0000000180025095e-35 0.38636280596256262 0.83935973048210155 -2.1527827978134151 -0.29292973875999445 0.42061603069305425 0.37988880276679998 0.60846620798110973 -1.4372394680976865 0.37972272932529455 -0.39363101124763483 0.62628954648971569 -0.36974561214447016 0.99418807029724132 -0.95113149285316456 0.0072528154123574504 1.4846793413162234 0.31041908264160162 1.2255250811576845 0.99698501825332653 1.349574148654938 1.21492475271225
decision_type=2 2 2 2 2 2 2 2 2 2 2 2 2 2 2 2 2 2 2 2 2 2 2 2 2 2 2 2 2 2
left_child=2 8 5 4 6 22 -3 20 9 16 -6 15 -7 -9 -5 -10 -2 -18 19 29 -4 -13 -1 -24 -8 -22 -27 -16 -11 -19
right_child=1 3 7 14 10 12 24 13 11 28 -12 21 -14 -15 27 -17 17 18 -20 -21 25 -23 23 -25 -26 26 -28 -29 -30 -31
leaf_value=-0.0018032980007858289 0.00017053924948910607 0.0020491007198243567 -0.0025102109546330763 0.0022373582318182127 0.00046994563659779123 0.00051583090785629762 0.00041728279323800278 -0.00054689952034400063 0.0010314711424058217 -0.0049587998472440577 -0.0011548108582055839 -2.5032266011615882e-05 -0.0012044116829323318 -0.0020997043793978868 0.00095530568546126321 0.0050794935744341123 -0.00081490441244536711 0.0025238318797512161 -0.0010512942525423708 -4.2459603258068609e-05 -0.0012003186658991237 0.0016335075965281569 -0.00054328672215493375 -0.0049345002481133203 0.0017972610876037813 -0.0045560837667980945 -0.0018347420201692772 0.0036080773017816308 -0.0014687227225741182 -0.0017859836210437356
leaf_weight=42381 111906 35054 42647 35199 28597 107058 281333 111565 16540 3527 68845 632355 18224 20445 162545 2871 170263 15638 25330 23583 147387 14637 97006 2509 22173 6998 37010 5559 20519 2198
leaf_count=42381 111906 35054 42647 35199 28597 107058 281333 111565 16540 3527 68845 632355 18224 20445 162545 2871 170263 15638 25330 23583 147387 14637 97006 2509 22173 6998 37010 5559 20519 2198
internal_value=-0.000129149 0.000177254 -0.000941406 0.000652582 0.000373951 -0.000405383 0.000676722 -0.00133262 -0.000115119 -0.000427517 -0.000677983 5.97247e-05 0.000265522 -0.00078753 0.00125008 0.0016325 -0.000320302 -0.000552051 0.000118455 0.000833902 -0.00164003 1.25138e-05 -0.000997711 -0.000654484 0.000518155 -0.00144602 -0.00226842 0.00104324 -0.00198249 0.00199201
internal_weight=2.3119e+06 1.67867e+06 633230 639305 436002 267178 338560 366052 1.03937e+06 372964 97442 666403 125282 132010 203303 19411 348918 237012 66749 41419 234042 646992 141896 99515 303506 191395 44008 168104 24046 17836
internal_count=2311902 1678672 633230 639305 436002 267178 338560 366052 1039367 372964 97442 666403 125282 132010 203303 19411 348918 237012 66749 41419 234042 646992 141896 99515 303506 191395 44008 168104 24046 17836
is_linear=0
shrinkage=0.05


Tree=64
num_leaves=31
num_cat=0
split_feature=2 2 6 0 6 1 6 0 0 0 4 5 4 0 2 4 5 6 1 1 2 1 6 4 1 0 4 6 1 4
split_gain=204.959 86.9136 63.5902 39.7334 51.1271 39.1604 27.9351 25.3467 23.4098 21.5379 18.9138 17.2096 15.7311 15.6874 15.6561 14.3603 14.2182 13.9332 15.0078 13.9246 13.1285 12.495 12.1913 16.7423 11.8657 11.7392 11.6645 11.5874 11.4813 16.2379
threshold=0.0070250683929771194 -1.0000000180025095e-35 -1.6345982551574705 0.81572577357292186 1.9253731369972231 -0.83402714133262623 -1.9571436047554014 -0.33049084246158594 0.61885374784469616 -0.64779317378997792 -1.5312801003456114 -0.010538524948060511 -0.20396065711975095 0.99418807029724132 -0.80266866087913502 -1.6422768235206602 0.6377544403076173 -1.3842247724533079 -0.80098986625671376 -0.60501343011856068 -1.0410148501396177 -0.042775083333253854 -0.34071996808052057 -0.36974561214447016 -0.6682533025741576 0.97065550088882457 -1.6422768235206602 -1.7459506392478941 0.82561737298965465 1.4846793413162234
decision_type=2 2 2 2 2 2 2 2 2 2 2 2 2 2 2 2 2 2 2 2 2 2 2 2 2 2 2 2 2 2
left_child=1 2 5 4 6 20 24 14 17 -7 -10 -5 -13 -12 -4 19 26 18 27 -11 -1 -19 -16 -24 -2 -14 -9 -3 29 -6
right_child=3 8 7 11 28 9 -8 16 10 15 13 12 25 -15 22 -17 -18 21 -20 -21 -22 -23 23 -25 -26 -27 -28 -29 -30 -31
leaf_value=-0.0010893726522333738 -0.00060584697211278702 -0.0015333652957092131 -0.0011243931133967202 0.0019143641948324974 -0.00039838763677454183 -0.00029651020810749791 0.000461967368526016 0.0012241001030276696 0.0019747221916055799 -0.0008403031810655453 3.4803056342007874e-05 -0.0026096244835596824 0.0006862385043488752 0.0016253186071251606 -0.0013159987158734108 0.00044747965159122865 -0.0032664711658830455 -0.00062465672997754154 0.00039517902735354359 0.0026524086254914522 -0.003788549247758274 -0.00018012347551943125 -0.0043036199776092477 -0.0019900117690148239 0.0027481846857099678 0.0017516250296831675 -0.0007102008900347536 0.00058838434377302649 0.0020164235210351081 -0.0020481265417285634
leaf_weight=11939 3053 20345 169094 59608 34551 68651 358137 8187 14937 3419 228567 3122 94925 16621 63543 40421 5206 315113 116686 17122 7237 317214 8779 71654 19190 35540 158927 9403 3075 26244
leaf_count=11939 3053 20345 169094 59608 34551 68651 358137 8187 14937 3419 228567 3122 94925 16621 63543 40421 5206 315113 116686 17122 7237 317214 8779 71654 19190 35540 158927 9403 3075 26244
internal_value=-0.000153599 -0.000444278 -0.000905523 0.000609326 0.00034899 -1.20634e-06 0.000568789 -0.00118272 -0.00016271 0.000310848 0.000247956 0.00120792 0.000892572 0.000142684 -0.00145078 0.000994747 -0.000695649 -0.000299883 0.000139593 0.00207093 -0.00210948 -0.000401658 -0.00183401 -0.00224304 0.00228776 0.000976573 -0.000615371 -0.000862732 -0.000959917 -0.00111077
internal_weight=2.31051e+06 1.67306e+06 634179 637445 444250 148789 380380 485390 1.03889e+06 129613 260125 193195 133587 245188 313070 60962 172320 778761 146434 20541 19176 632327 143976 80433 22243 130465 167114 29748 63870 60795
internal_count=2310510 1673065 634179 637445 444250 148789 380380 485390 1038886 129613 260125 193195 133587 245188 313070 60962 172320 778761 146434 20541 19176 632327 143976 80433 22243 130465 167114 29748 63870 60795
is_linear=0
shrinkage=0.05


Tree=65
num_leaves=31
num_cat=0
split_feature=2 6 2 5 0 1 5 0 6 0 0 3 6 2 1 5 1 5 1 2 5 5 1 3 5 1 5 5 0 2
split_gain=183.447 80.8842 79.413 39.4529 40.9612 29.0975 26.8286 25.3687 21.973 21.5774 20.7141 19.0556 16.7439 16.1424 15.3268 14.932 17.6063 14.4641 14.0389 14.4771 13.5904 13.1337 13.0057 19.7167 12.1652 11.4957 11.2806 11.1182 13.5669 11.0415
threshold=-1.0000000180025095e-35 -1.590422451496124 0.0070250683929771194 -0.13584095984697339 0.77527794241905224 -0.85749730467796315 0.31041908264160162 -0.22488678246736524 2.1946814060211186 -0.032973175868391984 -0.97127839922904957 -2.1971755027770992 -2.4873330593109126 -2.618654608726501 -0.45455315709114069 0.3435474038124085 0.79163131117820751 0.6038881540298463 0.31711062788963323 0.39242631196975714 -0.20548503100872037 -0.33559292554855341 -0.38110658526420588 -0.95443385839462269 0.6999318301677705 0.77017816901206981 -0.046095605939626687 0.41383391618728643 0.9848899543285371 -0.38310852646827692
decision_type=2 2 2 2 2 2 2 2 2 2 2 2 2 2 2 2 2 2 2 2 2 2 2 2 2 2 2 2 2 2
left_child=1 5 7 11 8 -1 9 20 26 29 -7 -4 -12 -14 -8 -10 -17 -16 19 -6 -2 -9 23 -15 -22 -13 -5 -20 -29 -3
right_child=2 6 3 4 18 10 14 21 15 -11 12 25 13 22 17 16 -18 -19 27 -21 24 -23 -24 -25 -26 -27 -28 28 -30 -31
leaf_value=-0.0018834270062182683 -5.8501924692870859e-05 -0.0010169817860006273 0.0036111983025758896 -0.00059106247633544391 0.003203712993046079 -0.0016473181130460006 -0.0041814459750117517 0.00065877825922018389 0.00029124966863566738 -0.00026256012753286378 0.0014854794608702051 0.0010643008374206402 -0.0019272609447532321 0.00053178952279137894 -0.0014645943284378625 -0.0021544068907611959 0.0027040967682719699 -0.0033665813060689952 0.00032367566251016391 0.0012061400718988914 -0.0007178275993740546 -5.6512914053572254e-07 0.0010401750716412252 -0.0017654132054127942 0.00065328272322900396 0.0037809166016121928 0.0003134097616815084 0.00092438811710667196 0.0034918211229465891 -0.0017040190733576587
leaf_weight=15845 172714 242172 8142 41248 11091 11582 7356 88593 12866 79538 35362 155565 8078 29359 59462 24471 2010 12018 83698 49756 247998 511775 41675 13687 17299 3986 209637 28685 6264 77138
leaf_count=15845 172714 242172 8142 41248 11091 11582 7356 88593 12866 79538 35362 155565 8078 29359 59462 24471 2010 12018 83698 49756 247998 511775 41675 13687 17299 3986 209637 28685 6264 77138
internal_value=-0.000118642 -0.000843609 0.000155321 0.000594626 0.000359577 0.000146507 -0.0011661 -0.000114354 -7.61526e-06 -0.00099946 0.000376793 0.00125296 0.000559828 0.000206976 -0.00200893 -0.00110602 -0.00178475 -0.0017848 0.000953274 0.00157072 -0.000403688 9.67399e-05 0.000410676 -0.000198874 -0.000628401 0.0011324 0.000164688 0.000636517 0.00138542 -0.001183
internal_weight=2.30907e+06 633272 1.6758e+06 637419 469726 155588 477684 1.03838e+06 290232 398848 139743 167693 128161 92799 78836 39347 26481 71480 179494 60847 438011 600368 84721 43046 265297 159551 250885 118647 34949 319310
internal_count=2309070 633272 1675798 637419 469726 155588 477684 1038379 290232 398848 139743 167693 128161 92799 78836 39347 26481 71480 179494 60847 438011 600368 84721 43046 265297 159551 250885 118647 34949 319310
is_linear=0
shrinkage=0.05


Tree=66
num_leaves=31
num_cat=0
split_feature=2 2 6 0 0 6 6 3 0 6 5 6 3 4 2 3 2 2 2 4 5 5 5 4 3 5 4 5 4 6
split_gain=244.927 85.7122 59.4923 43.8441 35.7414 50.1665 32.3917 23.3785 22.7213 20.4004 20.0452 19.6157 18.6914 17.6929 17.5585 16.3634 15.7463 14.516 14.4844 14.097 14.0952 13.8322 13.4452 13.2388 12.8654 15.6433 12.9949 12.226 12.108 15.9128
threshold=-1.0000000180025095e-35 0.0070250683929771194 -0.93917253613471974 -0.80566337704658497 0.88416418433189403 2.0826662778854375 -2.5572357177734371 -1.0000000180025095e-35 -0.83889991044998158 -1.9571436047554014 0.7255200743675233 -1.418711185455322 -0.48320703208446497 -2.1527827978134151 -1.3468517065048216 -4.2121388912200919 0.31724874675273901 -0.63574817776679982 0.69262731075286876 -2.3515261411666866 0.28518421947956091 -0.25214187800884241 -0.99973702430725087 -0.58189749717712391 0.62229636311531078 -0.66803458333015431 -2.3515261411666866 0.65743646025657665 -1.910553455352783 -1.4551919698715208
decision_type=2 2 2 2 2 2 2 2 2 2 2 2 2 2 2 2 2 2 2 2 2 2 2 2 2 2 2 2 2 2
left_child=2 7 3 22 5 9 -5 11 14 -3 17 15 19 24 -4 -2 -11 20 -6 -13 21 -10 -1 -24 25 26 -9 -14 29 -15
right_child=1 4 8 6 18 -7 -8 13 10 16 -12 12 27 28 -16 -17 -18 -19 -20 -21 -22 -23 23 -25 -26 -27 -28 -29 -30 -31
leaf_value=-0.0050987883866393758 -0.0041811008686861821 0.0020685944211495766 -0.0011891424885560917 0.0018794785574003791 0.0020898804159048263 -0.00091913770803699947 -0.00016747050651206725 0.001005741702108151 -0.0026320486014224289 0.0010913030281639727 -0.0047628535865998911 -0.0040074046580694913 -0.0010778733397142804 0.0021585831866070193 -0.0026763340222543562 0.00021065400511993435 0.00036836174333156296 -0.0014942386963557909 0.00099527591723777 -0.00023595677892867593 -0.0016222104984470861 -0.00034960505557184878 -0.00076037087198492005 -0.0020340417183595831 0.0046503139858619985 -0.0014067498198941093 0.0047649922652303316 -0.0045788823821560944 5.8730889150612928e-05 -0.0026070722414240611
leaf_weight=2156 2152 23046 32239 22500 43974 60126 136661 8781 7083 98856 3823 2510 105819 2194 51734 111812 316352 136372 96735 147888 37089 103566 72967 28324 2862 4725 3108 2545 635825 8552
leaf_count=2156 2152 23046 32239 22500 43974 60126 136661 8781 7083 98856 3823 2510 105819 2194 51734 111812 316352 136372 96735 147888 37089 103566 72967 28324 2862 4725 3108 2545 635825 8552
internal_value=-0.000138258 0.000178191 -0.000975039 -0.000398858 0.000633795 0.000435098 0.000121999 -0.000102117 -0.00138187 0.000620909 -0.00117074 -0.000419196 -0.000659907 7.53275e-05 -0.00210558 0.000127364 0.000540507 -0.00112224 0.00133748 -0.000299161 -0.000778773 -0.000495936 -0.00120017 -0.00111669 0.00155976 0.00102489 0.00199166 -0.00116051 3.059e-05 -0.00163297
internal_weight=2.31238e+06 1.67786e+06 634514 262608 639089 498380 159161 1.03877e+06 371906 438254 287933 372726 258762 666047 83973 113964 415208 284110 140709 150398 147738 110649 103447 101291 19476 16614 11889 108364 646571 10746
internal_count=2312376 1677862 634514 262608 639089 498380 159161 1038773 371906 438254 287933 372726 258762 666047 83973 113964 415208 284110 140709 150398 147738 110649 103447 101291 19476 16614 11889 108364 646571 10746
is_linear=0
shrinkage=0.05


Tree=67
num_leaves=31
num_cat=0
split_feature=0 6 1 3 0 6 6 5 4 6 1 5 3 6 4 4 6 5 6 0 6 4 4 4 0 5 6 4 4 0
split_gain=170.951 68.4439 38.9189 30.8041 27.4482 28.5488 27.2827 24.8779 21.6898 21.636 24.6355 20.3295 18.3837 21.0037 18.3594 17.9961 31.3094 16.0322 15.0119 22.1816 15.0083 14.9372 14.7426 14.6319 14.4792 14.1652 15.3722 16.2864 14.8907 13.9299
threshold=0.21127276122570041 -1.4372394680976865 -0.83402714133262623 -1.0000000180025095e-35 0.9848899543285371 0.15571148693561557 0.3440276980400086 0.26169227063655859 -1.6110786795616148 -2.6435024738311763 -0.38110658526420588 0.14154054969549182 0.23582508414983752 -1.7696512341499326 -0.10150980204343794 1.3070755600929262 0.39761224389076238 -0.82805144786834706 1.4770324230194094 -0.48682865500450129 -1.9870092272758482 -2.3515261411666866 -1.9508823752403257 -2.0966054201126094 0.55738458037376415 0.90860098600387584 2.1546887159347539 1.4371486306190493 0.025328009389340881 -0.66427284479141224
decision_type=2 2 2 2 2 2 2 2 2 2 2 2 2 2 2 2 2 2 2 2 2 2 2 2 2 2 2 2 2 2
left_child=1 2 -1 7 5 12 11 29 9 17 -11 -5 13 -2 23 16 -9 -4 19 -17 -10 -12 -23 -14 -7 26 28 -28 -8 -3
right_child=4 3 8 6 -6 24 25 15 20 10 21 -13 14 -15 -16 18 -18 -19 -20 -21 -22 22 -24 -25 -26 -27 27 -29 -30 -31
leaf_value=-0.001267262467333184 0.0014017428565279162 -0.0011899757518608473 -0.0012073543243175744 -0.00023485992412266763 0.0014143501083450118 -0.00033437187942329864 -0.001600489434908408 -0.0071858061231419475 0.00056442618428651187 -0.00017181323709089167 8.4782387291338894e-05 0.0013682999668048774 0.0037365129247787657 0.00015713827516208509 -9.7993547019544077e-05 -0.0020302852327275457 -0.0021971214075011767 0.0035463305392537748 -0.0032785887427952626 0.00028793275754854171 -0.00034013875547771573 0.0038919836302539405 0.0012800204867471476 0.0012377004725903544 0.00022708821149434113 0.00060347196109308008 -0.00097652395481023487 -0.0032217752731384763 -0.00056976871535472154 -0.00058824482342392152
leaf_weight=43323 40611 176822 2087 249916 57384 166822 42546 3824 79813 39845 9956 21464 6214 204835 26005 22481 17615 11643 8445 19062 107750 9578 12410 100603 368367 16820 19743 13674 198580 210964
leaf_count=43323 40611 176822 2087 249916 57384 166822 42546 3824 79813 39845 9956 21464 6214 204835 26005 22481 17615 11643 8445 19062 107750 9578 12410 100603 368367 16820 19743 13674 198580 210964
internal_value=-0.000151389 -0.000517794 0.00012481 -0.000716748 0.000353721 0.000287076 -0.000468758 -0.00102063 0.000345693 0.00100557 0.000657551 -0.000108017 0.000619557 0.000363117 0.00109338 -0.00187811 -0.00308987 0.0028234 -0.0013579 -0.000966758 4.4787e-05 0.00169178 0.00241905 0.0013834 5.20744e-05 -0.000804743 -0.000891037 -0.00189595 -0.000751695 -0.000862645
internal_weight=2.3092e+06 1.33836e+06 316405 1.02196e+06 970841 913457 562743 459213 273082 85519 71789 271380 378268 245446 132822 71427 21439 13730 49988 41543 187563 31944 21988 106817 535189 291363 274543 33417 241126 387786
internal_count=2309202 1338361 316405 1021956 970841 913457 562743 459213 273082 85519 71789 271380 378268 245446 132822 71427 21439 13730 49988 41543 187563 31944 21988 106817 535189 291363 274543 33417 241126 387786
is_linear=0
shrinkage=0.05


Tree=68
num_leaves=31
num_cat=0
split_feature=2 2 0 5 5 5 4 2 1 4 5 3 1 1 1 2 2 3 1 2 5 4 3 0 3 2 4 0 4 3
split_gain=250.138 73.2989 34.9136 35.6786 34.8655 25.6818 28.5202 30.1254 25.3357 20.435 19.5963 19.4411 20.689 19.276 17.9256 17.8995 16.7155 16.3781 15.6451 14.4764 13.9023 15.8741 13.3575 12.8947 14.5816 14.0585 12.8487 12.69 12.5458 12.4357
threshold=-1.0000000180025095e-35 0.0098310387693345564 0.8089067041873933 -0.13962279260158536 0.3435474038124085 -0.99973702430725087 -1.6422768235206602 -0.46169391274452204 -0.89558774232864369 -1.58264684677124 0.45087140798568731 -3.3704706430435176 -0.36810369789600367 0.49134862422943121 -0.26019002497196192 0.31724874675273901 0.25586928427219396 -2.1329910755157466 -0.042775083333253854 0.025263260118663314 0.6999318301677705 1.2255250811576845 -2.9724898338317867 -0.60482665896415699 -1.7152628302574155 -1.0605156421661375 -2.1527827978134151 -0.68087446689605702 0.55633944272995006 -1.0650666356086729
decision_type=2 2 2 2 2 2 2 2 2 2 2 2 2 2 2 2 2 2 2 2 2 2 2 2 2 2 2 2 2 2
left_child=4 8 3 16 5 -1 11 23 17 14 19 -7 -13 28 -10 -4 -3 -2 -12 -5 21 -6 -18 25 -25 -8 -17 -9 -11 -23
right_child=1 2 15 10 20 6 7 27 9 13 18 12 -14 -15 -16 26 22 -19 -20 -21 -22 29 -24 24 -26 -27 -28 -29 -30 -31
leaf_value=-0.0053571016035693902 -0.0038821151393191771 0.0021735385942102787 0.0022974878285059669 0.0025271569933762086 -0.0040482237082258383 0.0027709320738816988 -0.00068148664186991272 -0.0022419892706533402 -6.6844357255924943e-06 -0.00012387124971883627 0.0012571367511671136 -0.00099494780242214797 0.00076242879098524974 0.00026945017459768767 0.0013486687209382487 0.004680395838605785 0.0047521091936038942 -0.00095393722539685729 -0.0012222625156694512 0.0001482933196218432 -0.0043967860851310816 -0.0039816670766851733 0.00065934834470427709 0.00087172557978913105 -0.00058472030572677923 -0.0015662323490062823 0.00088029673925285254 -0.0012676881394451266 -0.00057724525088605379 -0.0013299655820330212
leaf_weight=3190 6091 25329 27909 6553 7353 6032 121115 49906 52982 476111 7436 36534 30906 217706 45204 2245 2024 22031 43769 250391 5980 4857 101137 19877 126525 71370 167154 101368 224555 48704
leaf_count=3190 6091 25329 27909 6553 7353 6032 121115 49906 52982 476111 7436 36534 30906 217706 45204 2245 2024 22031 43769 250391 5980 4857 101137 19877 126525 71370 167154 101368 224555 48704
internal_value=-0.000171296 0.00014823 0.000572363 0.000322918 -0.00101766 -0.000890227 -0.000864851 -0.00100255 -0.000109151 -6.81889e-05 3.10545e-05 5.3807e-05 -0.000189594 -0.000141491 0.000617382 0.00112434 0.00102282 -0.00158931 -0.000862029 0.000209059 -0.00209719 -0.00187075 0.0007401 -0.000740621 -0.000386933 -0.0010096 0.000930932 -0.00158924 -0.000269178 -0.00157112
internal_weight=2.31234e+06 1.67863e+06 633947 436639 633717 566823 563633 490161 1.04468e+06 1.01656e+06 308149 73472 67440 918372 98186 197308 128490 28122 51205 256944 66894 60914 103161 338887 146402 192485 169399 151274 700666 53561
internal_count=2312344 1678627 633947 436639 633717 566823 563633 490161 1044680 1016558 308149 73472 67440 918372 98186 197308 128490 28122 51205 256944 66894 60914 103161 338887 146402 192485 169399 151274 700666 53561
is_linear=0
shrinkage=0.05


Tree=69
num_leaves=31
num_cat=0
split_feature=2 2 6 5 0 0 6 6 1 3 6 5 5 1 1 2 3 1 6 3 3 5 1 2 0 0 2 6 5 6
split_gain=221.46 84.0412 77.7505 47.6452 41.5001 32.4388 23.8635 22.0869 23.4199 20.8224 26.6842 21.4841 20.8157 19.5055 18.4337 16.3621 14.5681 12.7019 12.3439 11.9699 12.6107 13.6528 11.9028 11.8404 11.7751 11.6897 11.0572 10.7086 10.6634 11.4849
threshold=-1.0000000180025095e-35 0.0070250683929771194 -1.590422451496124 -0.4028941392898559 0.70808440446853649 -0.96378996968269337 2.1546887159347539 -2.4873330593109126 -0.40662343800067896 -1.0000000180025095e-35 -1.4372394680976865 -0.99973702430725087 0.24785503745079043 -0.53845176100730885 -0.89558774232864369 1.0582894086837771 -0.35607585310935969 0.9378032684326173 1.3517399430274966 2.1624315977096562 0.074291940778493895 -0.30868020653724665 0.69340446591377269 -0.63574817776679982 -0.83237543702125538 -0.71215388178825367 0.30443580448627477 0.37972272932529455 0.83995625376701366 -0.19358895719051358
decision_type=2 2 2 2 2 2 2 2 2 2 2 2 2 2 2 2 2 2 2 2 2 2 2 2 2 2 2 2 2 2
left_child=2 9 5 26 6 -1 -5 14 -9 10 11 -2 23 -14 -7 18 -12 28 19 20 21 -6 -8 -4 -13 -25 -3 -15 29 -11
right_child=1 3 12 4 15 7 22 8 -10 17 16 24 13 27 -16 -17 -18 -19 -20 -21 -22 -23 -24 25 -26 -27 -28 -29 -30 -31
leaf_value=-0.00172505583705939 -0.0028878809061181569 0.0035868692092625126 -0.000784820393328552 0.00031789770093325841 -0.0026475811123790141 -0.0030125556243556823 -0.0014115769988688124 -0.00082547825176335424 0.00073791247391137712 0.00027777404008356407 -0.00039548709370603526 -0.00045061766933306586 -0.0042251302464763416 -0.0039704726188682258 0.0016371834369536731 0.00062572190066568362 -0.0011980494776282101 0.0017735769097663675 0.00074227091394554008 -0.0014331686178857398 0.0024058661233861381 0.0014027380399749276 0.0012089704987137333 -0.0019864736050320565 0.00074088169109890953 -0.001068986504513608 0.0017668984507609124 -0.001518369738001368 0.00085314769336808805 -0.000163600775260342
leaf_weight=21564 5118 10900 209688 305389 2245 2254 30893 47969 47830 245830 178043 28194 7843 4669 36678 127968 82860 11050 42360 2763 48547 27011 5032 50353 78316 111968 35759 93863 40251 368001
leaf_count=21564 5118 10900 209688 305389 2245 2254 30893 47969 47830 245830 178043 28194 7843 4669 36678 127968 82860 11050 42360 2763 48547 27011 5032 50353 78316 111968 35759 93863 40251 368001
internal_value=-9.7711e-05 0.00020343 -0.000893178 0.000654588 0.000533365 7.50092e-05 0.000174495 0.00036322 -4.49215e-05 -7.43419e-05 -0.000373618 0.000273312 -0.00120949 -0.00182631 0.00136728 0.00102154 -0.000650408 9.32815e-05 0.00143351 0.00179682 0.0019117 0.00109113 -0.00104428 -0.00103307 0.00042547 -0.0013537 0.00219274 -0.00163496 6.4868e-05 1.31648e-05
internal_weight=2.31121e+06 1.67653e+06 634679 638867 592208 156295 341314 134731 95799 1.03766e+06 372531 111628 478384 106375 38932 250894 260903 665132 122926 80566 77803 29256 35925 372009 106510 162321 46659 98532 654082 613831
internal_count=2311209 1676530 634679 638867 592208 156295 341314 134731 95799 1037663 372531 111628 478384 106375 38932 250894 260903 665132 122926 80566 77803 29256 35925 372009 106510 162321 46659 98532 654082 613831
is_linear=0
shrinkage=0.05


Tree=70
num_leaves=31
num_cat=0
split_feature=2 2 6 0 0 6 5 6 0 0 1 3 1 1 3 6 3 6 1 1 6 2 6 3 5 0 1 5 5 0
split_gain=208.99 86.31 67.3144 39.4201 34.7488 39.228 30.0146 29.0901 20.9599 20.5796 19.7545 18.8332 17.1641 15.9133 21.7752 15.6921 14.9873 14.5533 14.2988 13.805 15.2048 13.3181 12.677 12.3011 11.1795 11.0522 10.9336 20.5957 17.9306 12.778
threshold=0.0070250683929771194 -0.010075215715914963 -1.6132263541221616 -0.82581213116645802 0.74660810828208934 2.3330913782119755 0.57548052072525036 -1.7459506392478941 -0.20449923723936078 -0.92305767536163319 0.49823884665966039 -3.3704706430435176 -0.79026204347610463 -0.53103423118591297 -1.8351888656616209 -1.4372394680976865 2.6332570314407353 -2.7449070215225215 0.14192216098308566 -0.90971848368644703 -1.0693191885948179 -1.2941865921020506 -0.92427748441696156 2.2939280271530156 0.78955692052841198 -0.96378996968269337 0.26663847267627722 -0.020865216851234433 0.90860098600387584 0.99418807029724132
decision_type=2 2 2 2 2 2 2 2 2 2 2 2 2 2 2 2 2 2 2 2 2 2 2 2 2 2 2 2 2 2
left_child=1 2 3 25 5 7 9 17 15 21 18 -5 -13 -11 -15 -3 -12 -2 -7 20 -17 -4 -16 -24 -21 -1 -10 -28 29 -29
right_child=4 8 6 11 -6 10 -8 -9 26 13 16 12 -14 14 22 19 -18 -19 -20 24 -22 -23 23 -25 -26 -27 27 28 -30 -31
leaf_value=-0.0019145203568510629 0.0049963881078989277 0.00014955191423638816 -0.0010914105100847541 0.0031842524894595023 0.0011020017110712117 9.0037786078063473e-05 -0.0033432084055128397 0.00034364716499620424 -0.00016130783396080297 -0.0018231702458321735 0.0015438213367367528 -0.0024854659183724589 0.00062971122082119762 0.00099571250891428999 -0.0003279316644012654 -0.0054749778199945365 -0.0017058180983533695 0.0015501220156502332 -0.0034667476461583838 -0.00057705653462026922 -0.001139950198424771 -0.0025320155642064002 -0.0010523277929786348 -0.0032962127618280665 0.00086243259464277653 -0.0004865025678860163 0.00095780794566381784 -0.00025295303564076957 0.0014729009243761757 0.0019164208305957266
leaf_weight=20962 3424 95966 27307 6838 239289 3698 15758 336313 326955 49515 7218 4669 80492 15040 65478 2875 6959 28645 11962 332867 6793 38970 253675 6251 14049 38312 77340 167277 18472 7065
leaf_count=20962 3424 95966 27307 6838 239289 3698 15758 336313 326955 49515 7218 4669 80492 15040 65478 2875 6959 28645 11962 332867 6793 38970 253675 6251 14049 38312 77340 167277 18472 7065
internal_value=-0.000144528 -0.000438083 -0.000904146 1.37108e-05 0.000625804 0.000339638 -0.00119831 0.000480881 -0.000161338 -0.00112416 -0.0014038 0.000661558 0.000458648 -0.000985668 -0.00086381 -0.00041798 -5.13925e-05 0.00191952 -0.00262732 -0.000570717 -0.00243339 -0.00193872 -0.000949784 -0.00110642 -0.000518739 -0.000991753 3.31751e-05 0.000268546 -7.96022e-06 -0.000164937
internal_weight=2.31043e+06 1.67293e+06 623267 151273 637508 398219 471994 368382 1.04966e+06 456236 29837 91999 85161 389959 340444 452550 14177 32069 15660 356584 9668 66277 325404 259926 346916 59274 597109 270154 192814 174342
internal_count=2310434 1672926 623267 151273 637508 398219 471994 368382 1049659 456236 29837 91999 85161 389959 340444 452550 14177 32069 15660 356584 9668 66277 325404 259926 346916 59274 597109 270154 192814 174342
is_linear=0
shrinkage=0.05


Tree=71
num_leaves=31
num_cat=0
split_feature=2 0 4 2 5 3 0 5 5 2 3 2 1 3 0 3 3 2 4 3 1 0 5 2 0 3 1 2 5 0
split_gain=166.782 74.3697 35.1634 27.1037 22.8773 22.8222 19.9036 19.7388 19.2569 27.1587 26.0912 19.0839 15.667 17.8044 15.3718 14.81 13.6704 13.3038 12.7247 14.9074 13.3457 12.4671 14.0963 12.1379 11.6195 15.0527 13.1208 11.5491 11.5321 11.4218
threshold=-0.006997479358687996 0.55738458037376415 -1.0666817426681516 0.0098310387693345564 0.56190520524978649 -3.3704706430435176 -0.78457430005073536 -0.99973702430725087 -0.23468290269374845 1.0000000180025095e-35 -2.5984275341033931 1.1415223479270937 0.50558954477310192 1.7074840664863589 0.97065550088882457 3.1915391683578496 -2.4137772321701045 -0.70831426978111256 -0.15175526589155194 0.50349226593971264 0.72110730409622203 -0.61359015107154835 0.26606598496437078 -4.1906673908233634 -0.30857576429843897 -0.56056067347526539 -0.53845176100730885 -0.21044814586639402 -0.64608892798423756 0.90579307079315197
decision_type=2 2 2 2 2 2 2 2 2 2 2 2 2 2 2 2 2 2 2 2 2 2 2 2 2 2 2 2 2 2
left_child=2 8 5 -3 6 -1 17 -7 9 -2 -11 14 15 18 -5 21 -8 23 19 -14 -21 -10 -23 -4 25 28 -26 -18 -9 -13
right_child=1 3 4 11 -6 7 16 24 12 10 -12 29 13 -15 -16 -17 27 -19 -20 20 -22 22 -24 -25 26 -27 -28 -29 -30 -31
leaf_value=0.0021955999060317313 -3.819150594706258e-05 0.00021002517024157325 -0.0032878720700313686 0.00103609987735774 -0.002817475013337145 -0.0050395614255274099 0.00097751604323448077 -0.0014651502461890922 -0.00071939439388239799 0.0055712483204265707 0.0008833687961412554 0.00011662035537714647 0.00010476234807383111 -0.00076480529120373497 0.0024000039111383509 -0.0035335240587036111 -0.00065679598197448496 -0.0020970982672553202 0.00030610084913497654 0.0040656543951259278 0.00042557902190071663 -3.6357271076909683e-05 -0.00065008843887380562 -0.00096079058856763538 -0.0022785502614730466 -0.0013860683650714573 0.00084506923692353141 -0.0014830432515423907 0.00019282826993153077 0.00099338679984613829
leaf_weight=9617 237317 291132 5954 160566 17284 2171 11227 12755 160835 3103 64019 94840 8121 31066 23709 3642 245254 50596 69066 7853 3708 333568 130022 93316 3738 33578 32650 51109 58787 61054
leaf_count=9617 237317 291132 5954 160566 17284 2171 11227 12755 160835 3103 64019 94840 8121 31066 23709 3642 245254 50596 69066 7853 3708 333568 130022 93316 3738 33578 32650 51109 58787 61054
internal_value=-0.000124259 0.000135132 -0.000819617 0.000564171 -0.00103221 -0.00016121 -0.000964699 -0.000319102 -0.000122258 0.000212977 0.00110088 0.00086725 -0.000258722 0.000265218 0.0012117 -0.000358675 -0.000734447 -0.0014372 0.000625821 0.00174702 0.00289954 -0.000340101 -0.000208499 -0.00110068 -0.000246331 -0.000512891 0.000523654 -0.000799331 -0.000102931 0.000460037
internal_weight=2.31166e+06 1.68362e+06 628036 631301 474740 153296 457456 143679 1.05232e+06 304439 67122 340169 747881 119814 184275 628067 307590 149866 88748 19682 11561 624425 463590 99270 141508 105120 36388 296363 71542 155894
internal_count=2311657 1683621 628036 631301 474740 153296 457456 143679 1052320 304439 67122 340169 747881 119814 184275 628067 307590 149866 88748 19682 11561 624425 463590 99270 141508 105120 36388 296363 71542 155894
is_linear=0
shrinkage=0.05


Tree=72
num_leaves=31
num_cat=0
split_feature=2 2 5 5 0 5 1 0 1 4 5 1 1 3 1 3 2 4 4 5 0 2 1 3 4 4 0 3 3 0
split_gain=184.583 58.8405 41.3232 33.6101 41.573 28.5289 26.5944 22.1987 20.987 20.9397 20.3974 19.8548 17.4009 15.854 15.6527 17.649 13.8005 19.2392 13.5097 12.976 11.9936 17.4924 10.645 21.1306 10.3006 12.1227 10.3004 9.81416 14.2394 9.42004
threshold=-1.0000000180025095e-35 0.0098310387693345564 -0.16263107210397718 -0.38348193466663355 0.72400450706481945 0.65743646025657665 -0.87017327547073353 -0.92305767536163319 -0.042775083333253854 -2.0966054201126094 0.26606598496437078 0.45511680841445928 0.7597898840904237 -2.3377947807312007 0.9378032684326173 0.51708203554153453 0.89462247490882885 0.62628954648971569 -1.5550752878189085 0.99949368834495556 -0.79836395382881153 -0.55445015430450428 -0.88273614645004261 -2.1329910755157466 0.62628954648971569 0.71481060981750499 0.72400450706481945 -0.97161996364593495 -1.2296920418739317 -0.92305767536163319
decision_type=2 2 2 2 2 2 2 2 2 2 2 2 2 2 2 2 2 2 2 2 2 2 2 2 2 2 2 2 2 2
left_child=2 8 6 -3 10 11 29 -8 22 -10 16 20 -12 18 15 -11 -5 -18 -9 -17 21 -4 23 -2 26 -26 -24 28 -25 -1
right_child=1 3 5 4 -6 -7 7 13 9 14 12 -13 -14 -15 -16 19 17 -19 -20 -21 -22 -23 24 27 25 -27 -28 -29 -30 -31
leaf_value=-0.0014752217517404005 -0.0036626472183813002 0.0017348945431499071 -0.0010495905873793363 0.00058352814601538049 0.00091102178065331015 -0.0040632820265701147 -0.001277195302754743 0.0023403629098539976 0.0021139638417257572 0.0002661124766045103 -0.00071539782239541684 -0.0021078148288160396 0.0024100166500628708 -0.00017893076733085833 0.0019337020825059379 -0.00040668408556594651 -0.00046797329241719067 0.001672161703612124 2.7966073489815249e-05 0.0019385188112579855 -0.0007926792328621096 -0.0025392600851970974 -0.00022759781273423783 -0.00045032937179273214 -0.0023839950892582608 -0.00053234762763579768 0.00067539527731687711 -0.001264306693068205 0.0038897792179812007 -0.0040032785906732003
leaf_weight=11795 6850 51788 73860 154208 239744 8454 41529 12411 12864 314557 91743 45408 4671 167640 11053 193332 80484 12067 12852 6074 229175 26884 336687 6885 9756 93315 34840 17124 2594 5364
leaf_count=11795 6850 51788 73860 154208 239744 8454 41529 12411 12864 314557 91743 45408 4671 167640 11053 193332 80484 12067 12852 6074 229175 26884 336687 6885 9756 93315 34840 17124 2594 5364
internal_value=-0.000139924 0.000134534 -0.000865887 0.000514314 0.000405846 -0.00119236 -0.000367846 -0.000228721 -9.59319e-05 0.00012174 5.29094e-05 -0.00112759 -0.000563746 -2.94638e-06 7.2887e-05 3.28325e-05 0.000293863 -0.000188787 0.00116446 -0.000335154 -0.000992621 -0.00144733 -0.000326382 -0.00118831 -0.000265603 -0.000707826 -0.000142904 -0.000550057 0.000740222 -0.00226738
internal_weight=2.31601e+06 1.68064e+06 635372 634705 582917 383781 251591 234432 1.04593e+06 537880 343173 375327 96414 192903 525016 513963 246759 92551 25263 199406 329919 100744 508051 33453 474598 103071 371527 26603 9479 17159
internal_count=2316008 1680636 635372 634705 582917 383781 251591 234432 1045931 537880 343173 375327 96414 192903 525016 513963 246759 92551 25263 199406 329919 100744 508051 33453 474598 103071 371527 26603 9479 17159
is_linear=0
shrinkage=0.05


Tree=73
num_leaves=31
num_cat=0
split_feature=2 6 0 5 2 0 5 0 3 2 2 4 0 4 3 6 6 5 0 4 4 6 5 6 5 6 3 3 5 0
split_gain=162.342 70.3178 69.168 30.943 36.8781 23.7848 22.4448 20.0783 19.6174 19.3534 21.1293 17.6915 13.3899 13.2276 13.4 13.3071 16.0355 19.1081 12.347 11.9699 11.9585 11.9533 14.3708 11.6412 13.4061 11.5727 11.3535 14.6003 11.5441 11.0641
threshold=-1.0000000180025095e-35 -1.9870092272758482 0.55738458037376415 -0.23468290269374845 0.013767087832093241 -0.97127839922904957 0.24332106113433841 0.11594688519835473 -2.835092186927795 0.0098310387693345564 1.0582894086837771 -0.85562056303024281 -0.55205258727073658 -1.0840467214584348 -1.8351888656616209 -1.0199959874153135 -0.26686245203018183 -0.99973702430725087 -0.68840867280960072 1.8657027482986452 -0.93548238277435292 1.6128247976303103 0.99949368834495556 -0.617689549922943 -0.40966938436031336 1.8162129521369936 -0.057996207848191254 -0.41967011988162989 -0.99973702430725087 0.87261012196540844
decision_type=2 2 2 2 2 2 2 2 2 2 2 2 2 2 2 2 2 2 2 2 2 2 2 2 2 2 2 2 2 2
left_child=1 5 3 4 11 -1 7 -3 -6 19 29 13 -5 14 -2 26 17 -17 -8 -4 -15 -14 -23 -19 -25 -20 27 -16 -28 -11
right_child=2 6 9 12 8 -7 18 -9 -10 10 -12 -13 21 20 15 16 -18 23 25 -21 -22 22 -24 24 -26 -27 28 -29 -30 -31
leaf_value=-0.0016761830255908987 -0.0013191759793771834 -0.0010451141288999285 9.4238123218731579e-05 -0.00068010968530263867 0.0059267097616740282 0.00069121634146832522 -0.0025400835520618041 -4.9526039727401937e-05 0.0011615484840821781 0.00082027293803350768 0.00036032503279381572 0.0010446656459638674 -9.1588623916872435e-05 -0.0016440981247636578 0.0004443133158023232 0.0016506914416153516 0.0017928968694472848 -0.00072247168249829543 -0.00097152985505358919 0.0011264763862920634 0.00030865812157416345 -0.00083483638093133274 0.0019935250213469441 -0.0044373295635006709 -0.00095211314153267044 -0.0023175930200259594 -0.00082891246212100358 -0.0014938425820675766 0.0013830603823639725 0.0016365251730701147
leaf_weight=12124 17377 369594 259064 200755 2228 84454 31909 58683 62494 102812 166419 33564 444202 25725 41031 6448 6532 26305 54073 31490 11271 94022 4707 5394 5652 22668 6927 12721 39491 69674
leaf_count=12124 17377 369594 259064 200755 2228 84454 31909 58683 62494 102812 166419 33564 444202 25725 41031 6448 6532 26305 54073 31490 11271 94022 4707 5394 5652 22668 6927 12721 39491 69674
internal_value=-0.000166297 -0.000848156 9.13933e-05 -0.000157658 0.0002681 0.00039388 -0.00107157 -0.000908702 0.00132648 0.000505583 0.000762286 -1.92305e-05 -0.000331217 -0.000193569 -4.94494e-06 0.000146875 -0.000516333 -0.000861053 -0.0017134 0.000206146 -0.00104926 -0.0002022 -0.000699803 -0.00129499 -0.00265649 -0.00136938 0.000480126 -1.45651e-05 0.00105286 0.00115007
internal_weight=2.30981e+06 633505 1.6763e+06 1.04685e+06 303160 96578 536927 428277 64722 629459 338905 238438 743686 204874 167878 150501 50331 43799 108650 290554 36996 542931 98729 37351 11046 76741 100170 53752 46418 172486
internal_count=2309810 633505 1676305 1046846 303160 96578 536927 428277 64722 629459 338905 238438 743686 204874 167878 150501 50331 43799 108650 290554 36996 542931 98729 37351 11046 76741 100170 53752 46418 172486
is_linear=0
shrinkage=0.05


Tree=74
num_leaves=31
num_cat=0
split_feature=2 0 6 0 6 1 5 5 1 0 1 4 0 2 2 4 5 2 2 2 1 6 2 6 5 4 6 5 4 5
split_gain=170.818 68.8685 53.9074 31.9321 33.4242 30.4872 22.8773 18.7455 18.321 18.8203 14.4942 24.5254 14.4555 13.7055 19.7703 13.0943 11.8436 11.7483 11.678 10.3839 12.4465 15.7309 10.1685 10.0548 9.28256 8.9851 14.5729 8.63076 9.12512 15.4411
threshold=-0.010075215715914963 0.80235829949378978 -1.8197378516197202 -0.5789409577846526 2.3330913782119755 -0.75047829747200001 -0.33028003573417658 0.99949368834495556 0.62623679637908947 -0.043848648667335503 0.49134862422943121 1.5891622304916384 -0.80566337704658497 0.0070250683929771194 0.70640912652015697 -1.5312801003456114 -0.82805144786834706 1.0000000180025095e-35 -0.56821864843368519 0.0098310387693345564 -0.0060240204911679021 -0.097138248383998857 -0.69366702437400807 -1.1665030121803281 -0.4028941392898559 1.6175645589828493 2.1546887159347539 0.51720184087753307 0.32924418151378637 0.16803604364395144
decision_type=2 2 2 2 2 2 2 2 2 2 2 2 2 2 2 2 2 2 2 2 2 2 2 2 2 2 2 2 2 2
left_child=2 3 5 -2 6 16 17 10 9 18 11 -6 -7 15 23 -3 -1 -5 27 20 -8 -22 -18 -15 -19 -11 -27 28 -4 -30
right_child=1 13 8 4 7 12 19 -9 -10 25 -12 -13 -14 14 -16 -17 22 24 -20 -21 21 -23 -24 -25 -26 26 -28 -29 29 -31
leaf_value=-0.0045037787115264592 -0.00051130601789544782 0.0022930774078600154 -0.00117252878722174 0.00037271060348037727 -0.0011880973405621559 -0.00038031366631485417 -0.00041652645434210584 0.0024992547090732274 -0.0026407751090855042 -0.00024489104564162699 -0.00067752503087080049 -0.0048472249768216269 0.00097264769147428559 0.0036776986885220641 0.00063294948440604853 0.00026291916767462583 -0.00042884744745894413 0.0017392105940587941 -0.0015721322471202487 0.00023947993127127937 0.00074440737073658975 -0.00013157421629291492 -0.0027124757438448609 0.0014939325301835909 0.00034101351345876122 -0.00088824863755717894 -0.0055869620548806061 -0.0024711104908690636 0.00027672048186915227 -0.00105610810107703
leaf_weight=2674 313479 8353 153952 106203 13167 29120 208052 3193 18485 86400 26077 7019 61268 5769 136824 158120 19104 36110 133336 325973 69785 192888 6537 60741 17690 8756 2025 9522 35352 56373
leaf_count=2674 313479 8353 153952 106203 13167 29120 208052 3193 18485 86400 26077 7019 61268 5769 136824 158120 19104 36110 133336 325973 69785 192888 6537 60741 17690 8756 2025 9522 35352 56373
internal_value=-0.000162625 9.83213e-05 -0.000870355 -7.06731e-05 6.66145e-05 8.82773e-05 0.000132142 -0.00120075 -0.00109604 -0.0010372 -0.0014566 -0.00246221 0.000536775 0.000701354 0.00097677 0.000364917 -0.00134311 0.000677713 -0.00119286 2.25661e-05 -0.000127647 0.00010117 -0.00101187 0.00168387 0.00127962 -0.000414821 -0.00177517 -0.000994638 -0.000937315 -0.000542445
internal_weight=2.31235e+06 1.68944e+06 622904 1.31964e+06 1.00616e+06 118703 956701 49456 504201 485716 46263 20186 90388 369807 203334 166473 28315 160003 388535 796698 470725 262673 25641 66510 53800 97181 10781 255199 245677 91725
internal_count=2312347 1689443 622904 1319636 1006157 118703 956701 49456 504201 485716 46263 20186 90388 369807 203334 166473 28315 160003 388535 796698 470725 262673 25641 66510 53800 97181 10781 255199 245677 91725
is_linear=0
shrinkage=0.05


Tree=75
num_leaves=31
num_cat=0
split_feature=2 2 6 0 6 0 6 1 6 4 4 0 6 4 4 2 1 1 2 3 1 6 3 3 4 3 1 0 3 6
split_gain=170.81 72.1694 59.2437 33.5839 40.9764 30.93 21.4609 20.6344 20.5073 20.0201 19.1706 18.511 16.0097 15.8693 15.8612 14.2275 12.2129 12.1262 12.0915 12.0586 11.6232 11.1243 11.0408 10.3984 11.2017 10.1816 10.8183 10.0764 10.0079 14.7088
threshold=0.0098310387693345564 -1.0000000180025095e-35 -1.5696938037872312 0.67591130733490001 1.5131887793540957 -0.65596273541450489 -2.6435024738311763 0.41403532028198248 -1.7459506392478941 2.2851089239120488 0.7596590816974641 -0.48682865500450129 0.020673842169344429 -1.2905288338661192 -1.2293799519538877 -1.5240036249160764 0.71194866299629223 -0.59753295779228199 1.9155488610267641 2.8763817548751835 -0.71225750446319569 -2.0514050722122188 1.1315005421638491 -2.7096844911575313 -0.93548238277435292 -2.835092186927795 -0.70304909348487843 0.99418807029724132 -1.0000000180025095e-35 -1.2316629886627195
decision_type=2 2 2 2 2 2 2 2 2 2 2 2 2 2 2 2 2 2 2 2 2 2 2 2 2 2 2 2 2 2
left_child=1 2 5 4 8 -1 13 9 25 20 -6 -4 22 17 -9 -8 -12 -7 28 -14 -3 23 -13 -22 -25 -2 -27 -16 -5 -30
right_child=3 7 11 18 10 6 15 14 -10 -11 16 12 19 -15 27 -17 -18 -19 -20 -21 21 -23 -24 24 -26 26 -28 -29 29 -31
leaf_value=-0.00058812176299982873 0.0047758436161917835 -0.00069494071547275896 -0.0013830775395068545 0.00052877608947779519 0.00055785691917980011 0.0010405712746885162 -0.0012314665635374184 0.0015743060682829263 0.00037731347971533402 -0.0018640298444583673 -0.001451976516255526 -0.00037983738853169038 -0.0010477465444568965 0.00055036667193464654 6.117424032432917e-05 0.00077645594694264811 0.001195152866399248 0.0052360438248194594 0.00039979658224962547 -0.0044650881321420454 -0.0014192874123034535 -0.00019447485574279846 0.0020236119461027806 0.00052051693941599481 0.0028740778409223266 -0.0019259917652085937 0.0017726394620656363 0.0017138675610314784 0.0037765415497216545 0.001256082425472252
leaf_weight=91435 2560 115205 259752 48185 20108 2468 11058 20418 246065 19278 53001 84148 122748 5749 239019 43476 4740 5735 69059 2628 4398 610446 5056 16984 7192 2138 25088 9583 6003 157024
leaf_count=91435 2560 115205 259752 48185 20108 2468 11058 20418 246065 19278 53001 84148 122748 5749 239019 43476 4740 5735 69059 2628 4398 610446 5056 16984 7192 2138 25088 9583 6003 157024
internal_value=-0.00013371 -0.00039804 -0.000818589 0.000565407 0.00024145 1.36525e-05 0.000817044 -0.00014218 0.000527345 -0.000273364 -0.000771533 -0.00109917 -0.000755454 0.00256619 0.000235005 0.000369153 -0.0012345 0.00397657 0.000974215 -0.00111973 -0.000232683 -0.000149335 -0.000243401 0.000814741 0.00122157 0.00176623 0.00148159 0.000124948 0.001162 0.00134912
internal_weight=2.31075e+06 1.67678e+06 634253 633971 353700 159921 68486 1.04252e+06 275851 773503 77849 474332 214580 13952 269020 54534 57741 8203 280271 125376 754225 639020 89204 28574 24176 29786 27226 248602 211212 163027
internal_count=2310747 1676776 634253 633971 353700 159921 68486 1042523 275851 773503 77849 474332 214580 13952 269020 54534 57741 8203 280271 125376 754225 639020 89204 28574 24176 29786 27226 248602 211212 163027
is_linear=0
shrinkage=0.05


Tree=76
num_leaves=31
num_cat=0
split_feature=2 2 6 0 5 0 6 0 3 0 5 5 5 3 2 1 1 3 2 2 6 6 1 2 6 3 1 1 6 0
split_gain=190.51 73.0799 54.8073 35.0903 29.9416 30.9844 33.5819 29.4907 19.1838 18.1802 16.2737 14.9219 14.4354 13.5517 15.0271 14.6405 13.1313 16.1575 12.7926 11.2582 11.7891 16.2802 12.6666 11.7485 11.1771 11.731 11.7675 10.2918 10.285 10.1155
threshold=-1.0000000180025095e-35 0.0098310387693345564 -1.8969275355339048 -0.83237543702125538 -0.38348193466663355 0.95028352737426769 2.1546887159347539 -0.37021656334400171 2.8763817548751835 0.92199218273162853 -0.20137111097574231 -0.43126948177814478 0.33201378583908087 0.47806897759437567 0.59578633308410656 -0.56851094961166371 -0.76997607946395863 -3.3704706430435176 0.35494540631771093 -1.2410838603973386 0.17446003854274753 0.80927005410194408 -0.55306816101074208 -3.5470736026763912 -0.21216437965631482 -2.7096844911575313 -0.88273614645004261 0.89063483476638805 0.75968027114868175 0.57519096136093151
decision_type=2 2 2 2 2 2 2 2 2 2 2 2 2 2 2 2 2 2 2 2 2 2 2 2 2 2 2 2 2 2
left_child=2 9 3 -1 18 6 13 12 11 24 16 -9 19 15 28 -6 -5 -18 -3 23 -21 22 -22 -4 25 26 -2 -8 -15 -17
right_child=1 4 7 10 5 -7 27 8 -10 -11 -12 -13 -14 14 -16 29 17 -19 -20 20 21 -23 -24 -25 -26 -27 -28 -29 -30 -31
leaf_value=-0.00097531424642105253 -0.003724255676054799 0.0030247661042230884 -0.0024612742815491059 -0.0017419559933445723 0.0014495817580963664 0.0014275708605674103 -0.00089082506618832092 0.0011859653600659807 -0.0049927739629901675 0.00056193484602514397 0.0030141420475540679 -0.00066511963611497985 -0.0023366115550714009 0.0019953469389067942 0.00045862412823333013 -0.00020624676394055198 0.0034677576385470006 0.00052697822556871962 0.0012375312531385369 -0.0012357945910174027 -0.00072805279806441954 -0.0012446667552586696 -0.0033910656184498902 -0.00068347484380237682 -0.00035515719255096057 3.4182021785912883e-05 -0.00056544824736565733 0.0020748285977106209 0.00079354195140094873 0.00049890154404815044
leaf_weight=43083 3921 13532 10290 5533 21443 71287 61589 11577 2455 87809 7727 180466 35617 32984 142009 125868 5172 47416 38537 130419 5468 29110 24497 95292 493956 446643 11814 3062 38713 85328
leaf_count=43083 3921 13532 10290 5533 21443 71287 61589 11577 2455 87809 7727 180466 35617 32984 142009 125868 5172 47416 38537 130419 5468 29110 24497 95292 493956 446643 11814 3062 38713 85328
internal_value=-0.000148339 0.000130597 -0.000886662 0.000133998 0.000553869 0.000451128 0.000314883 -0.00109836 -0.000609762 -0.000126558 0.000859837 -0.000553474 -0.0013857 0.00046915 0.000756594 0.000205078 0.00057296 0.000816807 0.0017025 -0.00127085 -0.0015014 -0.00208746 -0.00290553 -0.000856955 -0.000189779 -1.31024e-05 -0.00135446 -0.000750067 0.00134663 7.86594e-05
internal_weight=2.31262e+06 1.6785e+06 634122 108931 634352 582283 510996 525191 194498 1.04414e+06 65848 192043 330693 446345 213706 232639 58121 52588 52069 295076 189494 59075 29965 105582 956334 462378 15735 64651 71697 211196
internal_count=2312617 1678495 634122 108931 634352 582283 510996 525191 194498 1044143 65848 192043 330693 446345 213706 232639 58121 52588 52069 295076 189494 59075 29965 105582 956334 462378 15735 64651 71697 211196
is_linear=0
shrinkage=0.05


Tree=77
num_leaves=31
num_cat=0
split_feature=2 2 4 5 5 0 1 5 0 1 2 5 0 5 2 3 0 1 5 3 3 4 4 1 1 3 1 4 4 1
split_gain=187.379 64.91 38.4874 33.5904 31.5189 29.7202 28.3774 27.7537 23.6058 23.193 21.4971 19.3502 18.7416 18.6732 16.6172 16.3792 16.3306 16.2982 15.8972 15.823 14.9371 14.7066 18.2004 14.072 12.9638 12.7376 14.6462 12.2912 12.243 11.5821
threshold=0.0098310387693345564 -1.0000000180025095e-35 -1.6422768235206602 -0.33028003573417658 0.6999318301677705 0.79558083415031444 -0.81215393543243397 0.26169227063655859 -0.87563678622245777 0.5569390356540681 -0.21044814586639402 -0.24759741872549054 -0.93299558758735646 0.28025546669960028 0.72218307852745067 -3.3704706430435176 0.19062291830778125 -0.37479929625988001 -0.64608892798423756 -2.3377947807312007 -1.9239514470100401 -1.2495277523994444 1.5607224702835085 0.24116121232509616 -0.36137069761753077 0.90965750813484203 0.46242891252040869 -0.87054669857025135 -0.81122192740440358 0.72110730409622203
decision_type=2 2 2 2 2 2 2 2 2 2 2 2 2 2 2 2 2 2 2 2 2 2 2 2 2 2 2 2 2 2
left_child=1 2 6 14 10 7 -1 20 -8 11 12 24 -4 16 -2 -10 23 18 -17 -20 -5 -11 -23 -14 27 26 -12 -3 -25 -9
right_child=3 9 4 5 -6 -7 8 29 15 21 25 -13 13 -15 -16 17 -18 -19 19 -21 -22 22 -24 28 -26 -27 -28 -29 -30 -31
leaf_value=-0.0021817906767891584 0.0024469977892047179 -0.00042403390919145637 -0.0014997897055493321 0.0029508048158537886 -0.0045488494102838631 0.0010042256075120921 -0.0011371172048682203 -0.00057037320699417136 0.0043620708422566663 0.0020428631950183004 -0.0016759809388269893 -0.00040350305541498791 -0.00043479328625706015 -0.0013863224847494914 0.00090128492936289602 -0.0022223768661321975 0.00052896778387787351 0.0017084225326936047 0.0041329245970468413 -4.9671727109718347e-05 0.00046478693758200928 -1.5185300610044662e-05 0.0012208870875940409 -0.0031524620775469588 0.00048524559436641837 -7.0566220836256184e-05 -0.0045759236892878741 0.00094726669556921572 -0.001012534348304816 0.001267583670215114
leaf_weight=10167 34415 113641 70792 6180 5919 193670 14369 102764 3684 12184 68320 597881 245214 65676 35170 6396 36839 27275 2807 11459 253899 139944 37821 8028 123248 11497 4645 19075 39811 9342
leaf_count=10167 34415 113641 70792 6180 5919 193670 14369 102764 3684 12184 68320 597881 245214 65676 35170 6396 36839 27275 2807 11459 253899 139944 37821 8028 123248 11497 4645 19075 39811 9342
internal_value=-0.000101748 -0.000378847 -0.000778364 0.000629408 -0.000922571 0.000501908 0.000275832 0.000240503 0.000654749 -0.000136597 -0.000883522 -0.000247763 -0.000750562 -0.000616443 0.001666 0.00115365 -0.000463136 0.00090622 -0.000153047 0.000775621 0.000523971 0.000363093 0.000247853 -0.000587865 0.000116016 -0.00161749 -0.00186119 -0.000226883 -0.00137223 -0.000417113
internal_weight=2.31213e+06 1.67669e+06 632898 635440 556741 565855 76157 372185 65990 1.04379e+06 550822 853845 466360 395568 69585 51621 329892 47937 20662 14266 260079 189949 177765 293053 255964 84462 72965 132716 47839 112106
internal_count=2312132 1676692 632898 635440 556741 565855 76157 372185 65990 1043794 550822 853845 466360 395568 69585 51621 329892 47937 20662 14266 260079 189949 177765 293053 255964 84462 72965 132716 47839 112106
is_linear=0
shrinkage=0.05


Tree=78
num_leaves=31
num_cat=0
split_feature=2 6 2 5 0 5 5 0 4 6 4 3 5 2 4 4 6 4 3 2 3 6 5 6 2 0 2 0 4 3
split_gain=143.496 58.7683 54.3005 25.7363 32.6219 23.9163 20.2407 20.0032 20.2878 19.7511 19.8145 18.1025 20.5592 17.3874 17.356 16.4488 16.4022 15.4774 18.7758 15.3934 15.1876 13.8991 15.8206 13.4162 13.3753 13.0199 13.7847 12.8138 12.7253 12.543
threshold=-1.0000000180025095e-35 -1.590422451496124 1.0000000180025095e-35 -0.15462903678417203 0.80235829949378978 -0.99973702430725087 0.42061603069305425 -0.89194452762603749 -1.4828208088874815 1.5331871509552004 1.4371486306190493 -1.0000000180025095e-35 0.42794466018676763 1.1415223479270937 1.5891622304916384 1.9015075564384463 -1.418711185455322 -0.54058068990707386 -3.1546760797500606 0.31724874675273901 0.56765380501747142 -1.3486664295196531 0.83995625376701366 -2.6435024738311763 -1.0605156421661375 -0.64779317378997792 -1.1461530327796934 0.61025071144104015 -2.1527827978134151 0.97808444499969494
decision_type=2 2 2 2 2 2 2 2 2 2 2 2 2 2 2 2 2 2 2 2 2 2 2 2 2 2 2 2 2 2
left_child=1 5 11 17 9 -1 25 -7 23 -5 29 12 14 -6 16 -14 -2 18 -4 -20 -21 28 27 -9 -8 26 -3 -23 -13 -11
right_child=2 6 3 4 13 7 24 8 -10 10 -12 21 15 -15 -16 -17 -18 -19 19 20 -22 22 -24 -25 -26 -27 -28 -29 -30 -31
leaf_value=-0.0046489835359173571 0.00012692555632590587 -0.00076144292563594569 0.0055735506174512143 0.00025111113458724395 0.0013478261135598229 -0.00075438910985759725 -0.003321694788754573 0.0028808483026235617 -3.828465023237638e-05 -0.00092850139182798898 -0.0014073009572210405 0.0029029603905937388 -0.0036566766344427598 0.0003345911513570839 0.0021848962444697469 -0.00067151312109252467 -0.00060653556104041785 0.0032980832609504972 0.0017577551794538621 0.00018306361602594707 0.0014455854273729776 -0.00025797990278368015 0.00089967156849339027 0.00084175499000074231 -0.0014607196502826778 -0.00070761628020946023 -0.0016178009670693512 0.00025522665635682192 0.00052818569823629769 0.00059945636060336417
leaf_weight=2637 113600 81024 2118 217647 85017 44068 14530 10801 66496 21747 43039 6472 8408 84355 6794 10226 231639 7095 35130 79727 33962 395200 42512 31837 28841 241863 111974 175692 43546 35089
leaf_count=2637 113600 81024 2118 217647 85017 44068 14530 10801 66496 21747 43039 6472 8408 84355 6794 10226 231639 7095 35130 79727 33962 395200 42512 31837 28841 241863 111974 175692 43546 35089
internal_value=-0.000139214 -0.000780052 0.000102799 0.00046285 0.000282893 6.31909e-05 -0.00105483 0.000144598 0.000507642 -1.60232e-05 -0.000598128 -0.000121755 -0.000401624 0.000843238 -0.00031592 -0.00201971 -0.000365195 0.00101724 0.000909819 0.000843074 0.000560307 3.46171e-05 -3.07404e-05 0.00135885 -0.0020848 -0.000952061 -0.00125834 -0.000100039 0.000835985 1.47577e-05
internal_weight=2.31309e+06 634071 1.67902e+06 644926 486894 155839 478232 153202 109134 317522 99875 1.03409e+06 370667 169372 352033 18634 345239 158032 150937 148819 113689 663422 613404 42638 43371 434861 192998 570892 50018 56836
internal_count=2313086 634071 1679015 644926 486894 155839 478232 153202 109134 317522 99875 1034089 370667 169372 352033 18634 345239 158032 150937 148819 113689 663422 613404 42638 43371 434861 192998 570892 50018 56836
is_linear=0
shrinkage=0.05


Tree=79
num_leaves=31
num_cat=0
split_feature=0 6 0 4 5 0 1 1 0 5 6 6 1 6 4 5 3 6 3 3 6 6 1 5 6 3 3 6 4 4
split_gain=156.872 56.2344 35.1364 28.8558 28.0999 26.2866 22.989 19.9957 18.7025 16.6874 16.3956 18.428 15.9686 14.0824 16.0562 21.1373 24.9218 18.8199 18.3692 17.5872 14.7805 14.3894 13.9718 13.343 13.4868 18.6775 14.658 16.6789 13.6811 13.2459
threshold=0.17992405593395236 -0.89216989278793324 -0.81927356123924244 -0.026216971687972542 0.028146868571639064 0.91157153248786937 -0.19075624644756314 0.81419885158538829 -0.96763408184051503 0.90860098600387584 -0.48368787765502924 1.8162129521369936 0.44065935909748083 2.1946814060211186 -0.11375802010297774 0.097193606197834029 -1.0000000180025095e-35 -0.019634081982076165 -0.096541959792375551 -0.47073110938072199 1.4770324230194094 0.93843004107475292 0.9378032684326173 -0.99973702430725087 0.13680260628461841 2.2257140874862675 0.015280820429325105 -1.7945935726165769 -2.0966054201126094 1.671678960323334
decision_type=2 2 2 2 2 2 2 2 2 2 2 2 2 2 2 2 2 2 2 2 2 2 2 2 2 2 2 2 2 2
left_child=1 2 -1 -4 23 6 10 8 -3 22 -6 -12 -11 14 17 -16 18 19 20 -10 -17 -20 -8 -2 26 -26 27 -25 -28 -14
right_child=4 7 3 -5 5 -7 9 -9 13 12 11 -13 29 -15 15 16 -18 -19 21 -21 -22 -23 -24 24 25 -27 28 -29 -30 -31
leaf_value=-0.00065201960928033321 -0.0012934602222322384 -0.0017759863599231774 0.00034174512090564955 -0.0014796563582934778 -0.0021351165391177971 0.00070768230659006503 -0.00033236285969787387 0.0011397604168224015 -0.0016930329055533354 -0.00089430602329625217 0.0012821468958614975 -0.0023042430087984191 -0.00022846221619000147 -0.0017863560112055159 -1.7069279980098173e-05 -0.00088920781190672733 -0.00037907215010970574 -0.0017311382171568803 -0.0048391010761032636 -0.00041392904994034082 -0.0026816236506286297 -0.0014512822395273614 0.0027798179177101639 0.0014728968712925047 0.00029809442157532624 -0.0029584101988294259 0.0032251586012759371 0.00030961690916323712 0.0010907336160884977 0.0036502284280989501
leaf_weight=177315 8645 44828 316024 23342 4365 140470 349389 13730 35419 5216 53256 3831 3140 29936 145790 118842 204497 67586 5973 111332 12728 6609 3634 38513 76221 4663 7934 154011 137709 7343
leaf_count=177315 8645 44828 316024 23342 4365 140470 349389 13730 35419 5216 53256 3831 3140 29936 145790 118842 204497 67586 5973 111332 12728 6609 3634 38513 76221 4663 7934 154011 137709 7343
internal_value=-0.000128963 -0.000487941 -8.1614e-05 0.000216427 0.000343502 0.000113848 -8.00766e-05 -0.000751262 -0.000784413 -0.000229301 0.000815188 0.00104111 0.00136526 -0.000724217 -0.000679332 -0.000522627 -0.000734024 -0.00104078 -0.0012375 -0.000722741 -0.0010628 -0.00306213 -0.000300248 0.000649904 0.000690025 0.000110013 0.000828747 0.000542387 0.00120722 0.00248932
internal_weight=2.31229e+06 1.31395e+06 516681 339366 998340 570644 430174 797270 783540 368722 61452 57087 15699 738712 708776 494439 348649 214337 144152 146751 131570 12582 353023 427696 419051 80884 338167 192524 145643 10483
internal_count=2312291 1313951 516681 339366 998340 570644 430174 797270 783540 368722 61452 57087 15699 738712 708776 494439 348649 214337 144152 146751 131570 12582 353023 427696 419051 80884 338167 192524 145643 10483
is_linear=0
shrinkage=0.05


Tree=80
num_leaves=31
num_cat=0
split_feature=2 2 6 3 0 0 5 5 5 4 6 0 0 2 6 4 5 0 6 4 4 5 6 5 3 0 2 0 4 2
split_gain=164.85 64.9506 49.7928 41.2691 29.4358 28.8496 28.1959 27.5832 28.5902 22.3058 19.7305 17.4745 15.9632 15.896 15.8776 18.0841 14.93 13.5089 13.1174 14.1518 13.0125 12.9817 11.9511 16.0106 11.6367 11.4131 11.3948 11.3646 11.5219 11.1255
threshold=-0.010075215715914963 0.0098310387693345564 -0.92427748441696156 -2.1971755027770992 -0.80566337704658497 0.91684702038764965 0.6377544403076173 0.21297099441289905 0.99949368834495556 -0.22902077436447141 -2.4182486534118648 -0.25620491802692408 0.16941350698471072 0.31724874675273901 1.8162129521369936 1.4173703193664553 -0.24315081536769864 0.34626331925392156 -0.077929638326168046 -1.1718640327453611 -1.8359346389770506 -0.99973702430725087 -0.95621511340141285 -0.99973702430725087 0.54278451204299938 0.22191489487886432 -1.74187296628952 0.25372506678104406 0.74460855126380932 0.26751516759395605
decision_type=2 2 2 2 2 2 2 2 2 2 2 2 2 2 2 2 2 2 2 2 2 2 2 2 2 2 2 2 2 2
left_child=2 11 4 25 21 7 9 13 14 12 -6 20 18 16 24 -16 -5 -17 19 -4 -2 -1 23 -13 -9 -3 -20 28 -15 -7
right_child=1 3 6 5 10 29 -8 8 -10 -11 -12 22 -14 27 15 17 -18 -19 26 -21 -22 -23 -24 -25 -26 -27 -28 -29 -30 -31
leaf_value=-0.004756335909345228 0.00053289933168871272 0.0054111026446267436 -0.0031413910384602336 0.0023809307446947424 0.001373553030436658 0.0026502073295640049 -0.0038282650394467019 -0.00031746881282209268 0.0052939915057572239 -0.00087352311344392111 -8.8166255358388442e-05 -0.0018132187437462995 -7.2920608064609054e-05 -0.00014128965265184718 3.4758437282116693e-05 -0.0029450365162836368 0.00081916405787691511 -0.00091992061351820202 -0.0003656570139740195 -0.0011568723812219034 -0.00040518903317610647 -0.00083067587153286173 -1.172365672897039e-05 0.0006750565225269122 0.00083147407986068525 0.0021098725165556507 -0.0036318993049654366 0.00066170521296449484 0.0029194842702030353 0.0010724122749375343
leaf_weight=2141 40816 4968 11944 21153 28059 12643 9653 47554 2355 271526 130040 6834 11235 85060 37025 11480 55336 29126 3140 36252 391208 101761 499118 116797 41056 5568 17930 180491 3180 95953
leaf_count=2141 40816 4968 11944 21153 28059 12643 9653 47554 2355 271526 130040 6834 11235 85060 37025 11480 55336 29126 3140 36252 391208 101761 499118 116797 41056 5568 17930 180491 3180 95953
internal_value=-8.86253e-05 0.000168065 -0.000783237 0.000568472 -0.000258315 0.00051591 -0.00116347 0.000359399 -0.000164813 -0.00109029 0.000171326 -7.22149e-05 -0.00182125 0.000615408 -0.000242457 -0.000764467 0.00125132 -0.00149304 -0.00210478 -0.00164923 -0.000316552 -0.000912018 9.72929e-05 0.000537376 0.000214909 0.00367014 -0.00314555 0.000434367 -3.06669e-05 0.00125633
internal_weight=2.3114e+06 1.68772e+06 623681 632948 262001 622412 361680 513816 168596 352027 158099 1.05477e+06 80501 345220 166241 77631 76489 40606 69266 48196 432024 103902 622749 123631 88610 10536 21070 268731 88240 108596
internal_count=2311402 1687721 623681 632948 262001 622412 361680 513816 168596 352027 158099 1054773 80501 345220 166241 77631 76489 40606 69266 48196 432024 103902 622749 123631 88610 10536 21070 268731 88240 108596
is_linear=0
shrinkage=0.05


Tree=81
num_leaves=31
num_cat=0
split_feature=2 2 6 0 6 0 4 6 3 3 5 5 4 3 2 3 4 6 4 5 2 4 4 5 0 3 5 2 4 0
split_gain=191.384 76.605 56.7457 34.0191 31.5434 32.3995 23.1731 23.0376 21.8531 19.4544 20.51 17.4702 16.0012 14.7871 13.196 13.1335 12.9989 28.1221 14.7753 12.931 14.6461 15.8913 12.872 12.4281 12.155 11.5607 11.1144 10.9888 10.938 10.2373
threshold=-0.006997479358687996 0.0098310387693345564 -0.86190342903137196 -0.92794615030288685 -1.7459506392478941 0.87872576713562023 -1.5550752878189085 2.2368354797363286 -1.0000000180025095e-35 -0.97161996364593495 0.45087140798568731 -0.99973702430725087 -1.0000000180025095e-35 2.3654896020889287 0.045648852363228805 -3.3704706430435176 -0.42241670191287989 0.13680260628461841 -0.66507998108863819 0.6377544403076173 -0.13020373135805127 -1.1718640327453611 -2.1527827978134151 -0.62716862559318531 -0.63073089718818653 -3.1546760797500606 0.27558758854866033 -3.8203238248825069 0.72954457998275768 -0.69602262973785389
decision_type=2 2 2 2 2 2 2 2 2 2 2 2 2 2 2 2 2 2 2 2 2 2 2 2 2 2 2 2 2 2
left_child=2 8 3 -1 25 7 15 14 9 11 29 -2 -8 19 -6 -5 18 -18 -13 20 21 24 -10 -17 -4 -3 28 -23 -9 -11
right_child=1 4 13 6 5 -7 12 26 22 10 -12 16 -14 -15 -16 23 17 -19 -20 -21 -22 27 -24 -25 -26 -27 -28 -29 -30 -31
leaf_value=-0.0013797150673152403 -0.0030942643812787458 0.0055860295481170571 -0.0046963266034124526 0.0031780020173546725 0.0017915730708116231 0.0011943422538473964 -0.00016981944156436407 -9.1644765099458932e-05 0.0013707445089454458 -0.0011098822997747512 -0.0025426526058260328 0.00033614464092561577 -0.0018854353000443509 -0.0033527491486496173 0.00038885999825653871 -0.00054396321446519252 -0.0011459237764218006 0.00093393084726230602 0.002306766143952367 -0.0031499009850936722 -0.002116536499200019 -0.0030979332112986585 6.0087935295800683e-05 0.0010494797466234528 -0.0013530717950614979 0.0018092948950465548 -0.0010887457682805513 -0.0009264596394461316 0.0040799500483688815 -0.00033802363532933408
leaf_weight=56733 4194 2142 5088 5288 17508 141623 136197 6696 19277 58383 13590 60033 15088 8162 391435 17365 40833 26985 11294 8297 35310 5939 652210 41386 5850 35523 38185 286829 2043 162584
leaf_count=56733 4194 2142 5088 5288 17508 141623 136197 6696 19277 58383 13590 60033 15088 8162 391435 17365 40833 26985 11294 8297 35310 5939 652210 41386 5850 35523 38185 286829 2043 162584
internal_value=-8.87673e-05 0.000188885 -0.000834083 -0.000290576 0.000622276 0.000533786 -3.56164e-06 0.000328551 -7.34357e-05 -0.000377583 -0.000658021 8.13332e-05 -0.000341035 -0.00125003 0.000448956 0.00079361 0.000177265 -0.000318327 0.000648455 -0.00120052 -0.00115272 -0.00104059 9.7734e-05 0.000578494 -0.00291111 0.0020255 -0.000720652 -0.000970614 0.000887138 -0.000542002
internal_weight=2.31207e+06 1.68454e+06 627532 272057 635155 597490 215324 455867 1.04938e+06 377896 234557 143339 151285 355475 408943 64039 139145 67818 71327 347313 339016 303706 671487 58751 10938 37665 46924 292768 8739 220967
internal_count=2312070 1684538 627532 272057 635155 597490 215324 455867 1049383 377896 234557 143339 151285 355475 408943 64039 139145 67818 71327 347313 339016 303706 671487 58751 10938 37665 46924 292768 8739 220967
is_linear=0
shrinkage=0.05


Tree=82
num_leaves=31
num_cat=0
split_feature=2 2 6 6 6 0 0 0 3 5 0 6 3 5 4 6 4 5 3 6 3 4 5 5 2 6 5 0 4 6
split_gain=150.984 51.7751 44.6984 41.2292 29.2173 20.3888 19.8214 19.6731 18.8882 21.8963 16.0258 15.5496 14.7905 14.7521 14.2334 16.0222 13.7398 15.0999 13.9525 13.6687 19.2478 13.3219 12.6441 12.1657 11.9961 18.9936 11.5253 10.6877 10.6117 21.0905
threshold=-0.006997479358687996 0.013767087832093241 -1.5696938037872312 -1.8197378516197202 1.3855966329574587 0.80235829949378978 -0.62200409173965443 -0.88135698437690724 -1.0000000180025095e-35 0.14154054969549182 0.59244650602340709 2.2368354797363286 -2.835092186927795 0.25228615105152136 -2.1527827978134151 -1.3842247724533079 -1.3316814899444578 -0.64608892798423756 -3.1546760797500606 0.11711606383323671 -0.88707399368286122 -0.19044667482376096 0.90860098600387584 -0.46330049633979792 -0.19738089293241498 -0.50094288587570179 -0.3583796620368957 -0.82581213116645802 -1.910553455352783 -1.4733486771583555
decision_type=2 2 2 2 2 2 2 2 2 2 2 2 2 2 2 2 2 2 2 2 2 2 2 2 2 2 2 2 2 2
left_child=2 8 7 12 10 13 24 21 9 -2 23 -8 -3 -6 15 -10 17 18 -9 -11 -21 -1 -15 -5 -4 -26 -18 -17 29 -16
right_child=1 3 6 4 5 -7 11 16 14 19 -12 -13 -14 22 28 27 26 -19 -20 20 -22 -23 -24 -25 25 -27 -28 -29 -30 -31
leaf_value=-0.00067223847058338945 -0.00017239452776836439 0.0054804614222494098 -0.0012536279332093776 0.0019024005322196018 0.00036061642637365011 0.00050821120793058904 -0.00065051150362008085 0.0024220118703826184 0.0035678744658250989 -0.0027704412190479029 0.00095509048401310631 -0.0025769317851775512 0.001874347385279715 -0.0010069121166497838 0.0029669232017206903 -0.0022688119265893191 -0.001682483974042947 0.0014360463226611121 -0.0013827544947192603 0.00046863287740173576 -0.0013677770585839232 -0.0040391853267155078 0.0026875933770040381 0.00023439837758159785 -0.00080394830866170922 -0.0037047640937392053 0.00012623474834856421 0.0011726287045772527 5.7340794305963766e-05 -0.0025932311539863823
leaf_weight=46228 298454 3147 188784 11562 32428 77610 246775 3118 5925 10628 196998 10931 29010 79484 2107 2840 10771 37335 10484 19914 50285 3128 2376 197637 9881 13168 48107 10819 644299 8784
leaf_count=46228 298454 3147 188784 11562 32428 77610 246775 3118 5925 10628 196998 10931 29010 79484 2107 2840 10771 37335 10484 19914 50285 3128 2376 197637 9881 13168 48107 10819 644299 8784
internal_value=-0.000120253 0.000126556 -0.000781444 0.000485057 0.000391265 -0.00011717 -0.0010269 -5.73446e-05 -8.78047e-05 -0.000370114 0.000631459 -0.00073232 0.00222885 -0.000541857 7.08803e-05 0.00139878 0.000315318 0.000916532 -0.000509446 -0.00110008 -0.000846833 -0.000886398 -0.000899363 0.000326672 -0.00138523 -0.00246209 -0.000204877 0.000455943 3.1168e-05 -0.00151581
internal_weight=2.31302e+06 1.68431e+06 628710 630252 598095 191898 469539 159171 1.05406e+06 379281 406197 257706 32157 114288 674774 19584 109815 50937 13602 80827 70199 49356 81860 209199 211833 23049 58878 13659 655190 10891
internal_count=2313017 1684307 628710 630252 598095 191898 469539 159171 1054055 379281 406197 257706 32157 114288 674774 19584 109815 50937 13602 80827 70199 49356 81860 209199 211833 23049 58878 13659 655190 10891
is_linear=0
shrinkage=0.05


Tree=83
num_leaves=31
num_cat=0
split_feature=0 6 0 0 5 0 4 1 6 3 1 6 3 4 6 5 6 5 1 6 5 1 6 3 4 6 3 3 1 4
split_gain=137.857 44.6032 29.6907 28.0421 31.4348 19.5784 18.1682 26.3867 23.0955 19.664 32.5243 12.6139 18.7949 24.385 13.0332 12.4213 12.3781 12.2779 17.7352 15.6485 19.1206 14.4517 11.1638 13.9014 10.9112 10.4196 16.6829 12.1534 10.1816 10.0593
threshold=0.17992405593395236 -1.0041369795799253 -0.89194452762603749 0.93649646639823925 0.041732663288712508 -0.62200409173965443 -1.58264684677124 -0.38110658526420588 -2.4182486534118648 -2.3377947807312007 -0.84513339400291432 -1.9571436047554014 0.049075957387685783 -2.0966054201126094 0.15571148693561557 -0.074204199016094194 1.7901554107666018 0.90860098600387584 0.21583328396081927 2.0826662778854375 0.32643555104732519 0.7597898840904237 1.5722481012344363 -0.007848485838621853 0.012784543447196485 -1.4551919698715208 1.0000000180025095e-35 -1.3517881035804746 -0.76997607946395863 -1.8020608425140379
decision_type=2 2 2 2 2 2 2 2 2 2 2 2 2 2 2 2 2 2 2 2 2 2 2 2 2 2 2 2 2 2
left_child=1 2 -1 4 11 16 7 9 -9 10 -4 28 24 -14 -15 -8 -3 19 -19 -6 -21 -22 -7 -24 -13 27 -27 -10 -2 -28
right_child=3 5 6 -5 17 22 15 8 25 -11 -12 12 13 14 -16 -17 -18 18 -20 20 21 -23 23 -25 -26 26 29 -29 -30 -31
leaf_value=-0.00075076165162973711 -0.0014046940412873901 -0.00089540626646039201 -0.0037033738990302802 0.00091734241117534879 1.095664147207808e-05 -0.00036896616585731126 4.9294560865351469e-05 0.0050753149155696288 -0.0003192427893320109 -0.00053255816305098778 0.0026994734324818485 -3.3231968284974364e-05 0.0037830480760266323 0.00099328512121965953 -6.0377661010425666e-06 -0.0011037257872752013 -0.0022595972243238476 -0.0013966875968193936 0.002035923346076835 0.00037985586942362946 -0.0017320548564030418 0.0001871665773137323 -0.0029963921199534574 -0.00079400663269037913 0.0011219637771110315 0.0015530906685251751 -0.0027107124729734188 0.0024301393349507468 0.0018367586069914857 0.0012854289892339323
leaf_weight=118872 2660 321351 2379 167035 346234 417459 224362 4279 5002 43817 11693 163778 6739 117442 45177 26062 17531 5073 14496 25062 42217 12774 7928 73783 23346 11169 5189 20408 26396 2252
leaf_count=118872 2660 321351 2379 167035 346234 417459 224362 4279 5002 43817 11693 163778 6739 117442 45177 26062 17531 5073 14496 25062 42217 12774 7928 73783 23346 11169 5189 20408 26396 2252
internal_value=-0.000116661 -0.000453273 -6.64587e-05 0.000326186 0.000207407 -0.000672735 0.00016166 0.000709687 0.00157244 -1.02912e-05 0.00161515 0.000538026 0.000456346 0.000837952 0.000715681 -7.07413e-05 -0.000966043 -7.8489e-05 0.00114581 -0.000134717 -0.000764685 -0.00128628 -0.000473596 -0.00100803 0.000110945 0.00123087 0.000331721 0.00188901 0.00153963 -0.00150119
internal_weight=2.31196e+06 1.31354e+06 475484 998429 831394 838052 356612 106188 48299 57889 14072 385538 356482 169358 162619 250424 338882 445856 19569 426287 80053 54991 499170 81711 187124 44020 18610 25410 29056 7441
internal_count=2311965 1313536 475484 998429 831394 838052 356612 106188 48299 57889 14072 385538 356482 169358 162619 250424 338882 445856 19569 426287 80053 54991 499170 81711 187124 44020 18610 25410 29056 7441
is_linear=0
shrinkage=0.05


Tree=84
num_leaves=31
num_cat=0
split_feature=2 2 6 6 1 0 6 0 1 0 3 0 1 2 2 6 6 2 6 3 3 5 3 0 5 6 1 1 6 6
split_gain=167.546 69.3409 55.2486 40.4943 33.9489 27.9189 22.0695 21.8288 21.3517 20.0215 17.839 18.0673 16.0013 13.8904 13.2242 13.1971 11.8811 10.9728 10.9094 12.21 10.3472 10.164 9.85978 9.85293 9.82147 9.6594 11.3769 11.0086 11.1668 10.539
threshold=0.0098310387693345564 -1.0000000180025095e-35 -1.6345982551574705 -1.7221149206161497 -0.76997607946395863 0.530459225177765 -3.0223786830902095 0.62759569287300121 -0.69389611482620228 -0.71982288360595692 2.8763817548751835 -0.61359015107154835 0.89063483476638805 1.0582894086837771 -0.69366702437400807 2.1546887159347539 3.3278075456619267 -0.83766540884971608 -1.8197378516197202 -1.0000000180025095e-35 -2.9724898338317867 -0.41660144925117487 -0.17358046770095822 0.9848899543285371 0.3435474038124085 -1.4372394680976865 0.042876113206148155 -0.80098986625671376 -2.3570400476455684 -0.19358895719051358
decision_type=2 2 2 2 2 2 2 2 2 2 2 2 2 2 2 2 2 2 2 2 2 2 2 2 2 2 2 2 2 2
left_child=1 2 4 8 14 15 9 25 -2 -6 11 17 13 23 -1 -5 -14 24 -9 22 -11 -10 -20 -7 -4 27 -27 28 -3 -28
right_child=3 7 10 5 6 12 -8 18 21 20 -12 -13 16 -15 -16 -17 -18 -19 19 -21 -22 -23 -24 -25 -26 26 29 -29 -30 -31
leaf_value=-0.00077141102111833262 -0.0015948499601364072 -0.0021959535143782219 -0.00084526209382009476 0.00023491203850277187 0.0001735069875851635 0.0009488467221334065 0.00023010207244030832 0.0022061265773481867 0.0034503397700004026 0.0058729523336561416 -0.004381678591265265 -0.00069697741121841597 0.0017973630378219944 0.00039407469442531511 -0.0031383558347601211 -0.0010006619859647167 0.0057608617636850899 -0.0017015538489257545 -8.6217984928944967e-05 0.00044257777175663683 0.0021066592026866924 0.001762547362295967 -0.0018281048256878756 0.0025099594994566266 -0.0023560528952183066 -0.00048437654198658876 0.0003938270787764653 0.00039687172695555839 -4.9544927797639706e-05 -0.00026193092925447486
leaf_weight=21375 3435 8731 109717 230419 5661 155729 106642 7390 16322 3939 3877 259112 15032 156402 8147 23838 2157 99562 44653 195648 3420 19754 9921 10804 11922 359784 87807 107986 19755 202676
leaf_count=21375 3435 8731 109717 230419 5661 155729 106642 7390 16322 3939 3877 259112 15032 156402 8147 23838 2157 99562 44653 195648 3420 19754 9921 10804 11922 359784 87807 107986 19755 202676
internal_value=-7.40708e-05 -0.000335724 -0.000748479 0.000618442 9.28103e-05 0.000515384 0.000467469 -8.53927e-05 0.00216826 0.00240998 -0.00100769 -0.000980361 0.000811659 0.000732487 -0.00142544 0.000119035 0.00229779 -0.00131227 0.000314079 0.000258113 0.00412785 0.00252691 -0.000403152 0.00105027 -0.000993518 -0.000216199 -0.000296459 0.000166223 -0.000707962 -6.37021e-05
internal_weight=2.31162e+06 1.67772e+06 633374 633892 149184 594381 119662 1.04435e+06 39511 13020 484190 480313 340124 322935 29522 254257 17189 221201 257612 250222 7359 36076 54574 166533 121639 786739 650267 136472 28486 290483
internal_count=2311617 1677725 633374 633892 149184 594381 119662 1044351 39511 13020 484190 480313 340124 322935 29522 254257 17189 221201 257612 250222 7359 36076 54574 166533 121639 786739 650267 136472 28486 290483
is_linear=0
shrinkage=0.05


Tree=85
num_leaves=31
num_cat=0
split_feature=2 0 5 0 2 2 3 1 1 5 1 1 4 2 1 5 2 4 1 5 3 1 1 4 5 1 4 4 0 4
split_gain=122.964 47.7003 31.133 24.1396 22.1718 17.8185 23.6931 18.1574 16.9316 16.1944 22.5367 15.6963 15.3939 15.1446 27.1218 13.833 13.3352 12.173 10.8548 10.6784 10.1053 10.9114 10.0463 9.97167 9.82508 8.91785 8.66661 8.30418 11.7403 8.29535
threshold=1.0000000180025095e-35 -0.48682865500450129 -0.3583796620368957 0.40515990555286413 1.119306266307831 -1.0000000180025095e-35 -0.72864365577697743 -0.81215393543243397 -0.53845176100730885 -0.035562546923756592 0.80255556106567394 -0.24120137840509412 -0.54058068990707386 -1.0000000180025095e-35 0.19074089080095294 0.2571586817502976 -1.7842106223106382 0.32924418151378637 0.89063483476638805 0.6377544403076173 1.7436231970787051 0.53411987423896801 -0.20339781045913694 0.025328009389340881 0.50659930706024181 0.54903471469879161 2.8638247251510625 0.56944191455841076 0.79558083415031444 -1.3108165264129636
decision_type=2 2 2 2 2 2 2 2 2 2 2 2 2 2 2 2 2 2 2 2 2 2 2 2 2 2 2 2 2 2
left_child=1 5 29 8 22 6 7 16 -4 11 13 -3 -9 14 -11 17 -1 18 -12 -16 21 -10 23 -5 25 -8 -17 -24 -29 -2
right_child=2 9 3 4 -6 -7 24 12 20 10 15 -13 -14 -15 19 26 -18 -19 -20 -21 -22 -23 27 -25 -26 -27 -28 28 -30 -31
leaf_value=-0.00039130622790250666 0.0013114749395433843 -0.00024597503048432085 0.0014058077409690867 0.00091528256996721157 0.00018616744645068439 -0.00037431192530025352 -0.0011207967418513543 0.00024059707799199971 -0.00016653115734745853 -0.00015757496102652822 0.0020914818532673509 0.00038408879457354822 -0.00075446645266994447 -0.00020925035332314246 -0.001393113211588898 0.0015890764845206693 -0.0024330460841425665 -0.0019270102981024002 -0.0012713591356327994 -0.0039594933003851765 -0.0011683576172541717 0.0015371106294684478 0.0011273773106362016 0.0027509321710852751 -0.0029080384765251752 -0.0027785906308331991 -0.001703802218154889 -0.00016697010273038836 0.0010310799360516241 0.0029209663353913571
leaf_weight=14007 51037 163025 17929 15223 169661 328771 165547 77157 154586 72227 6000 251068 78304 366489 60799 29558 18643 7381 3986 4337 23636 9997 97053 14411 8867 8526 2135 40131 41679 9498
leaf_count=14007 51037 163025 17929 15223 169661 328771 165547 77157 154586 72227 6000 251068 78304 366489 60799 29558 18643 7381 3986 4337 23636 9997 97053 14411 8867 8526 2135 40131 41679 9498
internal_value=-0.000101126 -0.000327944 0.000485163 0.000373323 0.000610601 -0.000642358 -0.000879845 -0.000485792 -6.19495e-05 -0.000100398 -0.000277472 0.000136038 -0.000260622 -0.000377084 -0.000824824 0.000745427 -0.00155752 -0.000388622 0.000749245 -0.00156457 -0.00020183 -6.29625e-05 0.000955952 0.00180858 -0.00128499 -0.00120215 0.00136678 0.000814595 0.000443441 0.00156445
internal_weight=2.31167e+06 1.66683e+06 644841 584306 378158 699822 371051 188111 206148 967005 552912 414093 155461 503852 137363 49060 32650 17367 9986 65136 188219 164583 208497 29634 182940 174073 31693 178863 81810 60535
internal_count=2311668 1666827 644841 584306 378158 699822 371051 188111 206148 967005 552912 414093 155461 503852 137363 49060 32650 17367 9986 65136 188219 164583 208497 29634 182940 174073 31693 178863 81810 60535
is_linear=0
shrinkage=0.05


Tree=86
num_leaves=31
num_cat=0
split_feature=2 2 6 6 0 0 1 4 6 5 0 2 5 1 1 1 6 5 6 2 4 2 6 6 1 5 0 2 4 2
split_gain=158.496 71.1277 43.435 33.6471 21.2479 19.6617 17.2732 17.2374 18.6235 16.5242 16.4938 15.6405 14.5249 14.1497 13.8084 13.079 23.4813 15.8547 15.2193 12.5486 12.3949 10.9392 10.847 10.8198 11.8063 13.35 10.5841 10.1733 9.99358 9.4308
threshold=0.0098310387693345564 -1.0000000180025095e-35 -1.590422451496124 1.3682507872581484 0.80235829949378978 -0.14139579236507413 -0.74046763777732838 1.6175645589828493 -1.7221149206161497 0.2571586817502976 0.70000505447387706 1.7032423019409182 0.49610400199890142 0.067168179899454131 0.27275566756725317 -0.055617047473788254 -0.058479029685258858 0.90860098600387584 -1.4372394680976865 0.4794899076223374 -2.6510829925537105 -0.73857641220092762 1.0829820036888125 -3.0223786830902095 -0.34254033863544459 -0.088088274002075181 -0.91790670156478871 2.9162305593490605 2.8638247251510625 -0.15812592208385465
decision_type=2 2 2 2 2 2 2 2 2 2 2 2 2 2 2 2 2 2 2 2 2 2 2 2 2 2 2 2 2 2
left_child=1 2 6 7 12 29 -1 8 -2 21 19 -9 27 -14 23 18 -17 -18 -3 -10 -20 -7 -19 26 25 -25 -8 -5 -24 -4
right_child=3 15 5 4 -6 9 14 11 10 -11 -12 -13 13 -15 -16 16 17 22 20 -21 -22 -23 28 24 -26 -27 -28 -29 -30 -31
leaf_value=-0.0010650224187825795 0.0017354612159288581 0.00014873489802795731 -0.0011615930843192495 4.1234552549905209e-05 0.00061250506383389559 0.00059848794009355073 -0.0015223884922617376 0.001679190957656106 0.00079694876031450321 -0.0014478483753499519 0.00099849879938471381 0.0059149785677556667 0.0010604885811326108 -0.0017670184448095316 -0.00252546976985838 0.00046767542542703808 -0.00032094971532054992 -0.00054652660224231578 -0.0029673898665584925 3.6375597156334164e-05 -0.00046039243435051211 -0.00056060888271244262 0.0020895099134508972 -0.00018602370611876546 0.00074459133295509477 -0.0042000303484807612 0.0024135234487775064 -0.0023372931425016739 -0.00077594829560608111 -0.0020002465793568652
leaf_weight=35695 39323 122075 314742 77874 78291 30826 2063 16102 87576 34825 151079 2514 5232 28458 4506 189341 326496 8920 4987 142411 371696 59884 16170 57405 44639 2139 9755 4761 3742 37535
leaf_count=35695 39323 122075 314742 77874 78291 30826 2063 16102 87576 34825 151079 2514 5232 28458 4506 189341 326496 8920 4987 142411 371696 59884 16170 57405 44639 2139 9755 4761 3742 37535
internal_value=-0.000150756 -0.000405241 -0.000822921 0.000522963 -2.4274e-05 -0.00105954 -9.91003e-05 0.000765554 0.000699586 -0.000522187 0.000592649 0.00225408 -0.000452866 -0.00132773 0.000187077 -0.000151443 1.79541e-05 -0.000221692 -0.00033643 0.000326014 -0.000493661 -0.00016669 0.000902033 0.000292653 0.00012994 -0.0003309 0.00172575 -9.60701e-05 0.00155089 -0.00125101
internal_weight=2.31106e+06 1.67744e+06 634014 633621 194616 477812 156202 439005 420389 125535 381066 18616 116325 33690 120507 1.04343e+06 544669 355328 498758 229987 376683 90710 28832 116001 104183 59544 11818 82635 19912 352277
internal_count=2311062 1677441 634014 633621 194616 477812 156202 439005 420389 125535 381066 18616 116325 33690 120507 1043427 544669 355328 498758 229987 376683 90710 28832 116001 104183 59544 11818 82635 19912 352277
is_linear=0
shrinkage=0.05


Tree=87
num_leaves=31
num_cat=0
split_feature=2 2 6 6 0 6 0 1 6 0 3 3 3 4 1 4 0 4 3 2 1 6 4 3 3 2 4 4 0 2
split_gain=138.861 59.8208 54.0854 34.4073 32.7468 28.2809 24.1452 19.4987 21.741 19.3937 17.9254 16.3967 21.5641 15.0692 15.0647 21.8688 15.0009 17.4761 16.5137 14.9767 13.2203 15.1711 20.0322 13.0426 12.8779 12.8441 12.6546 11.8283 11.1646 10.8343
threshold=-1.0000000180025095e-35 0.0098310387693345564 -1.6132263541221616 2.1180415153503422 -0.89194452762603749 -2.1657867431640621 0.75372129678726207 0.80255556106567394 -1.4018359184265134 0.8089067041873933 2.2257140874862675 -1.0000000180025095e-35 -0.23616164922714231 -1.0000000180025095e-35 0.7597898840904237 1.3284943103790285 -0.78457430005073536 -1.6422768235206602 -1.7950487136840818 0.25586928427219396 -0.84513339400291432 -2.8608354330062862 -1.6422768235206602 1.4013814330101015 0.48996289074420935 -1.2410838603973386 1.035822927951813 -0.6802656054496764 0.88967278599739086 1.0582894086837771
decision_type=2 2 2 2 2 2 2 2 2 2 2 2 2 2 2 2 2 2 2 2 2 2 2 2 2 2 2 2 2 2
left_child=2 7 4 5 -1 -3 19 8 -2 14 16 12 -10 20 15 -5 25 -18 27 -7 -6 22 -22 -9 -13 -4 -26 -19 -28 -8
right_child=1 3 10 9 13 6 29 23 11 -11 -12 24 -14 -15 -16 -17 17 18 -20 -21 21 -23 -24 -25 26 -27 28 -29 -30 -31
leaf_value=-0.0010531332791381793 0.00037644803179093418 0.0027548195376744513 -0.00080404300117831108 -0.00022695536423972891 -0.0019410627180109705 0.0010023712594259325 0.0014049625450516592 0.0012537387864444832 -0.00035278239907784005 0.00045035884506621746 -0.0030802874162462143 6.5223133703404111e-05 -0.0014668812784258108 -0.0034369947137643819 0.001528764544391702 -0.0024852002515215743 0.00079854277550642835 -0.0028537104876881305 -0.00094259703102335965 0.00017945970016189206 0.0044721059678756933 0.00050664339858246888 0.00076251825451666816 -0.00025647553003415593 -0.00018465492481600383 -0.0017574444807956183 -0.0013783310764090564 0.0010453876674999466 0.00056920957364617005 0.00065197020230936618
leaf_weight=44667 159382 15586 59287 20795 4708 69170 99929 42307 202016 35576 10106 365417 55323 2300 4915 22124 16965 2194 289522 275419 5982 85007 9282 21586 141537 87501 47053 16563 8717 91574
leaf_count=44667 159382 15586 59287 20795 4708 69170 99929 42307 202016 35576 10106 365417 55323 2300 4915 22124 16965 2194 289522 275419 5982 85007 9282 21586 141537 87501 47053 16563 8717 91574
internal_value=-0.000107929 0.000130216 -0.000738293 0.000512808 8.42826e-05 0.000655909 0.000594837 -0.000102673 -0.000157883 -0.000433632 -0.000997524 -0.000261735 -0.00059234 0.000557914 -0.00109105 -0.00139135 -0.000952869 -0.000763468 -0.000849451 0.000344669 0.000645759 0.000767398 0.00221829 0.000743558 -0.000110539 -0.00137245 -0.000436041 0.000588034 -0.00107388 0.00104495
internal_weight=2.31251e+06 1.67843e+06 634084 635088 151946 551678 536092 1.04334e+06 979445 83410 482138 820063 257339 107279 47834 42919 472032 325244 308279 344589 104979 100271 15264 63893 562724 146788 197307 18757 55770 191503
internal_count=2312510 1678426 634084 635088 151946 551678 536092 1043338 979445 83410 482138 820063 257339 107279 47834 42919 472032 325244 308279 344589 104979 100271 15264 63893 562724 146788 197307 18757 55770 191503
is_linear=0
shrinkage=0.05


Tree=88
num_leaves=31
num_cat=0
split_feature=0 6 3 5 0 0 6 6 3 4 6 5 3 5 6 5 4 1 5 0 1 3 4 6 3 5 3 3 3 1
split_gain=113.414 40.3725 28.3726 29.5493 27.7008 23.7845 25.7749 17.2701 16.646 14.9226 33.7077 18.0073 15.2006 15.1764 20.2013 14.2359 14.9048 15.7891 21.1031 12.9475 12.6566 19.4719 12.1177 11.9841 11.8007 23.0449 11.3238 11.7209 11.2676 11.2172
threshold=0.17992405593395236 -1.4551919698715208 -1.0000000180025095e-35 0.35523119568824774 -0.77744808793067921 0.93649646639823925 -1.418711185455322 2.0826662778854375 2.2257140874862675 0.11324661970138551 -0.69880682229995716 -0.42381002008914942 -0.23616164922714231 0.15274541825056079 -0.68251225352287281 0.99949368834495556 1.3951472043991091 0.7597898840904237 0.7255200743675233 0.40515990555286413 -0.83402714133262623 -3.3704706430435176 2.6066048145294194 1.2662737965583803 0.22374053299427035 -0.13962279260158536 0.098898995667696013 0.28498940169811254 0.008400850463658573 -0.036861756816506379
decision_type=2 2 2 2 2 2 2 2 2 2 2 2 2 2 2 2 2 2 2 2 2 2 2 2 2 2 2 2 2 2
left_child=1 4 3 9 -1 6 -2 24 -4 10 -3 -12 13 14 -11 16 -9 19 -19 -18 -6 -22 -5 -14 -8 -26 -23 -28 -7 -13
right_child=5 2 8 22 20 28 7 15 -10 12 11 29 23 -15 -16 -17 17 18 -20 -21 21 26 -24 -25 25 -27 27 -29 -30 -31
leaf_value=-0.00048237957136558138 0.0010221809732613842 -0.0005023531748470743 -0.00026779017717872304 -0.0024376762657186434 -0.0011295934004876477 0.00024672164625421804 -3.5500715750349494e-05 -0.00010150061373345823 -0.0015519941549977968 -0.00122436508364714 -0.0062361420448292211 -0.0019386970390005188 -0.0019361554227966999 -0.00079599110834128778 0.00057591868528475356 0.0022133472700768104 -0.0040290597615899228 0.0019109660888031116 -0.0036754665278667131 -0.0014601924487672394 0.0030820767407823985 0.00035387339521737433 0.00052266105661637034 0.00074528799018851882 0.0012399695171456592 0.00018186087888709938 0.004107200714656551 0.00084450434849543058 0.001122769983131288 -0.0006364079099217783
leaf_weight=126912 81833 134672 524804 36395 11408 54709 334306 44003 26499 19766 2164 69845 23715 66135 73477 4326 6245 6332 2295 22850 7484 149121 3816 5049 63728 267119 4105 8336 111560 21680
leaf_count=126912 81833 134672 524804 36395 11408 54709 334306 44003 26499 19766 2164 69845 23715 66135 73477 4326 6245 6332 2295 22850 7484 149121 3816 5049 63728 267119 4105 8336 111560 21680
internal_value=-0.00011298 -0.000418036 -0.000570995 -0.000862439 8.36033e-05 0.000288564 0.00017958 8.77784e-05 -0.000329544 -0.000737439 -0.00100909 -0.00173736 -0.000407682 -0.000216712 0.000194197 -0.000578713 -0.00072676 -0.00145591 0.000422299 -0.00201277 0.00048166 0.000590455 -0.00215668 -0.00146538 0.00017401 0.000385706 0.000474852 0.00192349 0.000834548 -0.00163032
internal_weight=2.31469e+06 1.31538e+06 1.00802e+06 456714 307366 999306 833037 751204 551303 416503 228361 93689 188142 159378 93243 86051 81725 37722 8627 29095 180454 169046 40211 28764 665153 330847 161562 12441 166269 91525
internal_count=2314689 1315383 1008017 456714 307366 999306 833037 751204 551303 416503 228361 93689 188142 159378 93243 86051 81725 37722 8627 29095 180454 169046 40211 28764 665153 330847 161562 12441 166269 91525
is_linear=0
shrinkage=0.05


Tree=89
num_leaves=31
num_cat=0
split_feature=2 2 6 0 6 1 6 0 5 5 1 0 2 5 2 2 5 2 5 5 3 5 6 5 0 6 3 5 6 1
split_gain=144.322 62.008 56.6115 37.5482 41.2344 26.4317 22.5315 16.4515 16.3319 15.9665 18.2435 15.448 22.1568 20.966 14.1721 13.7421 14.1204 12.767 11.975 11.5969 11.5283 10.6857 12.1563 9.88531 9.72445 9.72384 9.1952 10.4017 9.01615 18.35
threshold=-0.010075215715914963 0.0098310387693345564 -1.9255799651145933 0.88416418433189403 1.3682507872581484 -0.76014986634254444 -2.3040986061096187 -0.69602262973785389 -0.20548503100872037 0.21716888248920443 0.80255556106567394 -0.64779317378997792 -1.2410838603973386 -0.42381002008914942 0.89462247490882885 -0.17024060338735578 0.6377544403076173 -0.69366702437400807 -0.4028941392898559 0.39945675432682043 -0.79166245460510243 -0.19772209227085111 -3.0223786830902095 -0.33028003573417658 0.12685792893171313 1.7664363980293276 -1.4575220942497251 -0.82805144786834706 -1.7459506392478941 -0.37479929625988001
decision_type=2 2 2 2 2 2 2 2 2 2 2 2 2 2 2 2 2 2 2 2 2 2 2 2 2 2 2 2 2 2
left_child=2 7 5 4 6 17 -3 -2 26 25 -11 12 -4 -13 23 16 -15 18 -1 -16 -14 22 -7 -8 -25 -6 27 -9 29 -28
right_child=1 3 11 -5 9 21 14 8 -10 10 -12 13 20 15 19 -17 -18 -19 -20 -21 -22 -23 -24 24 -26 -27 28 -29 -30 -31
leaf_value=-0.0014979956211571398 -0.000435770310070933 0.002888529757206043 -0.00062901762647601446 0.0012853268563096669 -0.00021813639405818676 0.0019984106745122182 0.0016352220654310351 -0.0032826992974018818 -9.395354293848127e-05 -0.00084062244871585794 0.0017359788482075968 0.00088657263469599516 -0.00097212339190562544 -0.00059527705062332233 8.7943425127203563e-05 -0.0016728659041621574 -0.0030614107995306163 -0.0030956994408443475 0.0010628412839654275 0.0025874072354308865 -0.0019449930849931196 0.0023771031637417595 0.00027094176582224342 0.00019755911895169857 0.00096646466055616727 0.0015596898906786727 5.1149516219628771e-05 -0.00011383968968190206 0.00038541671776427724 0.0025443047663146895
leaf_weight=11082 234197 10792 90253 139085 16189 12344 32171 2909 604112 100264 7366 19620 44815 224706 132685 39085 5949 5974 7749 4799 95222 9299 58007 65246 111227 14639 14322 22958 160261 15218
leaf_count=11082 234197 10792 90253 139085 16189 12344 32171 2909 604112 100264 7366 19620 44815 224706 132685 39085 5949 5974 7749 4799 95222 9299 58007 65246 111227 14639 14322 22958 160261 15218
internal_value=-7.1249e-05 0.000168899 -0.000720932 0.000559433 0.000355605 0.000341188 0.000639722 -6.61942e-05 3.93913e-05 -0.000376792 -0.00066414 -0.000934431 -0.00124003 -0.000691186 0.000569525 -0.000805976 -0.000659013 -0.00108377 -0.000444201 0.000175371 -0.00163374 0.000785037 0.00057429 0.000829227 0.00068221 0.000626315 0.000412893 -0.00047134 0.000533419 0.00133596
internal_weight=2.31254e+06 1.68844e+06 624105 634463 495378 104455 356920 1.05398e+06 819780 138458 107630 519650 230290 289360 346128 269740 230655 24805 18831 137484 140037 79650 70351 208644 176473 30828 215668 25867 189801 29540
internal_count=2312545 1688440 624105 634463 495378 104455 356920 1053977 819780 138458 107630 519650 230290 289360 346128 269740 230655 24805 18831 137484 140037 79650 70351 208644 176473 30828 215668 25867 189801 29540
is_linear=0
shrinkage=0.05


Tree=90
num_leaves=31
num_cat=0
split_feature=2 6 2 6 5 5 0 0 6 1 3 6 3 3 5 1 2 1 6 0 6 5 1 5 1 5 6 2 2 0
split_gain=152.368 65.5665 56.9274 33.666 29.2948 23.102 22.9208 21.4623 27.9025 15.2725 13.5356 14.387 19.0295 23.4687 16.6252 13.3116 13.2917 13.1803 19.05 13.1584 11.0844 10.839 10.6564 20.4341 10.4078 10.4614 17.801 10.2171 10.1147 10.0005
threshold=-1.0000000180025095e-35 -1.590422451496124 0.0098310387693345564 -2.1245191097259517 0.36794929206371313 -0.99973702430725087 -0.043848648667335503 0.80235829949378978 2.0826662778854375 0.9378032684326173 -2.7096844911575313 -1.4372394680976865 -1.0000000180025095e-35 -0.57401171326637257 0.2389643415808678 -0.60501343011856068 -1.7842106223106382 -0.88273614645004261 -2.4182486534118648 -0.56097277998924244 0.3440276980400086 -0.99973702430725087 -0.36810369789600367 -0.41660144925117487 0.82561737298965465 -0.33028003573417658 -1.0358511209487913 0.35494540631771093 -0.83766540884971608 -0.30857576429843897
decision_type=2 2 2 2 2 2 2 2 2 2 2 2 2 2 2 2 2 2 2 2 2 2 2 2 2 2 2 2 2 2
left_child=1 5 9 29 6 -1 28 8 24 10 -2 21 13 -13 -15 -16 -6 -7 19 -19 -17 -12 -23 -24 25 26 -5 -9 -3 -4
right_child=2 4 3 7 16 17 -8 27 -10 -11 11 12 -14 14 15 20 -18 18 -20 -21 -22 22 23 -25 -26 -27 -28 -29 -30 -31
leaf_value=-0.0044919109687140387 -0.0014625043693592731 -0.00080606971480623284 0.00035507998750352964 0.00054220910467120084 -0.0039340927828499551 -0.0014206234201515576 -0.00016765485999693395 0.0017223567016098472 -0.00084759165310862726 0.0017821529855864356 -0.0013655657352277121 -2.6455740918253132e-05 1.2624211630396599e-05 -0.00067533277988634632 -0.0047115161653315625 -0.0050392215443170576 -0.0017803060532515056 0.00058405988336069747 -3.6022348260048019e-05 0.002398335805031843 -0.0012745487269119156 0.00013807322359663102 0.0022078400983965322 0.00024297235558442816 0.0030913091016786208 0.00029079266878263637 0.002857341052176476 0.00074324704206700791 -0.0013574458496549038 0.0033351393254991259
leaf_weight=2633 17561 166107 3553 34268 8362 11284 86247 31625 49372 11040 8092 130160 618229 99173 4018 2136 50063 28620 97265 15354 22217 76510 22492 32127 3596 318835 10951 169224 166732 13595
leaf_count=2633 17561 166107 3553 34268 8362 11284 86247 31625 49372 11040 8092 130160 618229 99173 4018 2136 50063 28620 97265 15354 22217 76510 22492 32127 3596 318835 10951 169224 166732 13595
internal_value=-8.89362e-05 -0.000750208 0.000160275 0.000533556 -0.00104035 0.000142744 -0.000894083 0.00047288 0.000268359 -6.68313e-05 -8.66145e-05 -6.2799e-05 -0.000137842 -0.000498796 -0.000980785 -0.0020479 -0.00208918 0.000223041 0.000354449 0.00121794 -0.00160668 0.000409325 0.00051895 0.00105236 0.00041824 0.000391752 0.00110339 0.000897492 -0.00108231 0.00271825
internal_weight=2.31144e+06 632667 1.67877e+06 635019 477511 155156 419086 617871 417022 1.04376e+06 1.03272e+06 1.01515e+06 875933 257704 127544 28371 58425 152523 141239 43974 24353 139221 131129 54619 367650 364054 45219 200849 332839 17148
internal_count=2311441 632667 1678774 635019 477511 155156 419086 617871 417022 1043755 1032715 1015154 875933 257704 127544 28371 58425 152523 141239 43974 24353 139221 131129 54619 367650 364054 45219 200849 332839 17148
is_linear=0
shrinkage=0.05


Tree=91
num_leaves=31
num_cat=0
split_feature=2 0 6 1 5 2 0 5 2 6 0 1 6 2 1 2 6 5 4 5 0 2 2 2 6 1 4 1 4 5
split_gain=149.244 49.606 38.7452 31.8131 27.4616 26.5695 17.4136 16.9445 17.0851 16.8711 15.7832 15.0344 14.6604 18.7111 15.7629 13.617 12.559 23.8029 12.0344 11.1884 11.1028 9.3058 9.20944 9.08613 8.93461 10.2565 8.69781 13.0182 8.66113 11.8735
threshold=-0.010075215715914963 0.55738458037376415 -2.4182486534118648 -0.84513339400291432 -0.27441576123237604 1.0000000180025095e-35 -0.90793725848197926 -0.010538524948060511 1.0000000180025095e-35 -2.6435024738311763 -0.46857246756553644 -0.21624680608510968 -0.86190342903137196 -1.2666258811950681 -0.10464446246623992 0.28029210865497595 2.1546887159347539 0.99949368834495556 0.03782011196017266 0.67777585983276378 0.99109691381454479 0.0070250683929771194 -1.8749426007270811 -2.9747412204742427 -0.58467835187911976 -0.88273614645004261 1.2452188134193423 0.71194866299629223 -0.90154558420181263 -0.74789261817932118
decision_type=2 2 2 2 2 2 2 2 2 2 2 2 2 2 2 2 2 2 2 2 2 2 2 2 2 2 2 2 2 2
left_child=2 4 3 22 5 11 -5 8 -3 -7 12 24 18 14 23 -10 21 26 -4 -12 -9 -6 -1 -14 25 -2 -18 -28 29 -26
right_child=1 7 10 6 16 9 -8 20 15 -11 19 -13 13 -15 -16 -17 17 -19 -20 -21 -22 -23 -24 -25 28 -27 27 -29 -30 -31
leaf_value=-0.00072995868915811475 -0.0012502393387310694 0.00037167484042688375 -0.00059689526505134845 -0.00079831000860113011 -0.00028790751141476422 0.0046412911831835201 0.0016328873356986039 0.00022186904103606644 0.0025464597393138185 0.0010997879232346962 -0.00053043885472800402 0.00065924236559943201 -0.0015955922101047971 -0.0017734230199647934 -0.0016397032834695663 0.001027399218539939 -0.00058945644613093908 0.0029103620241241975 -0.002262181606739389 -0.0031323678484540523 0.0012310713450059587 0.00010143191407239864 -0.0039886141462938717 0.00026442353187867442 0.00070328211556012533 8.6953654844156188e-05 -0.0025503666542483323 0.00065611441156027909 0.0011623442594055446 -0.0034101087914436504
leaf_weight=4791 16567 103913 133726 9432 527013 3583 33519 380431 17330 52833 232020 77326 8217 121245 28783 99170 20120 3545 11799 4197 29347 216525 3959 32507 2411 106259 18988 3794 2289 6402
leaf_count=4791 16567 103913 133726 9432 527013 3583 33519 380431 17330 52833 232020 77326 8217 121245 28783 99170 20120 3545 11799 4197 29347 216525 3959 32507 2411 106259 18988 3794 2289 6402
internal_value=-0.00011112 0.000133176 -0.000771697 0.000539075 -7.60598e-05 0.000361626 0.00109894 0.000484333 0.000837837 0.00132549 -0.000890078 0.000104171 -0.00111012 -0.00139848 -0.000744288 0.00125357 -0.000224363 -0.00102192 -0.000732061 -0.000576799 0.000294173 -0.000174529 -0.00220723 -0.000111177 -0.000216335 -9.34965e-05 -0.00134745 -0.00201632 -0.00157404 -0.00228527
internal_weight=2.31204e+06 1.68785e+06 624195 51701 1.05766e+06 267670 42951 630191 220413 56416 572494 211254 336277 190752 69507 116500 789985 46447 145525 236217 409778 743538 8750 40724 133928 122826 42902 22782 11102 8813
internal_count=2312041 1687846 624195 51701 1057655 267670 42951 630191 220413 56416 572494 211254 336277 190752 69507 116500 789985 46447 145525 236217 409778 743538 8750 40724 133928 122826 42902 22782 11102 8813
is_linear=0
shrinkage=0.05


Tree=92
num_leaves=31
num_cat=0
split_feature=2 2 6 6 5 5 2 1 4 3 5 4 5 6 3 1 6 5 4 6 4 1 3 5 1 5 1 1 4 3
split_gain=105.88 45.4446 43.737 37.5861 27.6046 22.4556 21.243 20.7718 18.8396 18.4234 22.5132 22.5931 22.0077 25.1617 17.4375 20.851 15.4385 15.2425 15.1404 13.093 13.0726 12.9265 15.3844 14.3883 12.8956 12.2085 11.3886 13.8486 11.2854 10.6702
threshold=-0.010075215715914963 0.0098310387693345564 1.3002317547798159 -1.9571436047554014 -0.99973702430725087 -0.50804144144058216 0.86042314767837536 -0.64352592825889576 1.9814608097076418 -1.0000000180025095e-35 0.41383391618728643 1.5891622304916384 0.26606598496437078 0.36203445494174963 1.8226015567779543 0.56432080268859874 -3.0223786830902095 0.99949368834495556 2.2851089239120488 -0.97286108136177052 -1.6422768235206602 0.34281735122203832 2.2257140874862675 0.024539860896766189 0.89063483476638805 0.6377544403076173 -0.6682533025741576 -0.17870803177356717 1.2452188134193423 -0.33260606229305262
decision_type=2 2 2 2 2 2 2 2 2 2 2 2 2 2 2 2 2 2 2 2 2 2 2 2 2 2 2 2 2 2
left_child=3 9 5 4 -1 -3 21 -6 -8 10 11 12 29 -14 15 19 20 18 24 -11 -9 -7 23 -23 -4 -5 -12 -28 -15 -2
right_child=1 2 17 25 7 6 8 16 -10 14 26 -13 13 28 -16 -17 -18 -19 -20 -21 -22 22 -24 -25 -26 -27 27 -29 -30 -31
leaf_value=-0.0053014618936299647 -9.6788753082209598e-05 0.0022079407865174612 -0.0001751721066847032 -0.00080701026125679196 -0.00059038342387871976 0.00072949096882837425 0.00015341149231479882 0.0053293254788601705 0.0040973472995674484 0.00046959025057359283 -0.0048428808360108325 0.0027582115205017836 -0.0059867337586092147 -0.0024379665739833528 -0.00083747060876800258 0.0006373576888821659 0.00057776808840267633 0.0027377058808199183 -0.0013866206991531287 -0.00017647614584947823 0.0013808981904161429 0.0025673885692510286 -0.001748878584440213 0.00092945954005723861 0.0017031752949620176 -0.0025860731581859942 2.8177341659331325e-06 -0.0028224634133155861 0.00019748511601456629 -0.00076705304964671487
leaf_weight=2205 256164 23785 166838 513618 36993 166968 176048 3283 3071 99137 3001 5944 3253 8462 51413 148579 51571 4395 25008 375109 5797 28689 3226 25197 9657 9820 8097 9331 7801 77285
leaf_count=2205 256164 23785 166838 513618 36993 166968 176048 3283 3071 99137 3001 5944 3253 8462 51413 148579 51571 4395 25008 375109 5797 28689 3226 25197 9657 9820 8097 9331 7801 77285
internal_value=-0.000114012 9.17917e-05 0.000426673 -0.000670856 0.000218123 0.000715305 0.000627201 0.000343296 0.000221255 -0.000109373 -0.000388119 -0.00029619 -0.000347704 -0.00197924 4.74573e-05 0.000120519 0.000912781 -0.000171889 -0.000235484 -4.14145e-05 0.0028128 0.000951671 0.00160098 0.00180181 -7.23068e-05 -0.000840435 -0.00200224 -0.0015106 -0.00117445 -0.000252157
internal_weight=2.30974e+06 1.68646e+06 632882 623287 99849 426984 403199 97644 179119 1.05358e+06 379338 358909 352965 19516 674238 622825 60651 205898 201503 474246 9080 224080 57112 53886 176495 523438 20429 17428 16263 333449
internal_count=2309745 1686458 632882 623287 99849 426984 403199 97644 179119 1053576 379338 358909 352965 19516 674238 622825 60651 205898 201503 474246 9080 224080 57112 53886 176495 523438 20429 17428 16263 333449
is_linear=0
shrinkage=0.05


Tree=93
num_leaves=31
num_cat=0
split_feature=2 6 2 5 0 4 0 2 5 5 4 4 6 3 4 4 0 5 3 4 5 2 6 0 3 5 4 6 6 3
split_gain=89.9734 44.4952 65.8512 31.5584 30.2995 27.2956 23.2067 18.5611 17.6281 17.3676 14.5465 14.3408 14.153 13.6396 13.1872 12.6192 26.1581 15.1616 26.5231 15.4897 22.2557 15.5133 13.5124 12.0738 11.9537 14.5604 12.4616 11.5395 13.3832 11.3929
threshold=0.0098310387693345564 -0.95621511340141285 -0.010075215715914963 -0.3583796620368957 -0.64779317378997792 -1.5550752878189085 0.74660810828208934 0.045648852363228805 0.62052103877067577 -0.99973702430725087 0.83935973048210155 -0.16426082700490949 2.3895566463470463 -1.7527806162834165 0.22644682228565219 -0.34389355778694147 0.063726279884576811 0.1565646901726723 -1.0000000180025095e-35 0.13782754540443423 0.051536461338400848 -0.035772241652011864 0.13680260628461841 0.67591130733490001 -1.0000000180025095e-35 0.42794466018676763 1.9015075564384463 -2.3570400476455684 -0.78022953867912281 -0.23616164922714231
decision_type=2 2 2 2 2 2 2 2 2 2 2 2 2 2 2 2 2 2 2 2 2 2 2 2 2 2 2 2 2 2
left_child=1 4 8 27 -1 9 7 10 15 -6 -5 -7 -9 -13 -15 16 -3 19 22 20 -17 -21 -19 -14 25 29 -27 -2 -29 -4
right_child=3 2 24 6 5 11 -8 12 -10 -11 -12 13 23 14 -16 17 -18 18 -20 21 -22 -23 -24 -25 -26 26 -28 28 -30 -31
leaf_value=-0.00033078733129759599 0.0033854810617779379 -0.0020023949711660718 -0.00020345709869574172 0.0027748148720516332 -0.0013800544081201587 0.00027799751464974658 0.00068338783602728595 5.0801855850413506e-05 -0.0029762191753546401 0.0013645688078027848 -0.00060479335662720027 0.0013971576808595207 -0.0016016343568159054 -0.0020350881958183338 0.00072216087558094023 -0.00077397278234612966 0.00054327903318699105 -0.003825967701596213 -0.00051018668627207176 0.0001225549283378264 -0.0042950677842144239 -0.0038286089693236056 -0.0016326719334536525 0.001337240186242326 -9.2708404066747232e-05 -0.0032788247626783793 -0.00069994938140670435 0.00094984249866818206 0.0034372214875009301 -0.0011553772759829285
leaf_weight=249732 7105 58495 149150 10480 6204 178004 225070 306937 11236 79907 4567 5277 22626 18903 5621 58292 12190 7932 71273 78890 4853 2555 61184 4125 560580 8496 10442 46523 6112 39817
leaf_count=249732 7105 58495 149150 10480 6204 178004 225070 306937 11236 79907 4567 5277 22626 18903 5621 58292 12190 7932 71273 78890 4853 2555 61184 4125 560580 8496 10442 46523 6112 39817
internal_value=-0.000106239 -0.000297813 -0.00047592 0.000401472 7.41573e-05 0.000418227 0.000287593 3.21382e-05 -0.001027 0.00116669 0.00174933 0.000108034 -4.53453e-05 -0.000906926 -0.00140308 -0.000965342 -0.00156337 -0.000816962 -0.00118707 -0.000457551 -0.00104522 -1.85131e-06 -0.0018849 -0.00114813 -0.000212805 -0.000536606 -0.00185801 0.00149505 0.00123928 -0.000404086
internal_weight=2.31258e+06 1.67903e+06 1.13538e+06 633545 543648 293916 573805 348735 366900 86111 15047 207805 333688 29801 24524 355664 70685 284979 140389 144590 63145 81445 69116 26751 768485 207905 18938 59740 52635 188967
internal_count=2312578 1679033 1135385 633545 543648 293916 573805 348735 366900 86111 15047 207805 333688 29801 24524 355664 70685 284979 140389 144590 63145 81445 69116 26751 768485 207905 18938 59740 52635 188967
is_linear=0
shrinkage=0.05


Tree=94
num_leaves=31
num_cat=0
split_feature=2 2 5 4 0 5 5 3 1 2 2 5 4 3 5 4 1 5 1 4 4 1 2 4 3 0 3 5 3 0
split_gain=145.309 57.6609 43.887 36.3964 25.3673 22.5284 21.0573 24.055 18.3641 16.0934 15.6178 13.5067 16.21 16.855 18.6476 23.2956 17.5931 13.4663 13.0957 20.1173 13.0183 13.1443 12.8076 11.9494 11.7062 11.359 13.8672 11.185 17.0518 10.6153
threshold=0.0098310387693345564 -0.010075215715914963 -0.38348193466663355 -1.5312801003456114 0.86668020486831676 0.51720184087753307 -0.99973702430725087 -3.3704706430435176 -0.50287157297134388 -0.08784229680895804 1.0582894086837771 -0.20548503100872037 -0.65197724103927601 -1.0000000180025095e-35 0.41383391618728643 1.4371486306190493 -0.67646026611328114 -0.10968856513500212 0.17247149348258975 -2.0966054201126094 -0.87054669857025135 -0.87017327547073353 0.37988880276679998 -2.6510829925537105 -0.97161996364593495 -0.92305767536163319 -0.72864365577697743 -0.64608892798423756 -2.1971755027770992 -0.83237543702125538
decision_type=2 2 2 2 2 2 2 2 2 2 2 2 2 2 2 2 2 2 2 2 2 2 2 2 2 2 2 2 2 2
left_child=1 3 22 6 10 9 -1 -8 27 25 17 18 -13 14 15 -14 -16 -4 20 23 21 -3 -2 -20 -18 -5 -27 -9 -29 -10
right_child=2 11 4 5 -6 -7 7 8 29 -11 -12 12 13 -15 16 -17 24 -19 19 -21 -22 -23 -24 -25 -26 26 -28 28 -30 -31
leaf_value=-0.0042848677520133096 0.0032138835759768052 -0.0014468932974235169 0.0010416074490315142 -0.0012756066198330643 0.00099375958730115225 -0.0023904106336427541 0.003302217262738823 -0.0022604817378713729 -0.00072226167578532817 -0.0018707270126604157 -0.00016877238296336371 -0.0013250642213387532 -0.00051792247919697364 -1.2784222514423575e-05 -0.0056685331370178007 0.0019228613430854206 0.0014499050361811219 0.00025178012614409431 0.00018853243611581983 0.00045415549787561869 0.0007125594336691752 -6.060013857452256e-05 0.0014582883331166058 0.0043285624609532359 -0.0019713220687111433 -0.00025397365287969839 -0.00085683665749310589 0.002187647003335434 -0.001023388906275991 0.0011247696136467626
leaf_weight=2499 14348 18917 72987 79362 147636 23351 6423 9419 9808 32991 154315 32214 190479 483313 2776 10295 3001 207041 2499 63128 49552 177039 37729 5758 14789 156782 243626 5559 16041 37484
leaf_count=2499 14348 18917 72987 79362 147636 23351 6423 9419 9808 32991 154315 32214 190479 483313 2776 10295 3001 207041 2499 63128 49552 177039 37729 5758 14789 156782 243626 5559 16041 37484
internal_value=-9.27535e-05 -0.000336526 0.00055203 -0.000717708 0.000427576 -0.000871822 0.000229427 0.000363054 0.000121595 -0.000802621 0.000235108 -0.000111035 -0.000228426 -0.000178274 -0.000539616 -0.000392678 -0.0019732 0.000457672 0.00016193 0.000757961 -1.13991e-05 -0.000194496 0.00194251 0.00307732 -0.0013937 -0.000729136 -0.000620795 -0.000823665 -0.000196363 0.000741638
internal_weight=2.31116e+06 1.6771e+06 634056 623345 581979 536112 87233 84734 78311 512761 434343 1.05376e+06 736867 704653 221340 200774 20566 280028 316893 71385 245508 195956 52077 8257 17790 479770 400408 31019 21600 47292
internal_count=2311161 1677105 634056 623345 581979 536112 87233 84734 78311 512761 434343 1053760 736867 704653 221340 200774 20566 280028 316893 71385 245508 195956 52077 8257 17790 479770 400408 31019 21600 47292
is_linear=0
shrinkage=0.05


Tree=95
num_leaves=31
num_cat=0
split_feature=2 2 6 6 5 6 1 4 4 1 0 4 0 2 4 1 6 5 4 0 2 0 2 4 4 0 5 5 6 4
split_gain=130.341 56.7317 44.0114 24.6842 19.8748 19.6502 18.7645 19.8587 18.4732 18.7787 18.2082 17.9901 16.116 21.4642 18.0299 15.7733 15.5163 14.5026 13.6003 15.3353 13.2941 13.1094 13.3613 11.9881 11.7631 11.5533 10.7317 10.1805 18.0527 11.4828
threshold=-1.0000000180025095e-35 0.0070250683929771194 -0.93917253613471974 2.1546887159347539 0.99949368834495556 -2.1245191097259517 0.45511680841445928 2.2851089239120488 -0.038601683452725404 -0.84513339400291432 0.62759569287300121 1.4371486306190493 -0.11992709338665007 -0.54012301564216603 -0.52724462747573841 0.47667472064495092 -2.8608354330062862 0.51720184087753307 -1.7034136056900022 -0.71215388178825367 -1.0410148501396177 0.80235829949378978 0.58293899893760692 1.8657027482986452 -1.8020608425140379 -0.47778579592704767 -0.13584095984697339 0.99949368834495556 1.181097745895386 1.0722034573554995
decision_type=2 2 2 2 2 2 2 2 2 2 2 2 2 2 2 2 2 2 2 2 2 2 2 2 2 2 2 2 2 2
left_child=2 6 8 5 10 -3 7 24 9 -1 11 -5 13 14 -4 17 18 -16 19 -11 -19 26 -23 -14 -2 -18 -7 -26 29 -29
right_child=1 3 12 4 -6 21 -8 -9 -10 16 -12 -13 23 -15 15 -17 25 20 -20 -21 -22 22 -24 -25 27 -27 -28 28 -30 -31
leaf_value=-0.0015300943543767181 0.00040387361840760042 0.0022298937769703055 -0.0022267643127644654 -0.00034813301084405941 0.0036971349622506432 0.00075552797472498365 0.00023839682011880868 -0.0018086027508075267 -0.0017453799203055874 0.00042404947329599698 9.0717043075876205e-05 -0.0028174921799361957 -0.00038193394821792458 -0.0019424584332057033 -0.00051875715059704135 -0.0024524747580236686 -0.00042734111451940066 -0.0042777218114376826 0.00037038099048055669 0.0051100504769546343 -9.7624777347311465e-05 0.0015836229858846671 0.00059979935142665496 -0.0022212447723829868 -0.00030872466862451748 0.0003609066155267714 0.00017654392966582417 0.0026192616166911546 0.0033258875682966832 -0.0015941066786948706
leaf_weight=22215 68513 17299 25571 15884 2880 115595 245173 20217 19454 3094 46441 13765 89512 89474 134890 13130 127454 5024 13571 4003 3058 48750 118180 9823 692224 73162 260142 2233 5363 5786
leaf_count=22215 68513 17299 25571 15884 2880 115595 245173 20217 19454 3094 46441 13765 89512 89474 134890 13130 127454 5024 13571 4003 3058 48750 118180 9823 692224 73162 260142 2233 5363 5786
internal_value=-0.000146708 8.39279e-05 -0.000757827 0.000454703 -0.000372823 0.00057141 -0.000143972 -0.000261992 -0.000263108 -0.000144618 -0.000527336 -0.00149513 -0.00110894 -0.00130855 -0.000996253 -0.000794554 -5.46478e-06 -0.000642136 0.00129863 0.00307062 -0.00269817 0.000518501 0.000887191 -0.000564024 -0.000221577 -0.000139874 0.000354683 -0.000282312 0.00108315 -0.000419036
internal_weight=2.31188e+06 1.67844e+06 633435 638936 78970 559966 1.03951e+06 794336 262953 243499 76090 29649 370482 271147 181673 156102 221284 142972 20668 7097 8082 542667 166930 99335 774119 200616 375737 705606 13382 8019
internal_count=2311880 1678445 633435 638936 78970 559966 1039509 794336 262953 243499 76090 29649 370482 271147 181673 156102 221284 142972 20668 7097 8082 542667 166930 99335 774119 200616 375737 705606 13382 8019
is_linear=0
shrinkage=0.05


Tree=96
num_leaves=31
num_cat=0
split_feature=2 0 6 6 2 2 6 4 1 1 0 1 6 4 0 6 3 6 3 4 1 6 4 3 3 6 4 4 4 1
split_gain=115.6 43.3296 41.6572 38.578 18.6926 20.7972 16.7169 16.4115 21.1139 15.0517 14.719 14.5306 18.3786 13.5936 13.3159 13.824 12.5436 11.3899 10.8041 10.6895 10.6046 10.4236 10.421 10.4568 13.4001 12.6411 14.5401 21.0559 18.0823 11.0069
threshold=-1.0000000180025095e-35 0.41552224755287176 -1.418711185455322 -1.8969275355339048 0.018440100364387039 0.94641336798667919 2.1946814060211186 -1.8735390305519102 -0.40000610053539271 -0.37479929625988001 -0.75692451000213612 0.27275566756725317 1.21492475271225 -2.4324173927307124 0.90579307079315197 1.6981226205825808 -0.69895711541175831 -1.5696938037872312 0.098898995667696013 1.05424040555954 0.9378032684326173 -1.9870092272758482 -2.7806218862533565 -1.0000000180025095e-35 -0.52216356992721547 -0.11695427820086478 -0.87054669857025135 -1.0840467214584348 -1.1544128656387327 0.048752812668681152
decision_type=2 2 2 2 2 2 2 2 2 2 2 2 2 2 2 2 2 2 2 2 2 2 2 2 2 2 2 2 2 2
left_child=3 2 7 9 17 21 -5 8 -2 -1 -9 22 -13 -10 15 -7 -15 -3 -12 -17 -19 -6 -4 24 -24 26 27 28 -25 -29
right_child=1 4 11 6 5 14 -8 10 13 -11 18 12 -14 16 -16 19 -18 20 -20 -21 -22 -23 23 25 -26 -27 -28 29 -30 -31
leaf_value=-0.00022255323983789949 0.00055592586890298187 0.0012841883140121075 -0.0029259663550425959 -0.00081499935241635235 0.0033964322443047071 0.00032460098482183528 -0.002499942787855332 -0.00045713560484166385 0.00106353304470975 0.0010496993828734227 0.00049648043008091055 0.00043848082361612429 -0.00052308068264020346 0.0066218761427446126 0.00084614640569939887 0.00029649346775849914 0.0027448028668706978 1.0477376179216552e-05 0.0022825352818012889 -0.0013746981373235722 0.0017453567426619729 0.00095211938359627537 -0.0003152411593537173 -0.00021295770657624993 -0.0010794807055235541 -0.00049551660558568098 0.0006179134201200003 -0.0029077565978723064 0.0032217834835915819 0.00032927352926937192
leaf_weight=75239 22238 20030 4097 509829 4461 97962 15151 41215 5530 33631 82366 130374 80287 3374 70073 15047 5511 327279 9429 26256 9042 181084 130618 45513 102270 170814 75154 10650 4174 3482
leaf_count=75239 22238 20030 4097 509829 4461 97962 15151 41215 5530 33631 82366 130374 80287 3374 70073 15047 5511 327279 9429 26256 9042 181084 130618 45513 102270 170814 75154 10650 4174 3482
internal_value=-0.000110762 0.000106505 -0.000122186 -0.000686041 0.000388729 0.000625656 -0.000863674 0.000585952 0.00152259 0.000170518 0.000327752 -0.000280812 7.20036e-05 0.00301244 0.000284019 1.13652e-06 0.00422288 0.000126173 0.000680169 -0.000765946 5.71702e-05 0.00101107 -0.000416744 -0.000397747 -0.00065088 -0.000207435 0.000146661 -0.0004083 7.6171e-05 -0.00211051
internal_weight=2.31218e+06 1.67833e+06 927096 633850 751234 394883 524980 169663 36653 108870 133010 757433 210661 14415 209338 139265 8885 356351 91795 41303 336321 185545 546772 542675 232888 309787 138973 63819 49687 14132
internal_count=2312180 1678330 927096 633850 751234 394883 524980 169663 36653 108870 133010 757433 210661 14415 209338 139265 8885 356351 91795 41303 336321 185545 546772 542675 232888 309787 138973 63819 49687 14132
is_linear=0
shrinkage=0.05


Tree=97
num_leaves=31
num_cat=0
split_feature=0 6 0 6 1 5 5 5 0 5 3 1 6 5 0 3 1 4 6 4 4 4 4 3 5 3 1 0 3 6
split_gain=61.8736 52.3644 33.5227 25.5841 23.8937 18.9723 18.7932 20.1438 15.752 17.4985 14.3856 12.8348 15.9024 14.4764 15.1922 11.2033 12.8935 10.9504 12.8733 13.0465 10.179 25.2998 10.2354 11.8953 10.1081 14.1306 12.2645 12.1896 11.6341 10.3104
threshold=-0.62200409173965443 -1.843472361564636 0.92199218273162853 1.9853636026382449 -0.80098986625671376 -0.99973702430725087 0.99949368834495556 0.36146140098571783 0.17992405593395236 -0.32457283139228815 0.008400850463658573 0.59534037113189708 -0.89216989278793324 -1.0000000180025095e-35 -0.95113149285316456 -3.3704706430435176 -0.53845176100730885 0.18910623341798785 -0.19358895719051358 -0.013334773015230892 -0.82601359486579884 -1.4573532342910764 -2.4324173927307124 -1.9746621847152708 0.14904317259788516 -1.0000000180025095e-35 -0.024615407921373841 -0.043848648667335503 -0.083116620779037462 0.79314923286437999
decision_type=2 2 2 2 2 2 2 2 2 2 2 2 2 2 2 2 2 2 2 2 2 2 2 2 2 2 2 2 2 2
left_child=11 4 3 8 -2 -6 7 -5 9 -3 -4 12 13 14 -1 -7 -17 18 19 -11 21 22 23 -18 -19 26 28 -28 29 -26
right_child=1 2 10 6 5 15 -8 -9 -10 17 -12 -13 -14 -15 -16 16 20 24 -20 -21 -22 -23 -24 -25 25 -27 27 -29 -30 -31
leaf_value=-0.00085877180225498232 -0.0013733527108592189 0.00042070256223848928 -2.4064706832102667e-05 -0.00010238004013445319 -0.0026964478133904334 0.0033962828545781136 0.0018880190064468464 -0.0013903356958117436 0.00013642259378810623 -0.00013068894208977339 0.00090755621599721394 0.00070576863382628004 -0.00082660199159092476 -0.0023798050335585449 -6.3768185326228e-06 0.00031862425427547133 -0.0026664804864787693 0.00038466397434451646 -0.0010411283135865032 -0.0015348174041565068 0.0026103058378284631 7.8112995886800787e-05 0.0027587545336748009 0.0020450549868297955 -0.00096909626746355263 3.5817480067194635e-05 -0.0025071991845376689 2.9477583872092577e-05 -0.0032252873450053774 0.00059942461616457584
leaf_weight=71558 9118 91581 61030 49742 2893 6592 6391 77903 672944 140982 129060 20220 300762 8107 193893 26222 2036 75536 90783 18733 18896 24436 22490 3871 20349 115442 16899 6578 3337 21575
leaf_count=71558 9118 91581 61030 49742 2893 6592 6391 77903 672944 140982 129060 20220 300762 8107 193893 26222 2036 75536 90783 18733 18896 24436 22490 3871 20349 115442 16899 6578 3337 21575
internal_value=-9.2539e-05 5.98058e-05 -1.47836e-05 -9.88842e-05 0.00108292 0.00129149 -0.000755962 -0.000888479 -2.97886e-05 -0.00021565 0.000608466 -0.000532091 -0.000575684 -0.000299794 -0.000236182 0.0014021 0.00126756 -0.000329878 -0.000565732 -0.000295465 0.00161437 0.00125774 0.00227244 0.000419341 -0.000102382 -0.00030214 -0.000869644 -0.00179674 -0.000388467 -0.000161951
internal_weight=2.30996e+06 1.71542e+06 1.59886e+06 1.40878e+06 116554 107436 134036 127645 1.27474e+06 601795 190090 594540 574320 273558 265451 104543 97951 510214 250498 159715 71729 52833 28397 5907 259716 184180 68738 23477 45261 41924
internal_count=2309959 1715419 1598865 1408775 116554 107436 134036 127645 1274739 601795 190090 594540 574320 273558 265451 104543 97951 510214 250498 159715 71729 52833 28397 5907 259716 184180 68738 23477 45261 41924
is_linear=0
shrinkage=0.05


Tree=98
num_leaves=31
num_cat=0
split_feature=2 6 2 6 0 0 3 6 5 5 0 3 6 3 4 6 4 4 4 6 6 0 6 5 6 4 2 4 6 4
split_gain=125.247 51.6231 45.1081 40.5816 33.2071 26.6876 25.981 20.3361 17.7305 14.3312 16.1272 12.3051 17.2649 11.7495 11.6558 16.8468 15.3182 13.1032 12.6042 13.7014 18.8752 10.9881 12.7555 10.7834 14.7092 17.9358 10.6289 12.7741 9.86292 10.8532
threshold=-1.0000000180025095e-35 -1.590422451496124 0.0070250683929771194 1.3855966329574587 -0.86969545483589161 0.40515990555286413 -2.263400554656982 -0.19358895719051358 0.90860098600387584 0.65743646025657665 -0.66427284479141224 -0.007848485838621853 -1.7459506392478941 -0.1487692445516586 -1.5312801003456114 -0.63289123773574818 -0.90154558420181263 -1.0666817426681516 -1.1544128656387327 -0.55064332485198964 -1.4018359184265134 0.87872576713562023 0.020673842169344429 -0.82805144786834706 -3.0223786830902095 -1.6422768235206602 -0.46169391274452204 -1.5312801003456114 -1.491922855377197 -1.8359346389770506
decision_type=2 2 2 2 2 2 2 2 2 2 2 2 2 2 2 2 2 2 2 2 2 2 2 2 2 2 2 2 2 2
left_child=1 4 7 6 -1 -5 -4 13 21 10 -3 12 -8 -2 15 28 17 18 -16 20 -20 -9 -23 -6 25 -25 -12 -28 -15 -30
right_child=2 9 3 5 23 -7 11 8 -10 -11 26 -13 -14 14 16 -17 -18 -19 19 -21 -22 22 -24 24 -26 -27 27 -29 29 -31
leaf_value=-0.0009315718379573441 -9.2781539601312151e-05 -0.0012415883016246238 0.0033028703326751711 -0.0010932031204719396 -0.0021156484854529391 0.00023206683044135588 0.0014746394459606792 -0.00043577665856921904 0.00077187024198648664 -0.0029767054932166755 -0.00039711309880949644 0.0008913103188099785 0.00011195101951913744 0.0025408966327882046 -0.00030535765881066208 -0.0010650144482739425 0.00054370173905554685 -0.0013440942040134083 -0.0011695308244632555 -0.0020428682889773466 0.0039718746407437075 0.0026204311447807077 3.8572152925617003e-05 0.0050877212499838035 0.00050888417422145771 0.00089959647808049686 0.0011159375245623072 -0.0011740368498746843 0.00031909495958673577 0.0020795196630731074
leaf_weight=50891 215377 196337 9679 52080 3460 140304 27999 436847 38679 8415 166187 272414 136642 13128 41216 8323 136121 22862 2505 2058 6169 5108 73262 4046 90245 6929 6474 100744 24386 13653
leaf_count=50891 215377 196337 9679 52080 3460 140304 27999 436847 38679 8415 166187 272414 136642 13128 41216 8323 136121 22862 2505 2058 6169 5108 73262 4046 90245 6929 6474 100744 24386 13653
internal_value=-7.62453e-05 -0.000675145 0.000149834 0.000480396 0.000116005 -0.000126733 0.000741851 -5.33717e-05 -0.000260462 -0.000932547 -0.000895865 0.00068506 0.000343767 0.000182749 0.00040219 0.00102025 0.000227836 -0.000346894 9.21421e-05 0.00161759 0.00248743 -0.000337976 0.000207165 0.000625333 0.000719228 0.0024468 -0.000647558 -0.00103567 0.00135958 0.000951329
internal_weight=2.31254e+06 633728 1.67881e+06 639118 155571 192384 446734 1.03969e+06 553896 478157 469742 437055 164641 485798 270421 59490 210931 74810 51948 10732 8674 515217 78370 104680 101220 10975 273405 107218 51167 38039
internal_count=2312540 633728 1678812 639118 155571 192384 446734 1039694 553896 478157 469742 437055 164641 485798 270421 59490 210931 74810 51948 10732 8674 515217 78370 104680 101220 10975 273405 107218 51167 38039
is_linear=0
shrinkage=0.05


Tree=99
num_leaves=31
num_cat=0
split_feature=2 6 2 5 1 4 0 5 6 6 0 5 1 1 5 4 4 4 1 1 4 6 5 4 0 1 5 5 6 5
split_gain=85.1127 52.5713 29.8703 33.38 23.5852 21.4046 20.2443 17.1214 17.0771 14.561 14.3535 19.8818 14.9306 13.9882 14.6343 15.0347 14.1312 13.0106 12.8813 12.3252 11.4202 16.1741 16.5159 14.387 11.2389 11.1378 12.6339 10.9695 11.4399 10.4958
threshold=-1.0000000180025095e-35 -1.590422451496124 0.0098310387693345564 -0.33028003573417658 -0.74046763777732838 -1.4175744652748106 0.98138207197189342 0.33201378583908087 1.5722481012344363 -2.4182486534118648 0.74660810828208934 0.28025546669960028 0.74987715482711803 0.43397301435470587 -0.25647448003292078 -0.87054669857025135 -0.62397372722625721 1.4173703193664553 -0.43395234644412989 -0.6682533025741576 1.4604421854019167 0.19362201541662219 0.23460065573453906 0.21376537531614306 -0.71215388178825367 -0.89558774232864369 -0.56655564904212941 -0.33559292554855341 -3.0223786830902095 0.6038881540298463
decision_type=2 2 2 2 2 2 2 2 2 2 2 2 2 2 2 2 2 2 2 2 2 2 2 2 2 2 2 2 2 2
left_child=1 4 13 -4 -1 9 8 17 -5 19 11 -10 -13 14 15 25 18 24 -16 -6 21 22 23 -15 -3 -2 -27 28 -7 -22
right_child=2 7 3 6 5 27 -8 -9 10 -11 -12 12 -14 20 16 -17 -18 -19 -20 -21 29 -23 -24 -25 -26 26 -28 -29 -30 -31
leaf_value=-0.00092473092771161664 -0.0013808140306704457 -0.0010919961673494655 0.0013935889246423053 0.00033585329899198481 -0.00068117550732343262 0.0014483600090197065 0.0014498777839063147 -0.001566557746389299 0.00044098777048733105 0.00073317815291439384 0.00027238558169994683 -0.0014541336078111094 0.0015493590607264694 0.00074160578808667979 0.00010977313240882875 0.0011969897692309188 -0.00023632319761933516 0.0013346882497944487 -0.0015725599264855275 0.0031330238321915444 0.0017097175433054249 -0.0002830835783940121 0.0046561529651503748 -0.0014096638798333748 -0.00054923938206643597 0.00062145580320802681 -0.00021312218750625073 0.00037015632582673025 -0.0016014035010293521 0.00029674035088501541
leaf_weight=35564 13679 157662 69679 384336 2493 3799 32255 70952 25622 32957 63482 54588 4469 69113 16071 29873 492081 7518 38946 13952 22722 124154 2456 8747 241534 71830 122952 51493 15974 31168
leaf_count=35564 13679 157662 69679 384336 2493 3799 32255 70952 25622 32957 63482 54588 4469 69113 16071 29873 492081 7518 38946 13952 22722 124154 2456 8747 241534 71830 122952 51493 15974 31168
internal_value=-9.58643e-05 -0.000589462 9.05796e-05 0.000361147 0.00020671 0.000540224 0.000233742 -0.000849867 0.000160051 0.00133994 -0.000295979 -0.000722051 -0.00122663 -7.38769e-05 -0.000178856 0.000148135 -0.000321304 -0.000724804 -0.0010812 0.00255474 0.00024526 7.45837e-05 0.000627439 0.000499776 -0.000763623 -2.21858e-06 9.46623e-05 -1.42526e-05 -0.00101501 0.00089271
internal_weight=2.31212e+06 633898 1.67822e+06 634431 156232 120668 564752 477666 532497 49402 148161 84679 59057 1.04379e+06 785432 238334 547098 406714 55017 16445 258360 204470 80316 77860 399196 208461 194782 71266 19773 53890
internal_count=2312121 633898 1678223 634431 156232 120668 564752 477666 532497 49402 148161 84679 59057 1043792 785432 238334 547098 406714 55017 16445 258360 204470 80316 77860 399196 208461 194782 71266 19773 53890
is_linear=0
shrinkage=0.05


Tree=100
num_leaves=31
num_cat=0
split_feature=0 5 1 6 4 4 5 3 6 6 5 1 0 3 3 6 0 6 1 4 6 3 4 1 1 1 1 1 3 3
split_gain=99.7629 24.5614 43.9895 21.3263 21.4728 20.3756 18.2143 19.6194 17.106 16.6172 16.769 16.5025 14.8025 14.6478 14.205 18.6283 14.1 18.4702 14.0089 20.3585 15.7837 15.1618 13.6611 13.3326 13.1848 12.5844 12.1037 12.0336 20.1688 11.7011
threshold=-0.043848648667335503 0.24785503745079043 0.78076505661010753 -0.55064332485198964 -0.10150980204343794 -0.013334773015230892 0.079257447272539153 -1.0000000180025095e-35 0.97056496143341076 -1.7001762390136717 -0.99973702430725087 -0.87017327547073353 0.77527794241905224 -0.72864365577697743 1.0000000180025095e-35 0.13680260628461841 -0.95113149285316456 -2.5572357177734371 0.21583328396081927 -0.10150980204343794 -1.0358511209487913 1.1717896461486819 0.87275171279907238 0.80255556106567394 -0.28000442683696741 0.40752448141574865 -0.53845176100730885 -0.76014986634254444 -0.97161996364593495 1.7074840664863589
decision_type=2 2 2 2 2 2 2 2 2 2 2 2 2 2 2 2 2 2 2 2 2 2 2 2 2 2 2 2 2 2
left_child=3 9 12 5 25 11 27 13 -9 10 -2 -1 -3 -8 22 18 -13 -18 24 20 -20 -22 -11 -17 -16 -5 -12 -6 -29 -27
right_child=1 2 -4 4 6 -7 7 8 -10 14 26 16 -14 -15 15 23 17 -19 19 -21 21 -23 -24 -25 -26 29 -28 28 -30 -31
leaf_value=-0.0010920144029259191 -0.002755357755288586 -0.00062724170967174526 0.0010796465329934262 -0.0014507635735634781 -0.0018137972211786251 -0.001125233431293626 -0.00056693456701998647 0.00027166117670525592 -0.00069272469413451628 -2.939303573762714e-05 0.00010539880475292419 -0.00075850674320027177 9.544356767602644e-05 -0.0016012395427484984 0.0016394557833025053 0.00030244951287032194 0.0011189281500200788 -4.9357531421293779e-05 0.0002340793741977135 -0.00014962419313780407 0.0024411206814934513 0.00091577648846241557 0.0014467228874202728 -0.00093461536250374661 5.6331316658268156e-05 0.00042463526894010193 0.0016132718229453552 0.0016542798016868283 -0.00014627734149029776 -0.002570687164094239
leaf_weight=41236 2736 202903 62371 109227 7350 57759 62956 70601 131830 316426 17872 60676 108871 75055 16201 188033 37288 363945 18238 22153 44679 25665 16481 24624 69695 17606 52127 20585 63519 3991
leaf_count=41236 2736 202903 62371 109227 7350 57759 62956 70601 131830 316426 17872 60676 108871 75055 16201 188033 37288 363945 18238 22153 44679 25665 16481 24624 69695 17606 52127 20585 63519 3991
internal_value=-0.000116243 0.000202984 -0.000132389 -0.000454064 -0.00067154 -0.000235875 -0.00050153 -0.000669819 -0.000356383 0.000356958 0.00107815 -0.00013376 -0.000374886 -0.0011295 0.000286269 0.000483543 -4.81922e-05 5.92406e-05 0.000834327 0.00120601 0.00154501 0.00188481 4.37253e-05 0.00015917 0.000355083 -0.00123272 0.00122835 0.00012494 0.000294565 -0.000129816
internal_weight=2.3127e+06 1.18908e+06 374145 1.12362e+06 562720 560904 431896 340442 202431 814930 72735 503145 311774 138011 742195 409288 461909 401233 196631 110735 88582 70344 332907 212657 85896 130824 69999 91454 84104 21597
internal_count=2312699 1189075 374145 1123624 562720 560904 431896 340442 202431 814930 72735 503145 311774 138011 742195 409288 461909 401233 196631 110735 88582 70344 332907 212657 85896 130824 69999 91454 84104 21597
is_linear=0
shrinkage=0.05


Tree=101
num_leaves=31
num_cat=0
split_feature=2 2 6 3 0 0 6 5 1 1 0 6 6 6 6 3 3 5 3 5 6 5 5 6 5 5 6 0 1 1
split_gain=116.393 50.3656 43.0794 34.049 21.6885 20.7616 17.9517 16.06 29.7523 16.2617 15.8977 16.7015 15.633 15.2698 14.6682 21.1674 23.5414 20.7113 16.3629 14.618 14.4601 14.1619 13.4926 13.3821 14.7362 12.636 12.6261 12.4112 12.3864 11.8375
threshold=0.0070250683929771194 -0.010075215715914963 -1.0199959874153135 -2.263400554656982 0.57519096136093151 -0.74989807605743397 1.9853636026382449 -0.00357402057852596 0.1540784761309624 0.26029127836227423 -0.68087446689605702 -0.21216437965631482 1.6331713795661928 -3.0223786830902095 -1.418711185455322 -1.0000000180025095e-35 -0.95443385839462269 0.33792209625244146 -4.2121388912200919 0.3801723867654801 1.3682507872581484 -0.39615695178508753 -0.035562546923756592 0.17446003854274753 0.14548056572675708 0.33201378583908087 -0.666490077972412 0.89474520087242138 0.35556322336196905 -0.41341005265712732
decision_type=2 2 2 2 2 2 2 2 2 2 2 2 2 2 2 2 2 2 2 2 2 2 2 2 2 2 2 2 2 2
left_child=1 2 5 -2 12 -1 7 8 -4 26 -10 -12 19 -7 18 16 23 -18 -3 21 -6 -5 -15 24 -16 -8 29 -22 -27 -9
right_child=3 14 6 4 20 13 25 9 10 -11 11 -13 -14 22 15 -17 17 -19 -20 -21 27 -23 -24 -25 -26 28 -28 -29 -30 -31
leaf_value=-0.00062682547244921887 0.0034340008772053131 -0.0039759110230630701 -0.0018292454858652722 0.0012775045408385021 0.00099089299277634589 0.0022868251635059004 -0.00059464789997413993 -0.00015207209825622982 -0.0019267917619261198 -0.0013506384006732577 0.0016624827618970659 -0.000896922520810122 -0.00060326479876864449 0.00026098488365446912 -3.6881617063835604e-05 2.2075302258339445e-06 -0.00063372416429314214 -0.0021940990823350595 0.00042838632191276533 0.0017398091476888171 -0.00014294274628709968 7.0020839808725027e-05 -0.0022577662371683982 0.0010760986522158551 -0.003151831491651404 -0.0048206312803486598 -0.00029803198165525522 0.00087350963751764942 -0.0019740907510858536 -0.0041521125713734506
leaf_weight=114142 9760 2128 89895 27661 208870 8938 7237 3299 8895 59940 14311 11478 55886 118846 46944 628756 159348 24535 155097 16952 68082 198323 5556 27685 4121 6378 160843 53721 9577 4202
leaf_count=114142 9760 2128 89895 27661 208870 8938 7237 3299 8895 59940 14311 11478 55886 118846 46944 628756 159348 24535 155097 16952 68082 198323 5556 27685 4121 6378 160843 53721 9577 4202
internal_value=-6.89548e-05 -0.000288334 -0.000644187 0.000504888 0.000459419 -0.000131875 -0.000981328 -0.000892712 -0.00134933 -0.000643477 -0.000105307 0.000523453 0.000150679 0.000291829 -7.67285e-05 -0.000155267 -0.000532253 -0.000842029 0.000368526 0.000324138 0.000738408 0.00021787 0.000148321 0.000191094 -0.000288829 -0.00232864 -0.000391623 0.000305397 -0.0031143 -0.00239541
internal_weight=2.31141e+06 1.67215e+06 623537 639255 629495 247482 376055 352863 124579 228284 34684 25789 298822 133340 1.04861e+06 891389 262633 183883 157225 242936 330673 225984 124402 78750 51065 23192 168344 121803 15955 7501
internal_count=2311406 1672151 623537 639255 629495 247482 376055 352863 124579 228284 34684 25789 298822 133340 1048614 891389 262633 183883 157225 242936 330673 225984 124402 78750 51065 23192 168344 121803 15955 7501
is_linear=0
shrinkage=0.05


Tree=102
num_leaves=31
num_cat=0
split_feature=2 2 6 6 6 0 5 0 1 4 4 5 4 2 6 5 4 0 1 6 4 4 4 6 6 1 6 5 1 2
split_gain=100.922 43.5577 41.5767 38.1043 30.3493 27.7712 22.7718 15.5542 15.03 15.5899 24.2831 14.2275 13.827 12.0769 14.2149 16.166 13.9712 11.3038 11.6199 13.7635 11.1603 10.9675 10.9505 10.7876 10.9282 10.3864 10.3252 10.645 10.1857 11.3951
threshold=0.0098310387693345564 -0.006997479358687996 -1.9870092272758482 -1.590422451496124 1.3345778584480288 0.83528757095336925 -0.99973702430725087 0.22191489487886432 0.44786845147609716 1.5607224702835085 0.075418263673782363 0.26169227063655859 2.2851089239120488 -0.77169778943061818 0.020673842169344429 -0.060411533340811722 0.13782754540443423 -0.92794615030288685 -0.90971848368644703 -2.4182486534118648 -2.0966054201126094 -0.15175526589155194 3.3771767616271977 1.3517399430274966 1.4770324230194094 -0.024615407921373841 0.97056496143341076 0.99949368834495556 -0.01220933301374316 -0.21044814586639402
decision_type=2 2 2 2 2 2 2 2 2 2 2 2 2 2 2 2 2 2 2 2 2 2 2 2 2 2 2 2 2 2
left_child=1 3 -2 6 7 21 -1 20 12 10 -10 13 -3 16 -15 -16 -5 -8 -19 28 -4 -6 26 -17 -25 -26 -14 -28 29 -20
right_child=2 8 4 11 5 -7 17 -9 9 -11 -12 -13 22 14 15 23 -18 18 19 -21 -22 -23 -24 24 25 -27 27 -29 -30 -31
leaf_value=-0.004565072220981522 0.0025278311104620118 -0.00017708296604659408 0.0025526231765120159 -0.00078134410160283141 0.002902621830040069 0.00064064095475296402 -0.00067948575926651009 0.00080478121428927531 0.00064375934422640751 0.0010478362726342293 -0.00045259390176983464 -0.0013872502780088091 0.00028389488341110423 -0.00064473563089639569 -0.0034939244344695027 -0.0015819837625621162 0.00010565121046589555 -0.0033449378203551866 0.0016851589256935318 5.8441371309721988e-05 3.3533862544466108e-05 -0.00064671323704177416 0.0019797993225115305 0.0026029863763569207 -0.0039614767917676638 8.8402936318382858e-06 -0.0019025470964319818 -0.0055335052204060721 -0.0022299823234792691 -0.0018310832500577695
leaf_weight=2618 22946 776908 4560 110455 2205 72151 33655 290173 92081 47543 111837 98839 4216 115295 9186 51894 74221 2071 31958 80199 115975 126062 2028 3104 2041 8367 11612 2440 2001 2475
leaf_count=2618 22946 776908 4560 110455 2205 72151 33655 290173 92081 47543 111837 98839 4216 115295 9186 51894 74221 2071 31958 80199 115975 126062 2028 3104 2041 8367 11612 2440 2001 2475
internal_value=-9.85285e-05 -0.000301693 0.000438814 -0.000630873 0.000360337 -0.000144061 4.9625e-05 0.000606471 -0.000104438 0.000232595 4.24815e-05 -0.000853643 -0.00021075 -0.000712802 -0.00099279 -0.00153061 -0.000424876 0.000129214 0.000358535 0.000424577 0.000129038 -0.000585476 -0.00149876 -0.00125438 4.05013e-06 -0.000772791 -0.00188581 -0.00253652 0.00123028 0.00143196
internal_weight=2.31112e+06 1.67704e+06 634072 628379 611126 200418 154977 410708 1.04866e+06 251461 203918 473402 797204 374563 189887 74592 184676 152359 118704 116633 120535 128267 20296 65406 13512 10408 18268 14052 36434 34433
internal_count=2311116 1677044 634072 628379 611126 200418 154977 410708 1048665 251461 203918 473402 797204 374563 189887 74592 184676 152359 118704 116633 120535 128267 20296 65406 13512 10408 18268 14052 36434 34433
is_linear=0
shrinkage=0.05


Tree=103
num_leaves=31
num_cat=0
split_feature=2 6 1 2 6 3 1 5 4 6 4 6 1 2 4 1 4 5 2 4 1 3 3 4 3 1 1 2 1 3
split_gain=102.275 50.1635 24.8752 24.0361 25.3187 21.1552 18.5361 16.8123 15.6233 14.6008 14.2592 19.0481 13.5675 13.0056 19.2714 12.7447 12.4863 21.2155 12.1798 11.9678 11.7766 11.4187 17.42 11.2985 10.8841 11.2485 10.3633 10.7382 9.79358 9.67854
threshold=-1.0000000180025095e-35 -1.5696938037872312 -0.83402714133262623 0.0098310387693345564 2.3895566463470463 -2.835092186927795 0.6590484380722047 -0.48040875792503351 2.6066048145294194 -1.4018359184265134 -1.5550752878189085 -2.6435024738311763 -0.36810369789600367 0.87769624590873729 0.59763443470001232 0.9049043357372285 -1.8735390305519102 -0.99973702430725087 0.37988880276679998 -2.7806218862533565 -0.31724828481674189 -0.36915747821331019 1.0000000180025095e-35 -1.7669258117675779 -1.1442328095436094 -0.50287157297134388 -0.42751675844192499 -0.22350672632455823 -0.26019002497196192 -2.7096844911575313
decision_type=2 2 2 2 2 2 2 2 2 2 2 2 2 2 2 2 2 2 2 2 2 2 2 2 2 2 2 2 2 2
left_child=1 2 -1 6 5 -5 9 18 15 16 11 12 -4 -9 -15 -6 17 -2 -7 20 -11 24 28 -18 -19 -26 -13 -28 -23 -25
right_child=3 -3 10 4 8 7 -8 13 -10 19 -12 26 -14 14 -16 -17 23 21 -20 -21 -22 22 -24 29 25 -27 27 -29 -30 -31
leaf_value=-0.0015134362046458896 -0.0018038949370008236 -0.00087747592106130325 0.0019367930976312642 0.0039987100408953469 -0.00062361697132951044 0.0033843514015491809 0.00052517330602113322 0.00060246082175265841 -0.0032885385685862121 -0.0049888252854494546 1.2504267657428862e-05 -0.00033838628538585366 0.0060802743160008471 -0.00020745560547999004 0.00072059600027028043 0.002223418600490227 -0.0020916435842552247 0.0019763162856509691 0.0010030246925735546 -0.00017859217380906595 -7.8742461185997404e-05 0.0030526738736664574 2.5938727330644981e-06 -0.0013343163514541706 -0.00249890847878352 0.0013971560211855304 0.00086836691880191929 0.0043899052183835529 0.0070959848378089651 0.00033936560935699162
leaf_weight=19714 5006 474414 9304 4199 46493 7421 134910 299725 5081 2563 90581 18150 2505 162130 85392 4284 5585 11605 19410 746063 2325 3851 2973 9367 3558 3844 16340 2487 2472 109591
leaf_count=19714 5006 474414 9304 4199 46493 7421 134910 299725 5081 2563 90581 18150 2505 162130 85392 4284 5585 11605 19410 746063 2325 3851 2973 9367 3558 3844 16340 2487 2472 109591
internal_value=-7.85546e-05 -0.000619835 0.000148514 0.000125816 0.0003686 0.000466793 -2.16963e-05 0.00044089 -0.00064786 -0.000102883 0.000383695 0.00107274 0.00282014 0.000380958 0.000112727 -0.000383025 0.000334226 0.00119396 0.00166267 -0.000194768 -0.00265825 0.00172464 0.00315993 0.000104214 0.00102137 -0.000476453 0.000514081 0.00133564 0.00464213 0.000207475
internal_weight=2.31134e+06 633495 159081 1.67785e+06 634135 578277 1.04371e+06 574078 55858 908803 139367 48786 11809 547247 247522 50777 157852 33309 26831 750951 4888 28303 9296 124543 19007 7402 36977 18827 6323 118958
internal_count=2311343 633495 159081 1677848 634135 578277 1043713 574078 55858 908803 139367 48786 11809 547247 247522 50777 157852 33309 26831 750951 4888 28303 9296 124543 19007 7402 36977 18827 6323 118958
is_linear=0
shrinkage=0.05


Tree=104
num_leaves=31
num_cat=0
split_feature=2 6 2 6 0 0 4 6 4 1 5 6 0 4 4 2 4 5 1 5 4 2 4 1 1 6 5 0 4 0
split_gain=125.796 35.8593 35.0094 27.5156 25.1697 19.2305 16.247 16.2366 14.3746 17.5635 13.4515 12.2106 12.1876 11.3339 11.2504 10.8475 13.3721 15.9737 11.5495 10.215 10.305 10.1113 11.5634 12.799 9.4533 13.4071 9.3277 9.14731 17.1729 8.99946
threshold=-1.0000000180025095e-35 -1.1510350108146665 0.013767087832093241 2.0826662778854375 -0.82581213116645802 0.9628264605998994 1.4846793413162234 -2.1657867431640621 -1.2905288338661192 -0.52376568317413319 0.90860098600387584 -2.4182486534118648 0.26407873630523687 2.357648611068726 -2.3515261411666866 -0.83766540884971608 -1.0311352014541624 0.42794466018676763 -0.71225750446319569 0.90860098600387584 1.0722034573554995 1.0582894086837771 -0.11375802010297774 -0.32340270280838007 0.2219813019037247 0.85829573869705211 -0.47192300856113428 -0.077553167939186082 1.5891622304916384 -0.5789409577846526
decision_type=2 2 2 2 2 2 2 2 2 2 2 2 2 2 2 2 2 2 2 2 2 2 2 2 2 2 2 2 2 2
left_child=1 4 -2 7 -1 19 -7 -4 9 -6 12 29 26 21 -13 16 -3 18 -18 20 -5 22 24 -24 -14 -26 -9 28 -17 -11
right_child=2 15 3 5 8 6 -8 10 -10 11 -12 14 13 -15 -16 27 17 -19 -20 -21 -22 -23 23 -25 25 -27 -28 -29 -30 -31
leaf_value=-0.00087350377702961077 -4.4740817284259551e-05 -0.0022180149737309695 0.0021565101373270915 -5.5202014330574858e-05 -0.00045267067237977877 -8.4317479483199577e-05 0.0035364812840308693 0.0016675769412914051 -0.00023567668253224726 0.00035815470011915418 0.0040960044061080494 -0.00082205073816728018 0.00090427978647010824 -0.00092779113051378193 0.0013904499155661183 -0.0016069766115714799 -0.0019326357522681783 -0.0019695907493298341 -0.00027465644287512765 0.0021715376681414084 -0.0012976248471326113 0.00039189427006928275 0.0022210852091725844 0.00043180031738921336 0.0022575105531000609 -0.00083544986740162128 2.9023883913738688e-05 -0.00074008435388034539 0.0001603282952277196 0.0041158046392091047
leaf_weight=85554 1050354 13283 15451 26798 19986 7625 5208 9219 79827 2190 2596 7219 49608 11001 28034 137192 11357 18182 138399 2945 44240 151748 11038 104918 34856 3890 147485 70224 15274 5859
leaf_count=85554 1050354 13283 15451 26798 19986 7625 5208 9219 79827 2190 2596 7219 49608 11001 28034 137192 11357 18182 138399 2945 44240 151748 11038 104918 34856 3890 147485 70224 15274 5859
internal_value=-9.45142e-05 -0.000695427 0.000131891 0.000427017 -0.00019509 -0.000399342 0.00138672 0.000559432 0.000210497 0.000773218 0.00051251 0.001339 0.000494671 0.00065226 0.000937276 -0.000978674 -0.000691372 -0.000570498 -0.000400513 -0.000709295 -0.000829014 0.000701103 0.000930732 0.000602301 0.00136165 0.00194685 0.000125521 -0.00121243 -0.00142993 0.00309512
internal_weight=2.31156e+06 632580 1.67898e+06 628626 228669 86816 12833 541810 143115 63288 526359 43302 523763 367059 35253 403911 181221 167938 149756 73983 71038 356058 204310 115956 88354 38746 156704 222690 152466 8049
internal_count=2311560 632580 1678980 628626 228669 86816 12833 541810 143115 63288 526359 43302 523763 367059 35253 403911 181221 167938 149756 73983 71038 356058 204310 115956 88354 38746 156704 222690 152466 8049
is_linear=0
shrinkage=0.05


Tree=105
num_leaves=31
num_cat=0
split_feature=2 2 6 5 1 1 1 0 1 5 6 0 1 2 0 5 2 5 5 5 4 6 6 1 2 0 5 4 6 1
split_gain=102.294 42.8347 38.7931 24.8075 21.1415 20.5707 19.5793 16.7855 16.4324 16.0371 19.5122 26.3935 14.3731 12.8255 15.5338 12.8052 12.5927 12.0733 11.4677 11.3331 21.3085 21.0469 12.6282 15.0713 10.6001 10.5238 10.5151 9.99907 9.25999 9.01441
threshold=-1.0000000180025095e-35 0.0098310387693345564 -1.9255799651145933 -0.34132121503353113 0.82561737298965465 -0.6682533025741576 0.24116121232509616 -0.3501420766115188 0.20959323644638064 0.99949368834495556 2.3895566463470463 0.52123874425888073 0.48417353630065924 0.87769624590873729 0.27491596341133123 0.24785503745079043 1.7829621434211733 -0.39615695178508753 -0.4391931146383285 0.99949368834495556 2.8638247251510625 1.2486197948455813 -0.097138248383998857 -0.23481184989213941 0.91130194067955028 -0.67216679453849781 0.28518421947956091 1.3070755600929262 -1.3665466308593748 0.16648831218481067
decision_type=2 2 2 2 2 2 2 2 2 2 2 2 2 2 2 2 2 2 2 2 2 2 2 2 2 2 2 2 2 2
left_child=2 19 5 24 9 17 -7 8 26 10 13 12 29 14 25 -13 -6 -1 -9 22 21 -21 23 -2 -3 -5 27 -4 -25 -12
right_child=1 3 7 4 16 6 -8 18 -10 -11 11 15 -14 -15 -16 -17 -18 -19 -20 20 -22 -23 -24 28 -26 -27 -28 -29 -30 -31
leaf_value=-0.0015223385976154084 -0.00021405969699381328 0.0018629778882522686 -0.00080469331528116846 0.0017252448977312228 0.0021974828535917638 0.00090255192399893251 -0.0036300862686102762 0.0011229377433828196 -0.001806748702022371 0.0040335165238710785 -0.001278269126458897 0.0027040631132888536 -0.00050839629075422174 2.0730353373057378e-05 0.00083833729520537076 -0.00033359858613080692 0.0002297290652444857 0.00030704915718891276 -0.00054349860667740504 -0.00011271469621417601 -0.0027786146487453378 0.0026040423356668884 -0.00030932767714621099 0.00091760597614406992 0.00057642166363253025 -9.3950788399231675e-05 -0.0017205632512866803 0.00192573722743207 0.00016710356789182866 -0.0046914210392781088
leaf_weight=20758 268766 38980 246918 8663 22760 66005 2462 10947 57255 2752 2744 4019 5693 219072 164657 24967 12650 15937 178843 13891 3635 14633 502868 52477 27185 95323 32736 3390 189486 6625
leaf_count=20758 268766 38980 246918 8663 22760 66005 2462 10947 57255 2752 2744 4019 5693 219072 164657 24967 12650 15937 178843 13891 3635 14633 502868 52477 27185 95323 32736 3390 189486 6625
internal_value=-0.000109528 9.4648e-05 -0.000650083 0.000418187 0.000311782 0.000227142 0.000739057 -0.000824112 -0.00103423 0.000233385 0.000213643 -0.000794065 -0.0024912 0.000304669 0.000536204 8.83701e-05 0.00149478 -0.00072795 -0.000447325 -0.000102149 0.000821788 0.00128142 -0.000131471 4.365e-05 0.00133454 5.77564e-05 -0.000877908 -0.000767639 0.000329904 -0.0036942
internal_weight=2.3171e+06 1.68185e+06 635251 636090 569925 105162 68467 530089 340299 534515 531763 44048 15062 487715 268643 28986 35410 36695 189790 1.04576e+06 32159 28524 1.0136e+06 510729 66165 103986 283044 250308 241963 9369
internal_count=2317097 1681846 635251 636090 569925 105162 68467 530089 340299 534515 531763 44048 15062 487715 268643 28986 35410 36695 189790 1045756 32159 28524 1013597 510729 66165 103986 283044 250308 241963 9369
is_linear=0
shrinkage=0.05


Tree=106
num_leaves=31
num_cat=0
split_feature=2 6 2 6 1 0 6 5 4 6 0 4 1 4 5 6 5 4 5 4 5 6 6 0 1 5 5 6 1 5
split_gain=91.3949 33.1456 32.2375 29.6612 24.1769 14.5405 20.7857 12.5208 16.1538 18.9884 18.6255 15.4674 11.7992 11.1153 12.8848 15.0282 16.2074 10.8877 12.6188 10.8557 16.874 19.9787 15.9427 11.5483 11.4468 10.6221 10.8901 10.5876 10.462 9.45973
threshold=-1.0000000180025095e-35 -1.9255799651145933 1.0000000180025095e-35 -1.8197378516197202 -0.89558774232864369 0.91684702038764965 2.0826662778854375 0.31549416482448583 0.32924418151378637 1.1322317123413088 0.12685792893171313 -1.9508823752403257 -0.51660159230232228 1.4173703193664553 0.11551374569535257 1.2486197948455813 0.17178416252136233 -1.3316814899444578 -0.33559292554855341 -1.9508823752403257 -0.47192300856113428 -1.1351903676986692 -0.64930787682533253 0.78848138451576244 -0.061815889552235596 0.90860098600387584 0.2571586817502976 -1.5287523269653318 -0.30458509922027582 -0.39615695178508753
decision_type=2 2 2 2 2 2 2 2 2 2 2 2 2 2 2 2 2 2 2 2 2 2 2 2 2 2 2 2 2 2
left_child=1 4 19 -4 -1 6 29 8 9 10 11 -3 -12 14 -10 -16 -17 28 -19 20 22 -22 24 -21 27 26 -8 -2 -6 -5
right_child=2 7 3 5 17 -7 25 -9 13 -11 12 -13 -14 -15 15 16 -18 18 -20 23 21 -23 -24 -25 -26 -27 -28 -29 -30 -31
leaf_value=-0.0023671772825839947 0.00090717082511218041 0.00035150954994068193 0.0018544139998611664 0.0011991127906836683 0.00057375079864954975 0.00083925230572900978 0.00061255953811283851 -0.0013391463361268154 0.00053546885808935575 -0.0028224315161043266 -0.003314254708324766 -0.0010317762748559441 0.00046424626764083297 0.0019717120699015191 -0.001002861557067728 0.0029253247570192415 -0.0001896617427387746 -0.0012487915186086575 0.00046723320448553788 -0.0001762448306618619 -0.00010057398792875019 0.0063544116692257294 -0.0031498922971309965 0.00027835397552041554 0.0018232509400669204 0.0026564414178858698 -0.0010682418619942814 -0.00076565146897033653 0.0023279500041143877 0.00026347506716963774
leaf_weight=8283 19991 22021 32935 28921 35120 108453 11858 77145 34821 11675 2179 244920 36806 5686 65780 5108 22678 15520 34529 806282 2191 2636 3063 168971 13240 2361 51310 17936 11208 408158
leaf_count=8283 19991 22021 32935 28921 35120 108453 11858 77145 34821 11675 2179 244920 36806 5686 65780 5108 22678 15520 34529 806282 2191 2636 3063 168971 13240 2361 51310 17936 11208 408158
internal_value=-7.78486e-05 -0.000589557 0.000115299 0.000393011 0.000223405 0.000314215 0.000200908 -0.000750454 -0.000649879 -0.000844153 -0.000768566 -0.000917655 0.000252258 -0.000189642 -0.00028551 -0.000591065 0.000383824 0.000446272 -6.50425e-05 -5.76161e-05 0.000600586 0.00343031 0.000348127 -9.74796e-05 0.000558103 -0.000629456 -0.000752672 0.000116086 0.00099855 0.000325411
internal_weight=2.31178e+06 633479 1.67831e+06 643996 104660 611061 502608 528819 451674 317601 305926 266941 38985 134073 128387 93566 27786 96377 50049 1.03431e+06 59057 4827 54230 975253 51167 65529 63168 37927 46328 437079
internal_count=2311785 633479 1678306 643996 104660 611061 502608 528819 451674 317601 305926 266941 38985 134073 128387 93566 27786 96377 50049 1034310 59057 4827 54230 975253 51167 65529 63168 37927 46328 437079
is_linear=0
shrinkage=0.05


Tree=107
num_leaves=31
num_cat=0
split_feature=0 6 0 3 6 4 4 3 4 1 1 1 6 6 5 4 1 1 4 1 3 4 6 5 4 3 6 5 1 6
split_gain=79.7085 30.374 28.2193 21.4938 21.0721 20.3534 19.5304 19.4466 18.5609 19.7357 14.2842 12.8554 15.213 12.7765 13.7515 16.5069 19.4334 12.1241 12.0309 12.5338 15.0455 13.3701 11.9289 11.4537 14.819 15.8149 14.2445 11.4837 11.2118 11.8782
threshold=-0.021987888962030407 -0.92427748441696156 0.80235829949378978 -1.0000000180025095e-35 1.7664363980293276 -1.2107052206993101 -0.45968289673328394 1.7817727923393252 -0.013334773015230892 -0.88273614645004261 0.71194866299629223 -0.42066231369972223 -0.68251225352287281 2.4504129886627202 0.99949368834495556 1.4173703193664553 0.7597898840904237 -0.85749730467796315 -1.9508823752403257 -0.36810369789600367 -2.7096844911575313 -2.3515261411666866 -1.3486664295196531 0.22149873524904254 0.087932068854570403 -0.24792656302452085 1.1651312708854678 0.11551374569535257 -0.83402714133262623 -1.7459506392478941
decision_type=2 2 2 2 2 2 2 2 2 2 2 2 2 2 2 2 2 2 2 2 2 2 2 2 2 2 2 2 2 2
left_child=1 8 6 4 5 11 28 10 9 -1 -5 12 -3 -8 15 -15 -17 -10 19 20 -11 -21 -23 24 -7 27 -25 -26 -2 -30
right_child=2 3 -4 7 -6 23 13 -9 17 18 -12 -13 -14 14 -16 16 -18 -19 -20 21 -22 22 -24 26 25 -27 -28 -29 29 -31
leaf_value=-0.0011657742888883779 -0.002094084119842945 0.0010435391342857917 0.00055177642211639666 -0.00031644270238581802 -0.0043874305138982888 -0.0010683966621847835 -7.7710460616482361e-05 -0.0014649857430275243 0.0018662912697595662 0.0021478897967774986 0.0011402786714111122 -0.0045259236350357248 -0.0040351845003506383 -0.00021841532906281033 0.002878130421468473 -0.0031643209817436577 0.0012821009911834448 -0.0015927724223800195 -2.5054816621614932e-05 0.00041597762774096765 -0.00026619162945365536 0.0036343936518047101 0.00054174811122314375 -0.001805454889423604 0.00044772193268887491 -0.0016378908347661836 -0.00026840224293047152 -0.00064007443046735395 0.0011505159661672482 0.00026649686610942042
leaf_weight=33087 4459 3271 374895 330325 4313 94420 505750 35859 2782 7846 17722 5990 2670 18014 2105 14073 2971 27479 322314 13841 36162 9368 4677 49276 60292 17004 21720 40585 46793 202052
leaf_count=33087 4459 3271 374895 330325 4313 94420 505750 35859 2782 7846 17722 5990 2670 18014 2105 14073 2971 27479 322314 13841 36162 9368 4677 49276 60292 17004 21720 40585 46793 202052
internal_value=-9.56804e-05 -0.000393101 0.000194094 -0.000604179 -0.000921612 -0.000870833 2.56768e-05 -0.000356485 -7.78097e-05 6.95045e-06 -0.000242238 -0.00289306 -0.00124188 -0.000143471 -0.00103814 -0.00127404 -0.00238895 -0.00127426 0.000105408 0.000690217 0.000164595 0.00151937 0.00260566 -0.000785569 -0.00060167 -0.000227773 -0.00133532 1.00579e-05 0.000388206 0.000432768
internal_weight=2.31212e+06 1.141e+06 1.17111e+06 683447 299541 295228 796217 383906 457556 427295 348047 11931 5941 542913 37163 35058 17044 30261 394208 71894 44008 27886 14045 283297 212301 117881 70996 100877 253304 248845
internal_count=2312115 1141003 1171112 683447 299541 295228 796217 383906 457556 427295 348047 11931 5941 542913 37163 35058 17044 30261 394208 71894 44008 27886 14045 283297 212301 117881 70996 100877 253304 248845
is_linear=0
shrinkage=0.05


Tree=108
num_leaves=31
num_cat=0
split_feature=0 2 2 6 5 0 6 4 0 5 5 4 2 4 4 4 4 5 5 6 4 5 6 4 2 3 4 6 5 5
split_gain=108.222 28.5627 26.7809 28.5264 17.2553 20.9442 20.7151 19.9912 15.6526 15.6375 20.6046 29.6596 16.7889 15.0372 12.4806 11.8874 11.35 13.0181 12.542 10.7153 14.3384 11.7427 9.96925 11.0011 8.95082 10.136 10.6063 14.0328 8.99846 8.94588
threshold=-0.29835225641727442 0.018440100364387039 -0.010075215715914963 -1.6132263541221616 -0.33028003573417658 0.90579307079315197 2.1546887159347539 2.357648611068726 -0.95550653338432301 0.40655282139778143 0.53799158334732067 1.3284943103790285 -0.08784229680895804 1.7616560459136965 -1.5312801003456114 2.024349689483643 1.4604421854019167 0.6038881540298463 0.67777585983276378 -0.56786301732063282 -0.81122192740440358 -0.99973702430725087 -0.21216437965631482 -1.001644432544708 -0.55445015430450428 2.2939280271530156 0.012784543447196485 -0.81323400139808644 -0.11676443740725516 0.31041908264160162
decision_type=2 2 2 2 2 2 2 2 2 2 2 2 2 2 2 2 2 2 2 2 2 2 2 2 2 2 2 2 2 2
left_child=2 9 3 8 -3 6 -6 -8 -1 13 15 -12 -13 14 -2 -11 -14 -18 -19 -4 21 -21 -23 -24 25 26 27 -5 -29 -28
right_child=1 4 19 24 5 -7 7 -9 -10 10 11 12 16 -15 -16 -17 17 18 -20 20 -22 22 23 -25 -26 -27 29 28 -30 -31
leaf_value=-0.0012553163634755025 0.0007179773154560999 0.001285944416259791 9.1293973223633547e-06 -0.00064646178006482391 0.00035650440349265747 0.00098677412882207773 -0.00030774163139843906 -0.0030784763949446622 0.00016182760125255325 -0.0015511531716581057 0.0022839111274050908 -0.0024459690939612074 -0.002273360155349105 0.0029439086101650004 2.4688508742670524e-05 0.00039459505792991604 0.0016070394661235809 -0.0017081678751128164 0.00018810754722750153 0.0018233929023993034 -0.00035114749229846339 -0.0031755946146372772 0.00083711303859999734 -0.0029725189870147169 -0.0014183438405892268 -0.0038765318135414784 -0.00023549457362838662 -0.0025966311266043332 -0.0011572977143434154 -0.0012647414094006334
leaf_weight=24413 72544 59162 230951 52815 346391 112533 46257 7567 96360 45558 12394 8505 5441 4662 616590 9479 11692 11317 37876 2058 218089 10283 4411 3308 100374 2715 87571 21206 22304 27811
leaf_count=24413 72544 59162 230951 52815 346391 112533 46257 7567 96360 45558 12394 8505 5441 4662 616590 9479 11692 11317 37876 2058 218089 10283 4411 3308 100374 2715 87571 21206 22304 27811
internal_value=-6.89833e-05 0.000205188 -0.000495683 -0.000778 0.000477472 0.000384166 0.000214703 -0.000697773 -0.000124713 1.8927e-05 -0.000458591 1.94179e-05 -0.000355897 0.000116847 9.76792e-05 -0.00121603 -8.75586e-05 0.000108117 -0.000248395 -0.000233536 -0.000468857 -0.00174776 -0.0021568 -0.000797249 -0.00102862 -0.000846134 -0.00080709 -0.00119441 -0.00185924 -0.000483666
internal_weight=2.31264e+06 1.40797e+06 904669 435569 571910 512748 400215 53824 120773 836058 142262 87225 74831 693796 689134 55037 66326 60885 49193 469100 238149 20060 18002 7719 314796 214422 211707 96325 43510 115382
internal_count=2312637 1407968 904669 435569 571910 512748 400215 53824 120773 836058 142262 87225 74831 693796 689134 55037 66326 60885 49193 469100 238149 20060 18002 7719 314796 214422 211707 96325 43510 115382
is_linear=0
shrinkage=0.05


Tree=109
num_leaves=31
num_cat=0
split_feature=2 6 2 3 0 6 6 0 6 0 2 3 1 5 3 1 3 5 5 5 3 3 0 2 1 6 6 1 6 5
split_gain=111.904 38.2002 29.9754 21.7453 16.4462 16.9651 13.7921 18.1047 13.7873 12.7382 14.7909 13.1803 12.4824 15.3637 13.6478 12.2602 12.0312 17.1109 12.4707 16.1598 13.392 14.5287 11.8 11.4295 11.1302 10.8916 10.7763 10.6765 12.371 10.5242
threshold=-0.006997479358687996 -1.0693191885948179 0.0098310387693345564 -2.263400554656982 -0.86969545483589161 -3.0223786830902095 2.0826662778854375 0.8089067041873933 1.9853636026382449 -0.043848648667335503 -0.77169778943061818 0.34459362924098974 -0.51660159230232228 -0.067470133304595933 -1.2525019049644468 -0.76997607946395863 -1.0000000180025095e-35 0.41383391618728643 -0.99973702430725087 -0.6095125377178191 -0.19891265034675595 -2.7096844911575313 0.57519096136093151 0.37988880276679998 0.53411987423896801 0.85829573869705211 -0.58467835187911976 0.17247149348258975 -1.3486664295196531 -0.46330049633979792
decision_type=2 2 2 2 2 2 2 2 2 2 2 2 2 2 2 2 2 2 2 2 2 2 2 2 2 2 2 2 2 2
left_child=1 4 16 -4 -1 15 23 -8 9 10 24 -12 14 29 -7 -6 17 18 -2 -20 21 -21 27 -5 -3 -24 -18 28 -22 -14
right_child=2 8 3 6 5 12 7 -9 -10 -11 11 -13 13 -15 -16 -17 26 -19 19 20 22 -23 25 -25 -26 -27 -28 -29 -30 -31
leaf_value=-0.00080477630222990342 -0.0024286139751853943 -0.00064492832234168147 0.002731962713375296 0.00081504544971198762 -0.0013985849615859992 -6.6054301097038634e-05 -0.00087178034148436472 0.00058791551243254415 -0.0021740254997748491 -0.0003584812144705815 -0.0017659878146556959 -0.00063491620762165632 0.0012424850901092241 -0.0019233588981896644 -0.0018597467943233916 0.0026470060172294708 0.00038409775213730607 -0.0016966442256431272 0.001051100947571692 -0.001848985543123366 0.00099810725560182099 -6.0198461543302548e-05 -0.0034738927651096841 0.00028789482912521409 -0.0026190666322484933 0.00019016789750302533 -6.560686524713526e-05 0.0012306619467794531 -0.0015127292185501762 8.81542542389262e-05
leaf_weight=75634 6241 145798 9552 138597 2304 27365 50226 36797 23311 79127 96559 35146 26887 7679 17306 9870 183052 20604 24930 11848 6121 265731 7786 398398 7499 2740 489221 6407 24579 74269
leaf_count=75634 6241 145798 9552 138597 2304 27365 50226 36797 23311 79127 96559 35146 26887 7679 17306 9870 183052 20604 24930 11848 6121 265731 7786 398398 7499 2740 489221 6407 24579 74269
internal_value=-0.000118608 -0.00068774 9.40385e-05 0.000365602 -0.000193904 8.49955e-05 0.000329337 -0.000254563 -0.000995309 -0.000919792 -0.00107561 -0.00146423 -5.75392e-05 0.000231324 -0.00076121 0.00188084 -6.99406e-05 -0.000296032 -0.000215012 -0.000175488 -0.000269545 -0.000136614 -0.001044 0.000423964 -0.000741664 -0.00252083 5.68463e-05 -0.00062451 -0.00101195 0.000395065
internal_weight=2.31158e+06 628754 1.68283e+06 633570 241314 165680 624018 87023 387440 364129 285002 131705 153506 108835 44671 12174 1.04926e+06 376987 356383 350142 325212 277579 47633 536995 153297 10526 672273 37107 30700 101156
internal_count=2311584 628754 1682830 633570 241314 165680 624018 87023 387440 364129 285002 131705 153506 108835 44671 12174 1049260 376987 356383 350142 325212 277579 47633 536995 153297 10526 672273 37107 30700 101156
is_linear=0
shrinkage=0.05


Tree=110
num_leaves=31
num_cat=0
split_feature=2 6 0 6 1 5 5 2 6 1 0 1 0 0 3 3 1 5 5 5 3 5 6 6 3 5 2 3 0 0
split_gain=106.253 41.0494 33.2686 24.5046 23.7364 21.5394 20.118 16.5131 26.4154 14.8476 12.7078 11.2756 12.5971 11.1365 10.1477 10.3888 10.1268 9.9308 18.2356 9.66777 9.21291 10.5336 9.21166 8.80826 11.74 8.31325 8.2858 8.27542 7.87506 7.85172
threshold=-0.006997479358687996 -1.8969275355339048 0.70808440446853649 2.048276543617249 -0.89558774232864369 0.99949368834495556 0.36146140098571783 0.0098310387693345564 -2.1657867431640621 0.24749344587326053 -0.51477560400962818 0.46242891252040869 -0.39912799000740046 -0.93299558758735646 1.7817727923393252 1.2134742140769961 0.4201692938804627 -0.067470133304595933 -0.24315081536769864 -0.50804144144058216 -1.0000000180025095e-35 0.65743646025657665 -1.2796660065650938 0.45053412020206457 0.273367390036583 0.75274404883384716 -2.618654608726501 -2.5984275341033931 0.98812502622604381 -0.98811522126197804
decision_type=2 2 2 2 2 2 2 2 2 2 2 2 2 2 2 2 2 2 2 2 2 2 2 2 2 2 2 2 2 2
left_child=1 4 3 7 13 -5 11 20 27 10 29 12 -3 -1 15 17 19 18 -13 22 21 -2 -10 24 -19 26 -8 -9 -4 -6
right_child=2 6 28 5 9 -7 25 8 16 -11 -12 14 -14 -15 -16 -17 -18 23 -20 -21 -22 -23 -24 -25 -26 -27 -28 -29 -30 -31
leaf_value=-0.0010809124623970075 -0.00025978454576866213 -0.00083321942836488941 0.00040726280433364486 -0.0011312149020718074 -0.0019102409979884665 0.0023313044020080074 -0.0041590598446688927 0.0048354062295148624 0.00070113791474438344 -0.00324614079075701 0.001393236230694503 -0.0029698302188718075 -0.00025720423886061897 -0.005014575557429765 -0.0036335999233637695 0.00074295003678236365 0.00090921903979724803 -0.005825597737295957 0.0015156823669815137 6.0103824521453287e-05 5.8731335668623421e-05 -0.0033267652039352157 0.0038294015823820619 -0.0015255023296828359 -0.0013916424497331444 -0.0039859633725299352 -0.0013931913063395462 0.0018487142864988641 0.0010809645045375962 0.00031215754976993528
leaf_weight=5813 325041 276461 432443 68375 4238 4798 2846 3029 9500 2618 31237 3762 144558 2601 4964 5647 48872 3324 5665 255860 472598 2814 3121 13019 2718 3679 53327 9914 48209 61688
leaf_count=5813 325041 276461 432443 68375 4238 4798 2846 3029 9500 2618 31237 3762 144558 2601 4964 5647 48872 3324 5665 255860 472598 2814 3121 13019 2718 3679 53327 9914 48209 61688
internal_value=-8.37547e-05 -0.00063874 0.000123198 -1.72003e-05 0.000247319 -0.000903888 -0.000823112 4.01865e-05 0.000337633 0.00046245 0.0005627 -0.000710912 -0.000635454 -0.00230143 -0.00152308 -0.00121519 0.000247291 -0.00160346 -0.000275586 0.000126769 -8.25536e-05 -0.000286209 0.00147713 -0.0022597 -0.00383657 -0.0016854 -0.00153404 0.00255087 0.000474856 0.000169024
internal_weight=2.31274e+06 628165 1.68457e+06 1.20392e+06 108195 73173 519970 1.13075e+06 330296 99781 97163 460118 421019 8414 39099 34135 317353 28488 9427 268481 800453 327855 12621 19061 6042 59852 56173 12943 480652 65926
internal_count=2312739 628165 1684574 1203922 108195 73173 519970 1130749 330296 99781 97163 460118 421019 8414 39099 34135 317353 28488 9427 268481 800453 327855 12621 19061 6042 59852 56173 12943 480652 65926
is_linear=0
shrinkage=0.05


Tree=111
num_leaves=31
num_cat=0
split_feature=2 0 4 0 2 4 1 1 3 5 2 4 1 4 2 2 0 3 5 3 5 4 4 3 3 5 2 0 3 5
split_gain=103.584 35.2329 21.1198 31.791 21.9144 17.2972 16.0397 15.4805 12.1987 11.737 11.3907 10.9855 14.8336 17.8671 10.6157 10.488 10.337 9.76182 9.89591 9.54217 9.26072 14.9585 13.4959 9.09123 9.08144 8.78131 8.53338 7.87201 10.791 8.41399
threshold=-1.0000000180025095e-35 0.7820098102092744 -1.6422768235206602 -0.82581213116645802 -0.63574817776679982 -1.9508823752403257 -0.36810369789600367 -0.37479929625988001 -3.3704706430435176 -0.64608892798423756 0.0098310387693345564 0.40721711516380316 0.79163131117820751 0.83935973048210155 0.94641336798667919 -5.5576260089874259 0.19062291830778125 1.7817727923393252 0.16419163346290591 1.302389979362488 0.36146140098571783 1.3723602294921877 1.4371486306190493 2.3654896020889287 -0.21153733134269712 -0.4391931146383285 0.87769624590873729 -0.75692451000213612 -1.7527806162834165 0.65743646025657665
decision_type=2 2 2 2 2 2 2 2 2 2 2 2 2 2 2 2 2 2 2 2 2 2 2 2 2 2 2 2 2 2
left_child=2 5 3 -1 15 6 -2 8 -5 -10 -3 16 -13 -14 25 -4 17 18 19 -7 22 -22 -6 27 -9 -12 -15 -17 -29 -30
right_child=1 10 4 7 20 11 -8 24 9 -11 14 12 13 26 -16 23 -18 -19 -20 -21 21 -23 -24 -25 -26 -27 -28 28 29 -31
leaf_value=-0.0012253936327465457 2.910138158702887e-06 0.00024831601396812624 -0.0029311972489632207 0.0027403712179381637 -0.0010369806826145465 -8.7737080438913292e-05 0.0014871638040247302 0.0024244811413922972 -0.0022653144784795898 0.00033730720575772923 0.003651022320802816 -0.00030207000899160378 -0.0013906126808649879 0.0013278390045676971 0.0004798124035303216 -0.00068727345849524737 0.00031943167272080193 -0.0013499485270470973 0.0026153804344604061 0.0011989189921268071 -0.0043840797370750468 -0.0013989855833633318 0.0019581583984591092 -0.0026711503473192243 0.00046841052404438872 0.0010919030599543839 0.0047641360334041158 0.00079235514306943131 -0.0002858167987982477 -0.0030567832787060118
leaf_weight=26789 36062 178533 4233 3389 200641 439860 36743 17106 6382 13434 3473 435634 6226 17316 121845 134612 276767 14330 3511 14888 5150 22595 3824 4448 9091 90739 2010 24526 154967 2779
leaf_count=26789 36062 178533 4233 3389 200641 439860 36743 17106 6382 13434 3473 435634 6226 17316 121845 134612 276767 14330 3511 14888 5150 22595 3824 4448 9091 90739 2010 24526 154967 2779
internal_value=-7.50466e-05 0.000130674 -0.000619527 0.00016129 -0.000726186 3.62796e-06 0.00075208 0.000913337 -2.71639e-05 -0.000501621 0.000543863 -4.13916e-05 -0.000233387 0.000937244 0.000788057 -0.00046148 7.67721e-05 -6.53428e-05 -2.51439e-05 -4.55878e-05 -0.00109728 -0.00195446 -0.000980871 -0.000428856 0.00174611 0.00118662 0.00168751 -0.000397298 -0.000183118 -0.000334823
internal_weight=2.3119e+06 1.67794e+06 633966 76191 557775 1.28335e+06 72805 49402 23205 19816 394590 1.21054e+06 461186 25552 216057 325565 749356 472589 458259 454748 232210 27745 204465 321332 26197 94212 19326 316884 182272 157746
internal_count=2311903 1677937 633966 76191 557775 1283347 72805 49402 23205 19816 394590 1210542 461186 25552 216057 325565 749356 472589 458259 454748 232210 27745 204465 321332 26197 94212 19326 316884 182272 157746
is_linear=0
shrinkage=0.05


Tree=112
num_leaves=31
num_cat=0
split_feature=2 2 6 6 6 4 3 3 2 1 4 2 3 3 5 5 4 2 3 5 4 3 5 4 1 3 6 5 4 4
split_gain=94.3556 33.4922 39.7777 27.5817 19.511 19.0802 17.3695 13.6931 13.145 12.1791 18.4069 17.0753 14.4865 12.3796 11.5151 10.1207 9.28396 8.97616 8.93644 9.67276 13.4485 12.6927 12.4057 12.3588 18.3215 11.0965 10.3063 10.195 11.0376 10.0822
threshold=0.0070250683929771194 -0.010075215715914963 -1.6132263541221616 1.3682507872581484 -1.8197378516197202 2.2228131294250493 2.4470406770706181 0.16038136929273608 0.045648852363228805 -0.4615527987480163 -1.5550752878189085 -0.78724548220634449 -1.3765466809272764 -2.3377947807312007 -0.21366596221923825 0.5894879698753358 2.7179008722305302 -0.15812592208385465 -2.7096844911575313 -0.26085010170936579 -0.63728535175323475 0.84391817450523388 -0.20137111097574231 -0.48668578267097468 0.40752448141574865 -0.93735888600349415 -1.5104498267173765 0.90860098600387584 1.2870445847511294 1.671678960323334
decision_type=2 2 2 2 2 2 2 2 2 2 2 2 2 2 2 2 2 2 2 2 2 2 2 2 2 2 2 2 2 2
left_child=1 2 9 4 -2 8 15 -5 -6 11 -11 -1 14 -13 -12 17 -9 -4 -3 -20 21 -21 -23 24 25 26 -22 -25 -29 -30
right_child=3 18 6 7 5 -7 -8 16 -10 10 12 13 -14 -15 -16 -17 -18 -19 19 20 23 22 -24 27 -26 -27 -28 28 29 -31
leaf_value=0.00023982889705217891 0.0018214930629731211 -0.0012179964319515241 -0.00064198405247367716 -0.0013318831928201807 0.0017644078185616589 0.0034746130059146469 -0.0032339003914772027 0.00017580025254455042 0.00045273936014014342 0.0017754442722714002 -0.0020946074711165343 0.00068687201710045521 0.00068616598852716038 -0.0018373741615919763 0.00091873990351008013 -0.0021826194418512915 -0.0012524498237839205 -0.0013457935809406086 0.00017829439863171828 -0.0011829352684151675 -0.00024648172813104401 0.0023498318040051924 -0.00059719024362573205 -0.00020963600713222921 0.0028195885687669568 -0.00025146058011644203 0.0042546002626123579 0.0022389189437892624 -0.0012847895862264564 0.00074758238447435665
leaf_weight=55135 33012 17832 401263 19093 20093 5522 7195 164754 383766 23154 10790 6243 29510 21800 4481 12163 12212 51071 254313 55887 2253 5453 10303 627905 8421 25061 2907 8317 8431 22015
leaf_count=55135 33012 17832 401263 19093 20093 5522 7195 164754 383766 23154 10790 6243 29510 21800 4481 12163 12212 51071 254313 55887 2253 5453 10303 627905 8421 25061 2907 8317 8431 22015
internal_value=-8.35215e-05 -0.000280978 -0.000571423 0.000433552 0.000652327 0.000558004 -0.00079759 -6.01056e-05 0.00051804 0.00013455 0.000631192 -0.000271106 3.92918e-05 -0.00127538 -0.00121037 -0.000759783 7.71749e-05 -0.000721476 -0.00010855 -8.93543e-05 -0.000176962 -0.000829613 0.000423589 -0.000110658 0.000758576 0.000183537 0.00229263 -0.000161052 0.000625798 0.000184548
internal_weight=2.31036e+06 1.6719e+06 622805 638452 442393 409381 471692 196059 403859 151113 67935 83178 44781 28043 15271 464497 176966 452334 1.0491e+06 1.03127e+06 776953 71643 15756 705310 38642 30221 5160 666668 38763 30446
internal_count=2310355 1671903 622805 638452 442393 409381 471692 196059 403859 151113 67935 83178 44781 28043 15271 464497 176966 452334 1049098 1031266 776953 71643 15756 705310 38642 30221 5160 666668 38763 30446
is_linear=0
shrinkage=0.05


Tree=113
num_leaves=31
num_cat=0
split_feature=2 6 2 6 5 2 0 4 0 6 0 6 5 4 4 5 6 6 3 3 5 4 4 0 2 5 0 3 6 6
split_gain=97.5043 46.4343 29.2703 30.0162 22.5811 19.5292 17.1049 16.798 15.7985 16.1765 13.6225 12.9029 12.8562 11.187 11.0763 21.7169 17.6079 13.1276 11.7439 15.1145 10.1788 9.91219 9.8135 9.1559 15.5949 9.42095 9.01891 8.87415 15.2826 12.7801
threshold=-1.0000000180025095e-35 -1.8969275355339048 0.0070250683929771194 2.0826662778854375 0.35523119568824774 0.70640912652015697 0.71618840098381054 -1.7341502904891966 0.81572577357292186 -1.8197378516197202 -0.77744808793067921 -3.2605099678039546 -0.20137111097574231 1.4371486306190493 -1.9508823752403257 -0.47192300856113428 -0.81323400139808644 -1.1510350108146665 -2.7096844911575313 -2.5984275341033931 -0.74789261817932118 -1.910553455352783 -1.2293799519538877 -0.38911582529544825 -0.13020373135805127 -0.43126948177814478 0.8089067041873933 -0.033471509814262383 -1.0000000180025095e-35 -0.44777923822402949
decision_type=2 2 2 2 2 2 2 2 2 2 2 2 2 2 2 2 2 2 2 2 2 2 2 2 2 2 2 2 2 2
left_child=1 10 14 5 7 8 13 -3 9 -4 -1 22 -13 -5 15 16 -2 -17 -16 -20 -18 -21 -12 24 -9 -25 -23 -11 29 -29
right_child=2 4 3 6 -6 -7 -8 23 -10 27 11 12 -14 -15 18 17 20 -19 19 21 -22 26 -24 25 -26 -27 -28 28 -30 -31
leaf_value=-0.00024023968076495751 0.00068484507970934688 0.00041690382821179525 0.0021896134121414247 -0.000423703672817744 -0.0016642693800732397 0.00026958153313684963 0.00021208098398112766 -0.00079915892863020421 0.0016076171875287618 7.6782685087039871e-05 0.0044133493013319555 0.00031955211581170172 0.002673672509296079 -0.0020789150210649894 -0.0014700572355263375 0.00094785079888618287 7.1173761168854933e-05 0.0062897710388752567 0.0041642570340208931 -0.002495228776509247 -0.0040854077248104531 -0.00010169205477618565 0.00025019595857457073 0.0022368084997249219 -0.0021596404324245016 -0.00049130101548565256 0.00031288768934260944 0.00097876440120688479 0.0003561230741338428 0.0028453915122246317
leaf_weight=50529 48141 33936 15933 22056 62793 291713 46227 248602 56222 68425 4194 45243 6643 19004 14462 2071 2695 2588 2128 4098 3237 802356 2136 3221 23009 154447 156813 31116 74813 13003
leaf_count=50529 48141 33936 15933 22056 62793 291713 46227 248602 56222 68425 4194 45243 6643 19004 14462 2071 2695 2588 2128 4098 3237 802356 2136 3221 23009 154447 156813 31116 74813 13003
internal_value=-5.22873e-05 -0.000580094 0.00014748 0.000413882 -0.000774536 0.0005503 -0.000447575 -0.000653891 0.000865828 0.00066061 0.000360423 0.000881724 0.000621409 -0.00119011 -1.63024e-05 0.000650582 0.000368012 0.00392232 -5.62813e-05 -3.50873e-05 -0.00220007 -4.44074e-05 0.00301114 -0.000738549 -0.000914485 -0.00043543 -3.39105e-05 0.000530472 0.000791464 0.00152943
internal_weight=2.31185e+06 634753 1.6771e+06 638512 526008 551225 87287 463215 259512 203290 108745 58216 51886 41060 1.03859e+06 58732 54073 4659 979857 965395 5932 963267 6330 429279 271611 157668 959169 187357 118932 44119
internal_count=2311854 634753 1677101 638512 526008 551225 87287 463215 259512 203290 108745 58216 51886 41060 1038589 58732 54073 4659 979857 965395 5932 963267 6330 429279 271611 157668 959169 187357 118932 44119
is_linear=0
shrinkage=0.05


Tree=114
num_leaves=31
num_cat=0
split_feature=0 6 2 4 0 6 1 1 5 1 5 5 1 4 1 5 4 0 0 2 6 4 4 5 1 0 6 4 4 2
split_gain=79.4738 29.0945 28.3054 26.176 23.1448 29.9869 19.8351 17.1325 15.6514 16.62 25.8254 15.2885 15.14 14.7502 13.7554 12.9612 20.4534 13.6031 12.8542 12.5592 12.1594 12.0844 11.2758 18.0868 11.0747 10.6468 10.8554 11.8063 9.55163 9.18544
threshold=-0.25620491802692408 -0.86190342903137196 -1.0000000180025095e-35 0.050600370392203338 0.80235829949378978 2.016121625900269 -0.88273614645004261 0.27275566756725317 0.28025546669960028 0.79163131117820751 0.99949368834495556 -0.26085010170936579 0.24749344587326053 1.4371486306190493 -0.85749730467796315 0.21716888248920443 0.087932068854570403 -0.70412594079971302 -0.5878305435180663 -2.0916725397109981 -1.8197378516197202 1.3070755600929262 1.4846793413162234 0.67777585983276378 -0.56066018342971791 -0.90793725848197926 -2.6435024738311763 -1.7034136056900022 0.6405734419822694 -0.14491461217403409
decision_type=2 2 2 2 2 2 2 2 2 2 2 2 2 2 2 2 2 2 2 2 2 2 2 2 2 2 2 2 2 2
left_child=1 3 11 6 5 20 -1 -4 28 10 13 -3 15 -10 -5 16 17 19 -18 -13 24 29 -11 -24 -2 -8 27 -27 -7 -17
right_child=4 2 7 14 -6 8 25 -9 9 22 -12 12 -14 -15 -16 21 18 -19 -20 -21 -22 -23 23 -25 -26 26 -28 -29 -30 -31
leaf_value=-0.001189070014447487 -0.00026256063742751567 -0.0028912558174818857 -0.0005650103735026276 0.0020123353622182069 0.00049953077691233317 -0.00044535393083569238 -0.0003805875911185527 0.00032753946108753389 -0.0007756865472333328 -0.001081830310897384 0.0033045636924640439 0.001612427319972611 -0.0018003021151659178 -0.0023792625760656523 -0.0021300092151536449 -0.0019534655702260319 -0.00036917721197721491 -0.0021748285243191898 0.0011269985843831559 -0.0010145399538092599 7.2108176406931239e-05 -0.00079650333583244882 0.0056694736231283644 -0.0005350847968568713 0.0011633530099081639 0.0027619180574736469 0.00014556185246418688 0.00046612679227266038 0.0018659327477879351 -0.0050793820734354022
leaf_weight=33147 18843 11130 220788 2205 374122 11689 89927 71063 25079 4015 2695 5425 46285 33523 21235 19667 51676 22648 19866 27944 839444 30385 2307 2379 49060 8430 240483 16658 7225 2666
leaf_count=33147 18843 11130 220788 2205 374122 11689 89927 71063 25079 4015 2695 5425 46285 33523 21235 19667 51676 22648 19866 27944 839444 30385 2307 2379 49060 8430 240483 16658 7225 2666
internal_value=-7.87803e-05 -0.000432423 -0.000677596 -0.000117359 0.000164219 3.82972e-05 -1.94731e-05 -0.000347679 -0.000837957 -0.00118276 -0.00147302 -0.00108266 -0.000993683 -0.00169325 -0.00173965 -0.0007865 -0.000513881 -0.0012293 4.63849e-05 -0.000587103 0.000124171 -0.00144592 0.000861381 0.0025251 0.000767683 8.96117e-05 0.000248838 0.00123835 0.000438059 -0.00232873
internal_weight=2.31201e+06 941628 529543 412085 1.37038e+06 996259 388645 291851 88912 69998 61297 237692 226562 58602 23440 180277 127559 56017 71542 33369 907347 52718 8701 4686 67903 355498 265571 25088 18914 22333
internal_count=2312009 941628 529543 412085 1370381 996259 388645 291851 88912 69998 61297 237692 226562 58602 23440 180277 127559 56017 71542 33369 907347 52718 8701 4686 67903 355498 265571 25088 18914 22333
is_linear=0
shrinkage=0.05


Tree=115
num_leaves=31
num_cat=0
split_feature=2 0 6 6 1 0 3 2 2 2 3 3 5 1 5 1 6 0 5 6 2 0 3 3 1 3 5 6 2 1
split_gain=100.79 37.0071 27.9888 22.3074 19.9378 18.003 16.8935 14.5692 14.8025 13.8621 16.9249 13.3375 12.8321 15.852 12.501 16.2816 12.4641 11.222 10.2932 16.2193 10.5246 10.2424 10.0924 12.661 10.0202 12.0396 9.95136 12.1555 10.4796 9.7813
threshold=-1.0000000180025095e-35 0.7684670388698579 -0.30344393849372858 -1.4018359184265134 -0.79026204347610463 -0.96378996968269337 3.1915391683578496 0.018440100364387039 0.4794899076223374 1.0000000180025095e-35 -2.499112486839294 1.1114068627357485 -0.0069683426991105071 0.20312929898500445 0.32643555104732519 0.74987715482711803 -2.4873330593109126 0.11594688519835473 0.90860098600387584 2.3330913782119755 2.4908485412597661 -0.31960539519786829 -1.0830898284912107 -2.7096844911575313 -0.88273614645004261 -2.3377947807312007 0.28518421947956091 0.3440276980400086 -3.3282825946807857 0.67629542946815502
decision_type=2 2 2 2 2 2 2 2 2 2 2 2 2 2 2 2 2 2 2 2 2 2 2 2 2 2 2 2 2 2
left_child=2 3 5 4 -2 -1 12 -3 -9 -6 17 16 -4 26 21 18 24 -11 19 20 -16 22 23 -5 -7 -26 28 -28 -14 -10
right_child=1 7 6 14 9 11 -8 8 29 10 -12 -13 13 -15 15 -17 -18 -19 -20 -21 -22 -23 -24 -25 25 -27 27 -29 -30 -31
leaf_value=-0.0013123606385091009 -0.00068070562241724555 0.00019111349495973864 -0.0016810651116428807 -0.0030017858219301419 0.00034685828428168621 -0.0022602206497736601 -0.005062688546936373 0.0015813018175168448 0.00082114496585657505 0.0067966302985348146 0.0010535974247007039 0.0019782449382148427 -0.0029172289990832168 -0.0013572331541895589 -0.00057668174488138 0.00080008382996478065 -0.00037881765309442705 0.0016367487637088025 0.00039166448552142462 -0.0018519887686717898 0.0025502197548477957 9.6248343812285341e-05 -0.00037349649864688872 0.0008795917623266058 0.0016799287776765256 -0.00015034998220313947 -0.0044344857646985555 -0.00089499589223306314 -0.00010875596219008797 5.1547580001636115e-06
leaf_weight=41660 33109 188103 51646 2261 116985 2865 2533 46587 123741 2207 52501 6831 3432 83939 154520 23430 261248 2024 23653 26841 2729 536264 259600 28107 18836 17169 2552 45908 94980 52224
leaf_count=41660 33109 188103 51646 2261 116985 2865 2533 46587 123741 2207 52501 6831 3432 83939 154520 23430 261248 2024 23653 26841 2729 536264 259600 28107 18836 17169 2552 45908 94980 52224
internal_value=-0.000100503 0.0001027 -0.000637653 -3.12518e-05 0.000443632 -0.000337168 -0.00100519 0.000515071 0.000788862 0.000657948 0.00129926 -0.000204773 -0.000968626 -0.000809145 -0.000124141 -0.000449148 -0.000254525 0.00433796 -0.000590073 -0.000716227 -0.000522257 -3.32028e-05 -0.000272603 0.000589717 0.000580734 0.00080736 -0.000495836 -0.00108227 -0.000206985 0.000578984
internal_weight=2.30848e+06 1.67489e+06 633599 1.26423e+06 206826 348609 284990 410655 222552 173717 56732 306949 282457 230811 1.0574e+06 231173 300118 4231 207743 184090 157249 826232 289968 30368 38870 36005 146872 48460 98412 175965
internal_count=2308485 1674886 633599 1264231 206826 348609 284990 410655 222552 173717 56732 306949 282457 230811 1057405 231173 300118 4231 207743 184090 157249 826232 289968 30368 38870 36005 146872 48460 98412 175965
is_linear=0
shrinkage=0.05


Tree=116
num_leaves=31
num_cat=0
split_feature=2 2 6 6 0 2 5 5 0 1 2 3 3 5 1 3 2 3 1 5 0 6 6 6 2 6 3 1 5 3
split_gain=68.9074 25.5511 34.1058 23.6134 29.3107 18.3858 18.7214 17.7912 16.0156 15.6411 15.4429 15.4298 13.7989 12.426 17.5231 16.5126 11.8776 10.9929 10.7463 14.9472 10.1714 10.0765 9.53674 15.3438 9.22325 8.73318 9.68263 15.2863 9.30873 9.49026
threshold=1.0000000180025095e-35 -1.0000000180025095e-35 -1.9571436047554014 -1.7696512341499326 0.8089067041873933 -0.10202326998114584 -0.99973702430725087 0.29527062177658087 0.063726279884576811 -0.64352592825889576 0.94641336798667919 2.1026228666305546 -1.0830898284912107 0.50659930706024181 -0.024615407921373841 0.48996289074420935 -0.44880168139934534 -0.12352177873253821 -0.6682533025741576 -0.042463131248950951 -0.65596273541450489 1.9540757536888125 0.89059779047966015 0.55694231390953075 -0.38310852646827692 -2.4873330593109126 -1.8351888656616209 -0.47567054629325861 -0.51879301667213429 -1.4296348690986631
decision_type=2 2 2 2 2 2 2 2 2 2 2 2 2 2 2 2 2 2 2 2 2 2 2 2 2 2 2 2 2 2
left_child=1 2 5 -2 11 6 -1 8 12 -8 -6 13 -4 15 -15 18 -10 22 19 -5 -17 -19 23 -9 -14 28 27 -27 -11 -30
right_child=3 -3 7 4 10 -7 9 17 16 25 -12 -13 24 14 -16 20 -18 21 -20 -21 -22 -23 -24 -25 -26 26 -28 -29 29 -31
leaf_value=-0.0041767474649317621 0.0015741866960452744 -0.00011127042985157686 -0.00018212384518478548 -9.0651419393508132e-05 0.0012819414290982886 -0.0025763990196279851 -0.00023647959969908314 -0.0031777210531836134 0.0007909814276257992 0.0032374211163092221 0.00038511656255155343 -0.00092400585713595411 -0.00068339457847447008 0.0017361786415555401 -0.001519556265767057 -0.0019393095283654447 -0.00051513181549493715 -0.00043452239356351127 -0.00017003709220649087 0.0041613528828790582 0.00067073083141698997 -0.0018698822357193084 -0.0027624098721715333 0.00062025518915214501 -0.0013338262069484219 0.0016583158669711306 0.0010580759430180641 -0.0027519687115420462 0.00046489371989309037 0.0033821579971254575
leaf_weight=2092 36778 1032683 102899 5074 84764 5145 35145 4463 35417 7912 110689 38363 199698 5086 21879 3821 34210 36720 188926 3477 146301 18328 19446 6552 74984 3349 26008 4726 12146 3610
leaf_count=2092 36778 1032683 102899 5074 84764 5145 35145 4463 35417 7912 110689 38363 199698 5086 21879 3821 34210 36720 188926 3477 146301 18328 19446 6552 74984 3349 26008 4726 12146 3610
internal_value=-9.46437e-05 -0.000264581 -0.000514746 0.000344061 0.000269672 0.000331857 0.000489637 -0.000673883 -0.00054751 0.000595161 0.000774097 3.08971e-05 -0.000675997 0.000128721 -0.00090506 0.00020894 0.000149264 -0.00133466 -9.15319e-05 0.00164114 0.000604174 -0.000912672 -0.00209672 -0.000920075 -0.000860995 0.00110122 0.000588566 -0.000923072 0.0018389 0.00113502
internal_weight=2.31069e+06 1.66553e+06 632850 645158 608380 100133 94988 532717 447208 92896 195453 412927 377581 374564 26965 347599 69627 85509 197477 8551 150122 55048 30461 11015 274682 57751 34083 8075 23668 15756
internal_count=2310691 1665533 632850 645158 608380 100133 94988 532717 447208 92896 195453 412927 377581 374564 26965 347599 69627 85509 197477 8551 150122 55048 30461 11015 274682 57751 34083 8075 23668 15756
is_linear=0
shrinkage=0.05


Tree=117
num_leaves=31
num_cat=0
split_feature=2 6 6 0 6 5 3 1 5 5 5 0 5 3 3 6 3 6 6 1 3 6 1 3 3 1 3 5 1 6
split_gain=102.337 30.7777 18.8288 20.5391 23.0596 19.0851 18.2549 16.5672 15.2445 15.1128 13.3408 14.783 12.8478 12.077 11.5707 11.2206 10.9392 18.1704 16.529 31.3547 13.0179 11.3404 11.0565 11.9737 11.04 11.0385 10.8779 10.2511 13.0218 9.82559
threshold=-1.0000000180025095e-35 -1.5696938037872312 -1.5491251945495603 0.90034028887748729 2.0826662778854375 0.16038386523723605 -1.0000000180025095e-35 -0.80098986625671376 0.37419466674327856 0.99949368834495556 -0.99973702430725087 -0.55205258727073658 0.36146140098571783 0.273367390036583 -0.72864365577697743 0.15571148693561557 -0.33260606229305262 1.5331871509552004 0.3440276980400086 -0.56066018342971791 -1.1871163249015806 0.69177043437957775 -0.58283644914627064 -2.1971755027770992 -0.97161996364593495 -0.76997607946395863 1.0000000180025095e-35 0.31549416482448583 0.7597898840904237 0.62490972876548778
decision_type=2 2 2 2 2 2 2 2 2 2 2 2 2 2 2 2 2 2 2 2 2 2 2 2 2 2 2 2 2 2
left_child=1 -1 7 4 6 -6 8 -2 16 27 -9 -12 13 14 -3 -8 17 18 22 20 29 24 -4 -24 -21 -22 -5 -7 -29 -20
right_child=2 12 3 26 5 9 15 10 -10 -11 11 -13 -14 -15 -16 -17 -18 -19 19 21 25 -23 23 -25 -26 -27 -28 28 -30 -31
leaf_value=-4.1354910593583241e-05 -0.00054149546663256193 -0.00056933906458038854 -0.00072408449658229129 -3.2917575535781925e-05 0.0024364331936283807 -0.00014901540129404924 0.0003744627880598448 -0.0014728408346063098 -0.001305502704594178 0.001440212602704493 0.00010243538306366617 0.0012083845707921476 -0.0015210137235708359 -0.00028129083283748302 -0.0011831909773067503 -3.4286867280035715e-06 -0.00058177918354956751 -0.0035047450211617851 0.0033895085729738293 0.0027632112123529094 0.0070555733135942746 -0.00043171353341975099 0.0024853084991330052 9.0231035457048827e-06 0.00022038999241186594 0.0030081696107768061 0.00072555902495422832 -0.0017417853731690758 1.7425906649548125e-05 -0.0012921796397715865
leaf_weight=159635 27582 141941 58493 68540 4439 22017 356184 6239 31670 6348 42628 103776 61034 105241 167266 437969 106564 3579 2031 6795 2352 28151 5088 115038 11457 5994 152323 53227 13109 2477
leaf_count=159635 27582 141941 58493 68540 4439 22017 356184 6239 31670 6348 42628 103776 61034 105241 167266 437969 106564 3579 2031 6795 2352 28151 5088 115038 11457 5994 152323 53227 13109 2477
internal_value=-0.000101672 -0.000642068 0.000103348 4.51027e-05 -3.21237e-05 -0.000764343 2.97239e-05 0.000586103 -0.000255435 -0.000914617 0.000789878 0.000886398 -0.000843742 -0.000743969 -0.000901431 0.000166061 -0.000159843 2.63913e-05 7.96647e-05 0.000803213 0.00298746 0.000197647 -0.000160405 0.000114106 0.00116805 0.00415585 0.000490192 -0.00108395 -0.00139419 0.000819906
internal_weight=2.30919e+06 635117 1.67407e+06 1.49384e+06 1.27298e+06 99140 1.17384e+06 180225 379689 94701 152643 146404 475482 414448 309207 794153 348019 241455 237876 59257 12854 46403 178619 120126 18252 8346 220863 88353 66336 4508
internal_count=2309187 635117 1674070 1493845 1272982 99140 1173842 180225 379689 94701 152643 146404 475482 414448 309207 794153 348019 241455 237876 59257 12854 46403 178619 120126 18252 8346 220863 88353 66336 4508
is_linear=0
shrinkage=0.05


Tree=118
num_leaves=31
num_cat=0
split_feature=2 2 6 6 0 6 0 4 2 1 4 6 4 1 6 0 6 5 6 4 1 0 6 4 2 5 1 4 4 6
split_gain=78.0212 31.2869 30.7638 28.6529 27.5804 18.0515 17.4582 15.3428 15.1798 12.7503 16.7707 26.421 17.5682 14.9803 12.6871 10.7653 10.3082 10.2342 9.33087 17.3122 11.3636 11.1277 14.586 10.7963 9.702 9.48259 9.08625 25.3832 14.1737 11.8189
threshold=-0.006997479358687996 1.0000000180025095e-35 -0.97286108136177052 2.1180415153503422 -0.77744808793067921 -1.590422451496124 0.57519096136093151 2.7179008722305302 -0.73857641220092762 -0.60501343011856068 -1.5550752878189085 -2.8608354330062862 -2.4324173927307124 -0.38110658526420588 -2.2539628744125362 -0.98496145009994496 -2.8608354330062862 -0.99973702430725087 0.097738213837146773 -0.051764616742730134 0.47667472064495092 -0.13065486401319501 2.1546887159347539 1.8657027482986452 -0.4354859441518783 0.38636280596256262 0.77017816901206981 1.4846793413162234 1.4604421854019167 2.9265778064727788
decision_type=2 2 2 2 2 2 2 2 2 2 2 2 2 2 2 2 2 2 2 2 2 2 2 2 2 2 2 2 2 2
left_child=2 -2 4 5 17 16 -7 26 -4 -6 11 -11 -13 -14 -15 -10 -3 -1 -17 -20 21 23 24 25 -23 -21 28 29 -5 -28
right_child=1 3 8 7 9 6 -8 -9 15 10 -12 12 13 14 -16 18 -18 -19 19 20 -22 22 -24 -25 -26 -27 27 -29 -30 -31
leaf_value=-0.00407978526202004 -5.9692841677043637e-05 0.004268568626361607 -0.00051708813376260632 3.2472891497999009e-05 -0.00069044464996008631 0.00011857031868357914 0.00070494447544567848 -0.0028548110016770271 -0.0036463564001367093 0.0055884856826223248 0.00015245752994976652 -0.00099155657220268084 -0.00025591884311703712 0.0058957985346064492 0.0019226547436846141 -0.00061822645804531363 0.0012329227505510822 -0.00064900671384987758 -0.0029525959421551678 -0.0012958281950432638 -0.0023401752583446377 -0.0011315791879012553 -0.0038221838377153934 0.00058290930004245502 0.00088025705990177935 -0.00332328643239158 -0.002198193745213579 0.0029075082693506222 -0.0015550996113059877 0.0012554603337929249
leaf_weight=2209 1038646 2962 188207 36057 25229 244426 264085 6280 4230 3456 83281 8303 7259 2301 15601 65076 47988 107642 14977 40969 16240 8922 2424 6546 18201 6710 6539 7537 23034 3976
leaf_count=2209 1038646 2962 188207 36057 25229 244426 264085 6280 4230 3456 83281 8303 7259 2301 15601 65076 47988 107642 14977 40969 16240 8922 2424 6546 18201 6710 6539 7537 23034 3976
internal_value=-6.75899e-05 0.000109988 -0.00054323 0.000384121 -0.000120417 0.000513019 0.0004231 -0.000480266 -0.000832978 0.000331261 0.000545746 0.00143261 0.00100187 0.00165983 0.00243634 -0.00115553 0.0014102 -0.000718362 -0.00109682 -0.00136759 -0.00112996 -0.000895094 -0.000114359 -0.00132041 0.000218299 -0.0015818 -0.000286616 0.000694899 -0.00058653 -0.000892324
internal_weight=2.30931e+06 1.68153e+06 627783 642884 255281 559461 508511 83423 372502 145430 120201 36920 33464 25161 17902 184295 50950 109851 180065 114989 100012 83772 29547 54225 27123 47679 77143 18052 59091 10515
internal_count=2309313 1681530 627783 642884 255281 559461 508511 83423 372502 145430 120201 36920 33464 25161 17902 184295 50950 109851 180065 114989 100012 83772 29547 54225 27123 47679 77143 18052 59091 10515
is_linear=0
shrinkage=0.05


Tree=119
num_leaves=31
num_cat=0
split_feature=2 6 0 6 4 6 2 4 1 4 0 1 3 3 1 3 6 4 4 1 6 4 4 6 6 1 6 0 4 3
split_gain=81.6398 36.7889 24.927 31.2286 20.2492 19.367 19.2287 19.1132 27.7698 25.8319 15.9792 15.7431 15.3648 12.5852 12.2593 11.926 11.2608 10.9444 10.6189 14.2143 19.6783 9.9264 9.92221 9.72176 9.24185 9.23646 9.17149 9.16975 8.90212 8.59786
threshold=0.0070250683929771194 1.2662737965583803 -0.65596273541450489 -1.418711185455322 1.7014688253402712 -1.7459506392478941 -0.010075215715914963 -1.5550752878189085 -0.36810369789600367 -2.4324173927307124 0.80235829949378978 -0.11697128787636756 0.024885206483304504 -2.7096844911575313 0.9378032684326173 0.47806897759437567 1.5331871509552004 -2.9577482938766475 1.091268837451935 0.72110730409622203 2.2368354797363286 -0.13815674185752866 -0.75209787487983693 0.37972272932529455 1.7664363980293276 -0.56851094961166371 -1.7001762390136717 0.72400450706481945 1.4371486306190493 -1.2757883071899412
decision_type=2 2 2 2 2 2 2 2 2 2 2 2 2 2 2 2 2 2 2 2 2 2 2 2 2 2 2 2 2 2
left_child=2 4 17 7 5 -2 16 8 13 -10 18 -6 -13 25 -8 -7 -5 -1 24 20 -20 -12 29 -17 -3 -4 -11 -21 -22 -9
right_child=1 10 3 6 11 15 14 22 9 26 21 12 -14 -15 -16 23 -18 -19 19 27 28 -23 -24 -25 -26 -27 -28 -29 -30 -31
leaf_value=0.0013401824307115 0.0017045706622761559 -0.00063794536621713312 0.0006927768750001654 -0.00044623578810319025 0.005533802229663539 0.00027394378026185552 -0.00011427047019005803 -0.0010241520682442156 -0.00021471757127583372 0.0040824817986214691 -0.0028991855634371119 -0.0019753717065457707 0.0027842469168122587 -0.00033656814427491426 0.0015979560362651625 0.0011397102900332866 -0.0013355082310034367 -0.00055072510963553856 -0.00048818788195077387 0.0025246295246582943 -0.00070353991900668292 0.00050319553091439536 0.00068389974082526677 0.0003361798912422061 0.00064240817221842932 0.0046612368027924263 0.0019191544417223887 -0.0012976071240392876 -0.002970189101617538 0.0001556322052427495
leaf_weight=7754 37923 26537 3913 212873 3470 213753 689518 23670 7167 12969 2191 2274 6588 23801 10605 101974 42744 535667 42880 4710 6011 82566 47999 59683 30036 2339 7919 2343 15566 44388
leaf_count=7754 37923 26537 3913 212873 3470 213753 689518 23670 7167 12969 2191 2274 6588 23801 10605 101974 42744 535667 42880 4710 6011 82566 47999 59683 30036 2339 7919 2343 15566 44388
internal_value=-6.19104e-05 0.000419092 -0.000245452 -0.000111617 0.00068746 0.000627852 -0.000223829 0.000504129 0.00124429 0.00237529 -0.000117632 0.00268322 0.00156207 0.000188038 -8.83123e-05 0.000519042 -0.000594985 -0.00052372 -0.00047004 -0.000874931 -0.00110813 0.000414911 0.000133468 0.00084309 4.18193e-05 0.00218253 0.00326364 0.00125485 -0.00233936 -0.000254777
internal_weight=2.31183e+06 638505 1.67333e+06 1.1299e+06 425665 413333 955740 174165 58108 28055 212840 12332 8862 30053 700123 375410 255617 543421 128083 71510 64457 84757 116057 161657 56573 6252 20888 7053 21577 68058
internal_count=2311831 638505 1673326 1129905 425665 413333 955740 174165 58108 28055 212840 12332 8862 30053 700123 375410 255617 543421 128083 71510 64457 84757 116057 161657 56573 6252 20888 7053 21577 68058
is_linear=0
shrinkage=0.05


Tree=120
num_leaves=31
num_cat=0
split_feature=2 6 2 5 0 5 6 1 5 3 3 1 5 1 6 0 1 1 6 6 1 0 6 5 6 3 2 2 6 1
split_gain=81.8011 26.3477 26.1859 30.0959 23.2387 20.9031 21.109 24.2677 16.2683 15.3996 19.7593 16.5712 13.9515 13.3056 12.4162 11.3895 11.6254 9.94792 9.40699 10.2363 9.19042 9.15648 11.9355 14.3651 13.662 12.8239 12.5556 10.7251 8.74647 9.32963
threshold=1.0000000180025095e-35 1.3682507872581484 -0.010075215715914963 0.21297099441289905 0.88967278599739086 -0.99973702430725087 -1.9870092272758482 -0.84513339400291432 -0.35274802148342127 -1.0000000180025095e-35 -0.47073110938072199 -0.33621399104595179 0.6377544403076173 0.73075586557388317 1.2662737965583803 0.074351333081722273 0.67629542946815502 -0.87017327547073353 -1.3137767314910886 -2.2539628744125362 0.22828765213489535 0.23221366107463839 -1.590422451496124 0.028146868571639064 0.45053412020206457 1.0699936151504519 0.31724874675273901 0.70640912652015697 2.1946814060211186 0.48417353630065924
decision_type=2 2 2 2 2 2 2 2 2 2 2 2 2 2 2 2 2 2 2 2 2 2 2 2 2 2 2 2 2 2
left_child=2 8 3 5 -3 -1 7 -7 -2 10 11 17 -12 28 -13 -8 -17 -4 19 -11 -9 22 -10 24 26 -25 -24 -23 -5 -30
right_child=1 4 9 13 -6 6 15 20 21 18 12 14 -14 -15 -16 16 -18 -19 -20 -21 -22 27 23 25 -26 -27 -28 -29 29 -31
leaf_value=-0.0044632510701057932 0.0013547856781979384 -0.00042456346101547209 -0.00073498141789460629 -0.0011636583649250818 0.00078511826545857939 -0.0017039878172618755 -0.00059124259248757144 0.00075066943056673551 0.0016820086714295431 -0.0027315514448075537 -0.00079279521791919636 -0.00051341269062030691 -0.004311186049601623 0.001988803408666777 -0.0029255556311286188 0.00030675032000752173 -0.0031442386138928581 0.00035139794802206643 -2.4026296697175519e-05 0.00079807708054274284 -0.0026055105625900398 0.0010198676445646716 0.00081805601002362673 0.00023778825354660982 -0.0027209274494225961 0.0024787458409742703 -0.00083977956515517605 0.00038008214915803267 -0.0036525723598206817 -0.00086853334395364063
leaf_weight=3061 62985 141264 24841 105892 55210 12461 346695 79368 10985 2128 125306 78258 2873 3125 5716 56781 2540 138581 612836 52567 2084 112574 16954 38241 6544 7654 34944 156693 7641 4973
leaf_count=3061 62985 141264 24841 105892 55210 12461 346695 79368 10985 2128 125306 78258 2873 3125 5716 56781 2540 138581 612836 52567 2084 112574 16954 38241 6544 7654 34944 156693 7641 4973
internal_value=-8.05389e-05 0.000398066 -0.000265369 -0.0005214 -8.46153e-05 -0.000350716 -0.000325447 0.000350077 0.000609948 -0.000112052 -0.00036817 -0.000107111 -0.000871986 -0.00122716 -0.000677933 -0.000481703 0.000158481 0.000186228 3.2052e-05 0.000660277 0.00066449 0.000487932 0.000115123 -4.99906e-05 -0.000569854 0.000611976 -0.000298146 0.000647589 -0.00131212 -0.00255654
internal_weight=2.31178e+06 644048 1.66773e+06 624621 196474 502990 499929 93913 447574 1.04311e+06 375575 247396 128179 121631 83974 406016 59321 163422 667531 54695 81452 384589 115322 104337 58442 45895 51898 269267 118506 12614
internal_count=2311775 644048 1667727 624621 196474 502990 499929 93913 447574 1043106 375575 247396 128179 121631 83974 406016 59321 163422 667531 54695 81452 384589 115322 104337 58442 45895 51898 269267 118506 12614
is_linear=0
shrinkage=0.05


Tree=121
num_leaves=31
num_cat=0
split_feature=2 6 2 6 0 0 6 0 5 5 0 1 4 2 2 6 5 5 2 6 4 1 5 2 5 2 6 1 6 1
split_gain=65.2704 27.2678 25.0081 26.1311 17.9253 14.497 13.8964 14.6602 11.3779 11.2258 10.0838 9.74105 17.6408 11.0799 9.42494 16.8598 12.0444 9.20106 12.8146 8.92644 13.1226 13.9658 9.45683 18.4929 8.43907 8.33426 8.28111 8.88524 8.15879 8.11968
threshold=-0.010075215715914963 -1.590422451496124 0.0098310387693345564 -1.7001762390136717 0.38520379364490515 -0.9940187633037566 2.0826662778854375 0.91157153248786937 0.90860098600387584 -0.46330049633979792 -0.78457430005073536 -0.74046763777732838 -1.6422768235206602 -0.62286677956581105 -1.2666258811950681 -0.41312693059444422 -0.013924411032348869 -0.11327828466892241 -2.8441565036773677 2.1546887159347539 1.4371486306190493 0.46242891252040869 0.13048632442951205 0.49137355387210851 0.65743646025657665 1.0192539691925051 -0.73115134239196766 -0.78019511699676503 -1.418711185455322 -0.16007564961910245
decision_type=2 2 2 2 2 2 2 2 2 2 2 2 2 2 2 2 2 2 2 2 2 2 2 2 2 2 2 2 2 2
left_child=1 5 -2 -4 9 -1 8 -8 25 28 14 13 -13 -7 17 26 -17 -3 -19 22 -21 -22 23 -11 -12 -6 27 -16 -5 -28
right_child=2 10 3 4 6 11 7 -9 -10 19 24 12 -14 -15 15 16 -18 18 -20 20 21 -23 -24 -25 -26 -27 29 -29 -30 -31
leaf_value=-0.0025760262825782303 -3.4735589687134014e-05 -0.0014355261144157606 0.0015783261033118616 -0.00020381853899402241 0.00081715970826679203 -4.8626037619283358e-05 -0.00070175549205110882 0.00084327326445751943 0.0042758104264352219 0.00038689538989814838 -0.00048232704717902268 0.0012937182082911826 -2.4893466068297098e-05 -0.0021770099129730337 0.00079326245439506322 -0.0034550651519128549 -0.0015540955971612854 -0.0017433740343868527 0.00041184769465324521 7.0182384702891355e-06 -0.0044209210408401112 -8.3341696654088462e-05 0.00040748674581835551 -0.00091673267581735972 -0.0022743183404613687 0.00030709279973022954 -0.00026532240716452108 -0.0013792016337375694 0.0031640416728213358 0.0030041477079248116
leaf_weight=4923 1054432 18719 41308 3027 176622 23910 45002 23292 2093 47802 316731 36972 80741 8206 5749 10886 35607 8959 29845 9232 4870 2995 64218 63111 6700 146550 6147 25806 4416 2737
leaf_count=4923 1054432 18719 41308 3027 176622 23910 45002 23292 2093 47802 316731 36972 80741 8206 5749 10886 35607 8959 29845 9232 4870 2995 64218 63111 6700 146550 6147 25806 4416 2737
internal_value=-4.68001e-05 -0.000484382 0.000114516 0.00036253 0.000277846 9.09599e-05 0.000473611 -0.00017477 0.000609749 -0.000108019 -0.000674673 0.000178756 0.000389339 -0.00059296 -0.001022 -0.00135052 -0.00199984 -0.000525378 -8.60671e-05 -0.000181829 -0.00127197 -0.00277137 -7.53381e-05 -0.000354902 -0.000519518 0.000585874 -0.00060368 -0.000983275 0.00179593 0.000744188
internal_weight=2.31161e+06 622638 1.68897e+06 634538 593230 154752 393559 68294 325265 199671 467886 149829 117713 32116 144455 86932 46493 57523 38804 192228 17097 7865 175131 110913 323431 323172 40439 31555 7443 8884
internal_count=2311608 622638 1688970 634538 593230 154752 393559 68294 325265 199671 467886 149829 117713 32116 144455 86932 46493 57523 38804 192228 17097 7865 175131 110913 323431 323172 40439 31555 7443 8884
is_linear=0
shrinkage=0.05


Tree=122
num_leaves=31
num_cat=0
split_feature=2 6 0 6 5 2 3 2 2 4 4 3 2 5 0 0 6 4 4 5 6 5 2 3 4 0 5 6 3 2
split_gain=74.4129 30.9568 28.5648 18.4406 17.0184 15.4727 19.9387 14.2734 13.7225 16.6997 13.1502 15.4195 12.5141 12.037 11.5277 10.7666 9.30326 9.03638 8.72828 23.8145 12.0618 7.94316 8.86273 11.4965 8.75229 8.83073 12.9033 11.4091 9.28784 12.7421
threshold=-1.0000000180025095e-35 -1.9255799651145933 0.87872576713562023 2.0826662778854375 0.99949368834495556 1.0000000180025095e-35 -1.6090943813323972 0.0070250683929771194 -0.50104299187660206 -1.0666817426681516 2.6066048145294194 1.0000000180025095e-35 -3.8203238248825069 -0.99973702430725087 -0.63073089718818653 -0.69602262973785389 0.32453227043151861 0.7596590816974641 -1.5312801003456114 -0.27910247445106501 -2.4182486534118648 -0.38348193466663355 1.038627088069916 0.7343641221523286 -1.4354330301284788 0.2852166891098023 -0.15462903678417203 -1.4733486771583555 0.22374053299427035 0.82917556166648876
decision_type=2 2 2 2 2 2 2 2 2 2 2 2 2 2 2 2 2 2 2 2 2 2 2 2 2 2 2 2 2 2
left_child=1 13 3 5 10 -2 16 -4 12 -10 11 -5 17 -1 -15 -11 -7 -3 20 -20 -16 22 -8 -24 -23 -26 28 -28 -27 -30
right_child=2 8 7 4 -6 6 21 -9 9 15 -12 -13 -14 14 18 -17 -18 -19 19 -21 -22 24 23 -25 25 26 27 -29 29 -31
leaf_value=-0.0033777820342397939 -5.2019048361917198e-05 -0.0013741038910042381 0.00018084506967955169 -0.0042515061633561606 0.0019347677729295576 0.002091686908659175 0.0014459449060147747 0.00092118573818030436 7.1618653805213972e-06 -0.0019035226572537908 -0.0029481261939663236 -0.00052095277992211093 -0.00044231413804392164 -9.0267363446239218e-05 0.0032505661333666379 -0.0009790909419481787 -0.001473241255395623 -0.0048844929834878526 -0.00092657637798402811 0.0022625348242294408 0.00053248467811340273 -0.0012203169697188178 -0.0009327305554012223 0.0029537457123303872 -9.9191673571437226e-05 0.00047823122478914701 -0.0034085949656033395 0.00026871129079513042 0.0034498847199298877 0.00085969148639813595
leaf_weight=2219 880573 7285 118419 2860 5953 20230 25864 144607 32272 44125 6729 79651 332232 62367 8122 110207 2005 2446 14182 9954 8204 11070 9900 2345 144275 20494 2124 182336 8523 10725
leaf_count=2219 880573 7285 118419 2860 5953 20230 25864 144607 32272 44125 6729 79651 332232 62367 8122 110207 2005 2446 14182 9954 8204 11070 9900 2345 144275 20494 2124 182336 8523 10725
internal_value=-6.48589e-05 -0.000526537 0.000109403 2.04971e-05 -0.000651574 6.89517e-05 0.000311107 0.000587891 -0.00068234 -0.00102722 -0.000824301 -0.000650761 -0.00049412 0.000257398 0.000336164 -0.0012435 0.00176971 -0.00226059 0.000993313 0.000389047 0.00188586 0.000233414 0.000921459 -0.000186641 0.000164307 0.000205937 0.000402284 0.000226186 0.00121937 0.00200782
internal_weight=2.3123e+06 633615 1.67868e+06 1.41566e+06 95193 1.32046e+06 439891 263026 528567 186604 89240 82511 341963 105048 102829 154332 22235 9731 40462 24136 16326 417656 38109 12245 379547 368477 224202 184460 39742 19248
internal_count=2312298 633615 1678683 1415657 95193 1320464 439891 263026 528567 186604 89240 82511 341963 105048 102829 154332 22235 9731 40462 24136 16326 417656 38109 12245 379547 368477 224202 184460 39742 19248
is_linear=0
shrinkage=0.05


Tree=123
num_leaves=31
num_cat=0
split_feature=2 4 2 5 0 2 0 1 5 5 1 3 1 2 0 3 3 5 0 3 4 1 4 1 3 3 1 3 1 4
split_gain=72.4017 25.1435 24.7998 30.5793 20.8292 20.038 16.8333 14.9384 14.6375 19.7652 13.6774 15.3564 12.8852 12.7613 12.3926 10.8198 17.0508 10.5875 10.2733 9.29616 9.12275 14.7148 12.676 8.298 8.21098 7.88148 13.141 7.65427 15.6373 11.9954
threshold=-1.0000000180025095e-35 -1.5550752878189085 0.0070250683929771194 -0.33028003573417658 -0.90793725848197926 -0.78724548220634449 0.80235829949378978 0.19074089080095294 0.90860098600387584 0.6038881540298463 -0.85749730467796315 -2.263400554656982 -0.049145959317684167 0.87769624590873729 0.83528757095336925 -1.0000000180025095e-35 -0.33260606229305262 0.56190520524978649 -0.69602262973785389 1.3753517270088198 -2.1527827978134151 -0.28000442683696741 -2.3515261411666866 0.0059933823067694911 2.3654896020889287 0.58118334412574779 0.49823884665966039 2.6332570314407353 0.43397301435470587 1.0000000180025095e-35
decision_type=2 2 2 2 2 2 2 2 2 2 2 2 2 2 2 2 2 2 2 2 2 2 2 2 2 2 2 2 2 2
left_child=1 4 15 -4 -1 7 8 19 9 27 -6 -12 -11 -8 18 16 -2 24 23 -3 21 22 -17 -7 -9 26 -15 28 -5 -30
right_child=2 5 3 6 10 14 13 17 -10 12 11 -13 -14 25 -16 20 -18 -19 -20 -21 -22 -23 -24 -25 -26 -27 -28 -29 29 -31
leaf_value=-0.0011395602225081176 -8.1692313027435966e-05 -0.00019879066141912204 0.0013204084654731027 -3.7985526201120799e-05 -0.0030254725542918151 -0.0011817303164857291 0.0011011941678693426 -0.0007327097746126015 0.0037290066531947778 0.0021660009932000846 0.0024005630624883423 0.00044559636100807232 -0.0020293020121345067 7.0010833633090064e-05 0.0021063778005916706 -0.001873335807709085 -0.00086725216380292868 -0.0032921010495244735 -0.00078532852290799388 0.0025468272470626028 2.9963328782569439e-05 0.0022595792115841463 0.0024949479759637785 -0.0023475580015013399 -0.0038977417714404754 0.00051973013081504395 -0.0025989228311008843 -0.001042091071482713 0.0018268149612240313 0.0003713510140961894
leaf_weight=20309 281966 209521 70352 276075 2375 68159 76090 55160 2636 2044 12509 50867 16909 25302 3243 5450 91480 4805 183100 3119 647402 11594 2377 19682 2119 82223 5630 14555 20336 46557
leaf_count=20309 281966 209521 70352 276075 2375 68159 76090 55160 2636 2044 12509 50867 16909 25302 3243 5450 91480 4805 183100 3119 647402 11594 2377 19682 2119 82223 5630 14555 20336 46557
internal_value=-8.00945e-05 -0.000534884 9.19031e-05 0.000337141 0.000259705 -0.000659465 0.00021541 -0.000357645 2.31534e-05 -2.89255e-06 0.000692014 0.000831781 -0.00157595 0.000600534 -0.000961855 -5.86712e-05 -0.000274143 -0.00103993 -0.000998657 -0.0001584 6.20032e-05 0.00112949 -0.000545231 -0.00144319 -0.000850458 0.000263802 -0.00041645 8.05402e-05 0.000128212 0.00081403
internal_weight=2.31395e+06 634968 1.67898e+06 638709 86060 548908 568357 274724 379112 376476 65751 63376 18953 189245 274184 1.04027e+06 373446 62084 270941 212640 666823 19421 7827 87841 57279 113155 30932 357523 342968 66893
internal_count=2313946 634968 1678978 638709 86060 548908 568357 274724 379112 376476 65751 63376 18953 189245 274184 1040269 373446 62084 270941 212640 666823 19421 7827 87841 57279 113155 30932 357523 342968 66893
is_linear=0
shrinkage=0.05


Tree=124
num_leaves=31
num_cat=0
split_feature=2 5 2 2 5 0 4 3 2 0 5 1 0 4 5 1 5 4 3 3 0 4 5 0 1 4 4 5 5 4
split_gain=63.8532 38.2766 29.0816 23.4118 19.9098 16.2299 16.0131 14.5324 14.4771 15.095 14.4943 13.6566 12.7083 12.077 19.7519 17.0417 15.051 11.2874 15.3129 10.3343 10.2518 9.92955 12.4419 9.60804 8.50386 14.5365 8.9243 8.18071 8.15026 14.5135
threshold=-0.01383773237466812 -0.17015884071588513 0.0070250683929771194 -0.15812592208385465 0.6377544403076173 -0.95958745479583729 -1.7034136056900022 -1.2757883071899412 0.37988880276679998 0.8089067041873933 0.24785503745079043 -0.84513339400291432 -0.38911582529544825 0.40721711516380316 0.19210308790206912 0.9378032684326173 0.90860098600387584 0.34231491386890417 0.015280820429325105 -3.3704706430435176 -0.95113149285316456 0.46013107895851141 0.19628720730543139 0.97436577081680309 -0.19687207788228986 -0.87054669857025135 -0.95099541544914235 -0.30355900526046747 0.29527062177658087 0.13782754540443423
decision_type=2 2 2 2 2 2 2 2 2 2 2 2 2 2 2 2 2 2 2 2 2 2 2 2 2 2 2 2 2 2
left_child=1 5 13 4 28 -1 11 24 9 10 27 -7 -5 14 17 16 21 20 -19 -13 -2 22 -15 -10 26 -26 -4 -9 29 -3
right_child=2 3 7 12 -6 6 -8 8 23 -11 -12 19 -14 15 -16 -17 -18 18 -20 -21 -22 -23 -24 -25 25 -27 -28 -29 -30 -31
leaf_value=-0.0010371902550188568 -0.0006769903310603003 -0.0008979649679684567 0.0026573560850771442 -0.0029936860172827089 -0.0030914909569236437 -0.0019635867743602884 -0.00012255039817846166 0.0018411165368457162 9.229897752034336e-05 0.001671951545076322 -0.00046419562810634611 0.003415190488929637 -0.001155464658497519 -0.0022890080435446019 0.0032111835741654819 0.0020631636707772174 0.00062768887108266601 0.0024728238447207177 -0.00061109769978233701 0.00085470119155921275 6.2183891807776875e-05 -0.00038062534581499084 0.0013367327137406206 0.00095185331759136684 -0.0028474005382996348 0.0013579547062941815 0.00092216470992684577 0.00056466400213051006 -0.0011249230331883792 -0.00015595708255063885
leaf_weight=33077 50913 122643 13447 17276 8361 4018 148624 15432 417722 33004 31017 4261 20662 13358 4929 7529 36463 10620 6473 51229 594947 324670 2868 35245 3059 6209 16528 67179 64778 142439
leaf_count=33077 50913 122643 13447 17276 8361 4018 148624 15432 417722 33004 31017 4261 20662 13358 4929 7529 36463 10620 6473 51229 594947 324670 2868 35245 3059 6209 16528 67179 64778 142439
internal_value=-6.49608e-05 -0.000500197 9.38844e-05 -0.000815455 -0.000683303 -8.54694e-06 0.00015497 0.000360015 0.000298993 0.000730793 0.000457304 0.000847995 -0.00199311 -6.76106e-05 6.09481e-05 -0.00029069 -0.000337707 3.74783e-05 0.00130529 0.0010519 3.90537e-06 -0.000440983 -0.00164772 0.0001592 0.00129206 -3.16396e-05 0.00170121 0.000803303 -0.000622171 -0.000499276
internal_weight=2.30898e+06 617368 1.69161e+06 376159 338221 241209 208132 638842 599599 146632 113628 59508 37938 1.05277e+06 667882 384888 377359 662953 17093 55490 645860 340896 16226 452967 39243 9268 29975 82611 329860 265082
internal_count=2308980 617368 1691612 376159 338221 241209 208132 638842 599599 146632 113628 59508 37938 1052770 667882 384888 377359 662953 17093 55490 645860 340896 16226 452967 39243 9268 29975 82611 329860 265082
is_linear=0
shrinkage=0.05


Tree=125
num_leaves=31
num_cat=0
split_feature=0 0 6 1 4 3 6 4 5 3 3 1 1 4 4 3 1 4 5 3 6 6 5 1 3 1 5 0 6 4
split_gain=55.3209 27.802 33.4127 21.2263 14.722 17.9849 11.8933 22.5479 16.7324 16.0963 15.2204 11.5236 11.2674 20.1593 11.1414 12.0183 11.1042 10.8891 10.6081 10.0269 9.66899 18.4017 10.2355 10.2268 9.64556 12.5556 9.59167 9.39147 9.26213 9.1354
threshold=0.62759569287300121 -0.66427284479141224 -1.7696512341499326 -0.83402714133262623 -1.4573532342910764 -3.1546760797500606 -0.077929638326168046 -0.06441097334027289 0.11203003302216531 -0.1487692445516586 -0.3081864714622497 0.35556322336196905 0.71194866299629223 1.349574148654938 -1.6422768235206602 -1.7527806162834165 -0.38736727833747858 -1.4828208088874815 0.086516134440898909 -1.0000000180025095e-35 0.67538490891456615 1.3682507872581484 -0.063806403428316102 0.26029127836227423 3.4239044189453129 0.49823884665966039 -0.47192300856113428 0.94133356213569652 -0.93917253613471974 -2.4324173927307124
decision_type=2 2 2 2 2 2 2 2 2 2 2 2 2 2 2 2 2 2 2 2 2 2 2 2 2 2 2 2 2 2
left_child=1 18 3 -3 5 -5 9 11 -9 10 14 20 24 -14 15 -4 -7 -16 -1 -20 22 -22 -8 -24 -10 -26 -6 -2 -17 -18
right_child=27 2 6 4 26 16 7 8 12 -11 -12 -13 13 -15 17 28 29 -19 19 -21 21 -23 23 -25 25 -27 -28 -29 -30 -31
leaf_value=-0.0003649934433755009 0.00024327666093443254 -0.0018982762270734529 -0.0026623966317510682 0.004229597254304952 -0.0013216185006704689 0.00040038523299459672 -0.0015401640275640805 0.00044554090920518848 -0.00034642003853577842 0.00030790894793074423 -0.0013787612593806546 -0.00022125118226826689 -0.00048203602499047587 0.0019836123768440504 -0.0022990096574468152 0.0015368660138208509 3.0396613736810652e-05 -0.00019036232044552224 -0.0013208290813364332 -0.000468041453503853 -0.0030786765226963925 0.0019101829343503209 0.00058212472887778967 -0.0031683660646774471 -0.0050785663163063341 -0.00037088697259163089 0.00061925424016607286 0.0006963800536440905 -0.0018267667536389668 0.0025830260846582123
leaf_weight=410567 423430 7248 2198 5577 7116 21082 31435 91623 379019 252254 27685 31038 19346 14492 6381 20503 4472 145780 65391 72915 14378 2114 12806 2108 2485 3280 59685 156678 2265 16204
leaf_count=410567 423430 7248 2198 5577 7116 21082 31435 91623 379019 252254 27685 31038 19346 14492 6381 20503 4472 145780 65391 72915 14378 2114 12806 2108 2485 3280 59685 156678 2265 16204
internal_value=-5.69173e-05 -0.000198501 -6.20015e-05 0.000723792 0.000890453 0.00156496 -0.00015189 -0.000297485 -0.00016645 4.05511e-05 -0.000288736 -0.00100958 -0.000300403 0.000574216 -0.000118296 0.000860477 0.00120816 -0.000278935 -0.000492588 -0.000871305 -0.00139885 -0.00243842 -0.00102851 5.02487e-05 -0.00037733 -0.00240541 0.000412335 0.000365663 0.00120159 0.0020312
internal_weight=2.31156e+06 1.73145e+06 1.18257e+06 121384 114136 47335 1.06119e+06 604124 510245 457066 204812 93879 418622 33838 177127 24966 41758 152161 548873 138306 62841 16492 46349 14914 384784 5765 66801 580108 22768 20676
internal_count=2311555 1731447 1182574 121384 114136 47335 1061190 604124 510245 457066 204812 93879 418622 33838 177127 24966 41758 152161 548873 138306 62841 16492 46349 14914 384784 5765 66801 580108 22768 20676
is_linear=0
shrinkage=0.05


Tree=126
num_leaves=31
num_cat=0
split_feature=2 6 5 2 6 0 0 6 1 5 3 1 0 0 2 2 2 3 6 1 5 0 0 6 2 1 3 3 3 5
split_gain=53.6167 38.3142 17.7606 17.0689 20.1887 18.0359 16.3956 12.8067 12.6594 15.1987 14.9745 19.0334 12.472 12.1843 12.0833 11.0639 10.0007 8.99177 8.84507 10.5573 9.56591 10.181 11.504 8.74643 8.42886 8.37579 8.35539 7.93795 7.8589 7.83689
threshold=-1.0000000180025095e-35 -1.2152100205421446 0.65743646025657665 0.0070250683929771194 2.1180415153503422 0.67591130733490001 -0.95958745479583729 -1.8197378516197202 -0.84513339400291432 -0.43126948177814478 0.03666955046355725 0.079333782196044936 -0.021987888962030407 0.91684702038764965 -2.033179402351379 1.119306266307831 -0.46169391274452204 -1.8789469003677366 -2.7449070215225215 -0.39374750852584833 -0.62716862559318531 -0.69602262973785389 -0.83237543702125538 -1.9870092272758482 1.2291060090065005 0.30421455204486852 2.1026228666305546 -4.2121388912200919 -1.6090943813323972 0.45930211246013647
decision_type=2 2 2 2 2 2 2 2 2 2 2 2 2 2 2 2 2 2 2 2 2 2 2 2 2 2 2 2 2 2
left_child=1 6 12 27 7 29 -1 -5 14 18 11 23 16 -9 -8 -15 -3 -14 -10 20 -20 22 -22 28 -17 -12 -7 -2 -11 -6
right_child=3 2 -4 4 5 26 8 13 9 10 25 -13 17 15 -16 24 -18 -19 19 -21 21 -23 -24 -25 -26 -27 -28 -29 -30 -31
leaf_value=-0.00099976856735287177 -0.0030165422309564836 -0.00067764725602457705 -0.0030035733177977701 0.0013282760565056569 -0.00065265958654380602 -0.0004845827094585794 0.0012062538035281743 0.00020653760665162221 0.0021646874409016908 -5.4533192929713635e-05 0.0024037488958551759 -0.0021207974239646822 0.0025832142077268122 0.0013877799284502299 -0.0024017964878504197 -0.0020912617377582153 -0.001294661173462158 -0.00027563585318987106 -0.0014627758839620645 0.0013922060065973873 0.00025809606299070665 -0.00069694612178559327 0.0041055233586719062 -0.00034653913927937139 0.00047657124457662394 -0.00099978450108298921 0.00083634433219482583 -5.5924145237669685e-05 0.0013973251339430702 -0.0021477097403869477
leaf_weight=31387 2259 225902 8626 33101 19897 23989 3232 436424 12498 19407 9085 11309 2833 45920 8172 3482 92615 84509 8212 24748 4584 7281 3364 55622 37676 2250 23878 1035880 17923 15676
leaf_count=31387 2259 225902 8626 33101 19897 23989 3232 436424 12498 19407 9085 11309 2833 45920 8172 3482 92615 84509 8212 24748 4584 7281 3364 55622 37676 2250 23878 1035880 17923 15676
internal_value=-8.51417e-05 -0.000477039 -0.000759715 6.2812e-05 0.000265894 -0.000459345 5.77902e-05 0.000374621 0.00023469 0.00033916 2.75048e-06 -0.000184947 -0.000711951 0.000314297 -0.00137908 0.000854287 -0.000857091 -0.000182622 0.000979842 0.000672163 -8.82968e-05 0.000653343 0.00188964 5.07809e-05 0.000258875 0.00172786 0.000174386 -6.23955e-05 0.000642725 -0.0013119
internal_weight=2.31174e+06 633559 414485 1.67818e+06 640043 83440 219074 556603 187687 176283 115596 104261 405859 523502 11404 87078 318517 87342 60687 48189 23441 15229 7948 92952 41158 11335 47867 1.03814e+06 37330 35573
internal_count=2311741 633559 414485 1678182 640043 83440 219074 556603 187687 176283 115596 104261 405859 523502 11404 87078 318517 87342 60687 48189 23441 15229 7948 92952 41158 11335 47867 1038139 37330 35573
is_linear=0
shrinkage=0.05


Tree=127
num_leaves=31
num_cat=0
split_feature=2 6 6 6 0 2 5 2 0 2 5 4 6 3 2 0 5 5 0 2 4 3 3 6 5 4 6 5 4 5
split_gain=67.3764 22.8273 20.733 15.4179 20.2758 20.1248 12.8959 12.8483 12.747 12.7433 12.0441 10.7786 13.6793 12.1486 10.7778 10.2486 10.1299 13.1673 10.1127 10.5126 10.0675 9.81092 27.4264 15.6993 14.8424 10.7167 14.8494 10.555 10.2139 9.69712
threshold=-1.0000000180025095e-35 -1.1665030121803281 -1.418711185455322 2.1180415153503422 0.93649646639823925 0.0070250683929771194 0.50659930706024181 0.70640912652015697 -0.33049084246158594 -0.80266866087913502 -0.99973702430725087 0.13782754540443423 -0.63289123773574818 0.12410593405365945 -0.63574817776679982 -0.96378996968269337 0.30016371607780462 0.99949368834495556 0.29568283259868627 0.4794899076223374 -1.118361711502075 -1.0000000180025095e-35 -0.23616164922714231 0.17446003854274753 0.14154054969549182 0.51369524002075206 -0.63289123773574818 0.086516134440898909 3.3771767616271977 0.079257447272539153
decision_type=2 2 2 2 2 2 2 2 2 2 2 2 2 2 2 2 2 2 2 2 2 2 2 2 2 2 2 2 2 2
left_child=1 10 -2 5 16 21 8 18 9 11 -1 12 -3 29 20 -12 -5 -18 19 -7 -10 22 23 25 -25 27 -27 -4 -23 -13
right_child=2 6 3 4 -6 7 -8 -9 14 -11 15 13 -14 -15 -16 -17 17 -19 -20 -21 -22 28 -24 24 -26 26 -28 -29 -30 -31
leaf_value=-0.0032503787904747125 0.00053404281194594882 -0.00015098036659825853 -0.00030840421985976058 7.9874859870972969e-05 0.00077419337233754649 0.00050674461404698172 -0.0018289093680727026 8.4720903481101919e-05 -0.0021979015741097445 -0.0012805118767253076 -0.00096011512381865823 0.00051574183190334526 -0.001728531196415717 0.00097448335301570418 -0.00066991589694736673 5.4347162081363169e-05 -0.0012948978112307889 0.0010271723766166682 0.00086876815108422273 -0.000730344859217216 0.00039595887566097984 1.7885087131759197e-05 -0.0013213717732233161 0.0013612638673456585 -4.5031016099592969e-05 -0.0047556821300670828 -0.00090125044225789939 0.0031863277140985894 0.0029332675192011008 -0.00092589054828272604
leaf_weight=3016 223944 23448 102823 23892 24743 65888 25591 262502 4001 111623 28515 16273 33193 17896 78797 195695 71448 6668 136924 23216 55547 577599 55566 29739 50803 3024 14209 2197 3010 41133
leaf_count=3016 223944 23448 102823 23892 24743 65888 25591 262502 4001 111623 28515 16273 33193 17896 78797 195695 71448 6668 136924 23216 55547 577599 55566 29739 50803 3024 14209 2197 3010 41133
internal_value=-7.97588e-05 -0.000518559 8.62065e-05 1.72397e-05 -0.000509609 6.75473e-05 -0.000742461 0.000322665 -0.000669615 -0.000887314 -0.000117001 -0.0005546 -0.00107561 -0.000162617 -0.000286304 -7.47091e-05 -0.000821053 -0.00109658 0.000598989 0.000184376 0.000221339 -8.1009e-05 -0.000337321 -6.76386e-05 0.000474328 -0.000424704 -0.00157998 -0.000234999 3.30493e-05 -0.000517209
internal_weight=2.31292e+06 634728 1.6782e+06 1.45425e+06 126751 1.3275e+06 407502 488530 381911 243566 227226 131943 56641 75302 138345 224210 102008 78116 226028 89104 59548 838970 258361 202795 80542 122253 17233 105020 580609 57406
internal_count=2312923 634728 1678195 1454251 126751 1327500 407502 488530 381911 243566 227226 131943 56641 75302 138345 224210 102008 78116 226028 89104 59548 838970 258361 202795 80542 122253 17233 105020 580609 57406
is_linear=0
shrinkage=0.05


Tree=128
num_leaves=31
num_cat=0
split_feature=0 5 3 6 0 5 5 5 5 2 3 1 3 1 3 2 5 5 1 6 6 5 6 0 2 3 2 5 2 0
split_gain=60.6608 22.772 22.0346 19.6675 17.5218 15.4374 16.0077 13.1986 10.4273 9.97025 17.0155 14.7795 13.5673 12.0686 10.1316 10.6802 9.52913 9.59402 9.24517 9.2774 13.417 12.6131 10.2577 11.4812 18.6784 9.71709 8.92735 14.2307 8.78415 8.35242
threshold=-0.11992709338665007 -0.053139353170990937 0.17264124751091006 -0.95621511340141285 0.84808483719825756 0.32643555104732519 0.90860098600387584 -0.31893303990364069 -0.081182491034269319 -0.010075215715914963 -0.82140684127807606 -0.84513339400291432 0.024885206483304504 0.68453288078308117 -3.3704706430435176 -2.9747412204742427 -0.99973702430725087 -0.69134476780891407 0.28526677191257482 -0.98847517371177662 0.020673842169344429 -0.16640489548444745 0.41490690410137182 0.39535993337631231 1.0000000180025095e-35 1.6373389363288882 -0.13020373135805127 0.26606598496437078 2.9162305593490605 -0.92794615030288685
decision_type=2 2 2 2 2 2 2 2 2 2 2 2 2 2 2 2 2 2 2 2 2 2 2 2 2 2 2 2 2 2
left_child=5 2 3 16 26 9 -7 -4 -5 10 11 -1 -12 -14 -13 29 -2 -18 28 21 25 -20 -22 -24 -25 -21 27 -3 -9 -16
right_child=1 4 7 8 -6 6 -8 18 -10 -11 12 14 13 -15 15 -17 17 -19 19 20 22 -23 23 24 -26 -27 -28 -29 -30 -31
leaf_value=-0.0012884068924880745 -0.0013731038947128243 -9.4101564748619938e-05 0.0017082585212856228 -0.00052058370242156473 0.00037417636904923078 -0.0010633075031397533 0.00075850792295104139 4.9637636551131656e-05 0.00093226425886158812 -0.00012646812408308701 -0.0010621107024159817 0.0015625371268216165 -0.00017272720351058568 -0.0032803978794347871 -0.002602835155480833 8.5738978652349099e-05 0.0018966839539205722 0.00047697493117521237 0.00090898031902232872 0.0023125146673101103 -0.00080705500304629303 -0.0031290223129688288 -0.0017437911214487794 0.0054048082135535443 0.0003114573106735289 0.00027537959269463281 -7.2838557433997585e-05 -0.0015989376334943869 0.0032122909044749711 -0.00045542666267402117
leaf_weight=24116 6453 39507 39885 96648 228326 113111 13489 52687 14150 493186 138597 10151 89633 3227 6489 151609 12846 160298 5687 28030 10528 2918 2171 3023 4431 7402 509800 26074 2281 14951
leaf_count=24116 6453 39507 39885 96648 228326 113111 13489 52687 14150 493186 138597 10151 89633 3227 6489 151609 12846 160298 5687 28030 10528 2918 2171 3023 4431 7402 509800 26074 2281 14951
internal_value=-7.24329e-05 0.000162971 0.000447993 0.00018889 3.58187e-06 -0.000351108 -0.000869152 0.000921044 -0.000334973 -0.000280727 -0.000454109 -0.000125102 -0.000748782 -0.000281064 2.80942e-05 -6.20009e-05 0.000512075 0.00058241 0.000657423 0.00106493 0.00130141 -0.00046237 0.00027119 0.00145021 0.00238156 0.00188714 -0.000143484 -0.000692554 0.000181438 -0.00110627
internal_weight=2.3117e+06 1.25314e+06 449438 290395 803707 1.05856e+06 126600 159043 110798 931959 438773 207316 231457 92860 183200 173049 179597 173144 119158 64190 55585 8605 20153 9625 7454 35432 575381 65581 54968 21440
internal_count=2311704 1253145 449438 290395 803707 1058559 126600 159043 110798 931959 438773 207316 231457 92860 183200 173049 179597 173144 119158 64190 55585 8605 20153 9625 7454 35432 575381 65581 54968 21440
is_linear=0
shrinkage=0.05


Tree=129
num_leaves=31
num_cat=0
split_feature=2 2 6 6 3 1 2 4 2 6 4 1 2 4 0 4 1 6 3 4 4 1 1 6 0 6 1 4 4 3
split_gain=71.3106 26.385 23.014 19.6061 14.6619 14.0494 13.9126 12.0112 13.8356 12.1095 11.5279 30.2644 20.0035 11.5086 11.2682 10.401 10.3362 10.2121 9.8766 9.443 9.24576 9.15988 9.12773 9.25236 8.99858 8.97795 15.3399 10.9813 10.9834 11.6097
threshold=-0.010075215715914963 0.0070250683929771194 -1.8197378516197202 2.1180415153503422 -2.7096844911575313 -0.76014986634254444 0.31724874675273901 -1.7341502904891966 -0.15812592208385465 1.7901554107666018 1.4371486306190493 0.71194866299629223 4.1034111976623544 -2.0966054201126094 -0.021987888962030407 2.7179008722305302 -0.34254033863544459 -3.2605099678039546 0.19912461936473849 -0.54058068990707386 1.9413452148437502 -0.89558774232864369 0.7597898840904237 2.9265778064727788 0.94133356213569652 -1.5696938037872312 -0.37479929625988001 -1.6422768235206602 -2.3515261411666866 -0.74350348114967335
decision_type=2 2 2 2 2 2 2 2 2 2 2 2 2 2 2 2 2 2 2 2 2 2 2 2 2 2 2 2 2 2
left_child=2 4 5 6 16 -1 13 -4 9 14 22 12 -12 -3 -9 -13 21 -7 -11 -10 -16 -2 -5 -24 25 26 -6 28 -28 -30
right_child=1 3 7 10 24 17 -8 8 19 18 11 15 -14 -15 20 -17 -18 -19 -20 -21 -22 -23 23 -25 -26 -27 27 -29 29 -31
leaf_value=-0.0008963327678878539 -0.0032256108508037606 0.0036709726199368417 0.00028770631461377425 0.00056922323738230218 -0.00011194341429798305 0.002057326547290047 0.00033072119999046074 -0.00068543390351409128 -0.00034822240003419888 -0.0041139983426831846 -0.0024228431978592074 0.0017065629792951788 0.0026345677238907125 0.00084791760697789796 0.00015166628308868309 -0.0019625629492885945 -0.0047581618808218637 0.00022905564230753535 -0.0012754976212148003 -0.0018777581165217412 -0.0025309190635693186 -0.00035867845271696919 -0.0022524557223420976 0.00078609215810772229 0.00051522090839430405 -0.00012141088141445567 0.0001804775769203893 0.00060445158077775574 0.0061300674860853008 0.0020910298485862563
leaf_weight=27257 3633 3714 30754 34858 66821 8391 432242 321953 13520 3460 23189 10132 2127 119257 65353 2377 2108 84136 26455 39837 3368 11858 6613 4023 71386 850621 3784 30627 2678 5316
leaf_count=27257 3633 3714 30754 34858 66821 8391 432242 321953 13520 3460 23189 10132 2127 119257 65353 2377 2108 84136 26455 39837 3368 11858 6613 4023 71386 850621 3784 30627 2678 5316
internal_value=-6.54271e-05 0.00010351 -0.000521892 0.000356907 -5.07609e-05 0.000101152 0.000464235 -0.000669762 -0.000731896 -0.000635646 -0.000358269 -0.00100315 -0.00199706 0.000933472 -0.000561376 0.00100833 -0.00148137 0.000395061 -0.00160507 -0.00149033 1.98443e-05 -0.00103269 0.000178006 -0.00110349 -2.6332e-05 -6.66135e-05 0.000360105 0.0011038 0.00240068 0.00345008
internal_weight=2.31185e+06 1.68736e+06 624484 638532 1.04883e+06 119784 555213 504700 473946 420589 83319 37825 25316 122971 390674 12509 17599 92527 29915 53357 68721 15491 45494 10636 1.03123e+06 959847 109226 42405 11778 7994
internal_count=2311848 1687364 624484 638532 1048832 119784 555213 504700 473946 420589 83319 37825 25316 122971 390674 12509 17599 92527 29915 53357 68721 15491 45494 10636 1031233 959847 109226 42405 11778 7994
is_linear=0
shrinkage=0.05


end of trees

feature_importances:
Column_6=712
Column_5=655
Column_1=587
Column_0=538
Column_2=533
Column_4=490
Column_3=385

parameters:
[boosting: gbdt]
[objective: huber]
[metric: huber]
[tree_learner: serial]
[device_type: cpu]
[data_sample_strategy: bagging]
[data: ]
[valid: ]
[num_iterations: 130]
[learning_rate: 0.05]
[num_leaves: 31]
[num_threads: 8]
[seed: 0]
[deterministic: 1]
[force_col_wise: 0]
[force_row_wise: 0]
[histogram_pool_size: -1]
[max_depth: -1]
[min_data_in_leaf: 2000]
[min_sum_hessian_in_leaf: 0.001]
[bagging_fraction: 0.3]
[pos_bagging_fraction: 1]
[neg_bagging_fraction: 1]
[bagging_freq: 1]
[bagging_seed: 7719]
[bagging_by_query: 0]
[feature_fraction: 0.9]
[feature_fraction_bynode: 1]
[feature_fraction_seed: 2437]
[extra_trees: 0]
[extra_seed: 11797]
[early_stopping_round: 0]
[early_stopping_min_delta: 0]
[first_metric_only: 0]
[max_delta_step: 0]
[lambda_l1: 0]
[lambda_l2: 10]
[linear_lambda: 0]
[min_gain_to_split: 0]
[drop_rate: 0.1]
[max_drop: 50]
[skip_drop: 0.5]
[xgboost_dart_mode: 0]
[uniform_drop: 0]
[drop_seed: 21238]
[top_rate: 0.2]
[other_rate: 0.1]
[min_data_per_group: 100]
[max_cat_threshold: 32]
[cat_l2: 10]
[cat_smooth: 10]
[max_cat_to_onehot: 4]
[top_k: 20]
[monotone_constraints: ]
[monotone_constraints_method: basic]
[monotone_penalty: 0]
[feature_contri: ]
[forcedsplits_filename: ]
[refit_decay_rate: 0.9]
[cegb_tradeoff: 1]
[cegb_penalty_split: 0]
[cegb_penalty_feature_lazy: ]
[cegb_penalty_feature_coupled: ]
[path_smooth: 0]
[interaction_constraints: ]
[verbosity: -1]
[saved_feature_importance_type: 0]
[use_quantized_grad: 0]
[num_grad_quant_bins: 4]
[quant_train_renew_leaf: 0]
[stochastic_rounding: 1]
[linear_tree: 0]
[max_bin: 255]
[max_bin_by_feature: ]
[min_data_in_bin: 3]
[bin_construct_sample_cnt: 200000]
[data_random_seed: 38]
[is_enable_sparse: 1]
[enable_bundle: 1]
[use_missing: 1]
[zero_as_missing: 0]
[feature_pre_filter: 1]
[pre_partition: 0]
[two_round: 0]
[header: 0]
[label_column: ]
[weight_column: ]
[group_column: ]
[ignore_column: ]
[categorical_feature: ]
[forcedbins_filename: ]
[precise_float_parser: 0]
[parser_config_file: ]
[objective_seed: 8855]
[num_class: 1]
[is_unbalance: 0]
[scale_pos_weight: 1]
[sigmoid: 1]
[boost_from_average: 1]
[reg_sqrt: 0]
[alpha: 0.9]
[fair_c: 1]
[poisson_max_delta_step: 0.7]
[tweedie_variance_power: 1.5]
[lambdarank_truncation_level: 30]
[lambdarank_norm: 1]
[label_gain: ]
[lambdarank_position_bias_regularization: 0]
[eval_at: ]
[multi_error_top_k: 1]
[auc_mu_weights: ]
[num_machines: 1]
[local_listen_port: 12400]
[time_out: 120]
[machine_list_filename: ]
[machines: ]
[gpu_platform_id: -1]
[gpu_device_id: -1]
[gpu_device_id_list: ]
[gpu_use_dp: 0]
[num_gpu: 1]

end of parameters

pandas_categorical:null
